,Unnamed: 0,participant,sample_id,score,language_choice:1,proficiency_question:1,frequency_question:1,chooserandom:1,model,source_lang,type,sent_id,phone_sim,same_big_family,sent_similarity
0,0,s.83d1c8da-775e-47c5-b876-c24e689effb5.txt,CSS10_nl_fy_mapped_1804:2,100.0,1,1.0,1.0,1.0,CSS10_nl_fy_mapped,nl,mapped,1804,0.7360212295121642,True,0.8053311343638968
1,1,s.8f012b11-e164-4463-89d6-76ac05df7d4f.txt,CSS10_nl_fy_mapped_1804:2,68.0,1,1.0,1.0,1.0,CSS10_nl_fy_mapped,nl,mapped,1804,0.7360212295121642,True,0.8053311343638968
2,2,s.b8c69f87-7635-426b-b138-7210e7dad9ba.txt,CSS10_nl_fy_mapped_1804:2,80.0,1,1.0,1.0,1.0,CSS10_nl_fy_mapped,nl,mapped,1804,0.7360212295121642,True,0.8053311343638968
3,3,s.b67dc388-03b9-4cc5-aaf5-1b6b03cc47d6.txt,CSS10_nl_fy_mapped_1804:2,96.0,1,1.0,1.0,1.0,CSS10_nl_fy_mapped,nl,mapped,1804,0.7360212295121642,True,0.8053311343638968
4,4,s.6930d8e3-ee74-4ee7-b66e-858a663351b5.txt,CSS10_nl_fy_mapped_1804:2,75.0,1,1.0,1.0,1.0,CSS10_nl_fy_mapped,nl,mapped,1804,0.7360212295121642,True,0.8053311343638968
5,5,s.e19d792d-c790-484d-a173-73533520cf42.txt,CSS10_nl_fy_mapped_1804:2,62.0,1,1.0,1.0,1.0,CSS10_nl_fy_mapped,nl,mapped,1804,0.7360212295121642,True,0.8053311343638968
6,6,s.ff5943a7-8e9e-4ae1-9e43-076dc4780731.txt,CSS10_nl_fy_mapped_1804:2,24.0,1,1.0,1.0,1.0,CSS10_nl_fy_mapped,nl,mapped,1804,0.7360212295121642,True,0.8053311343638968
7,7,s.033b1921-c23f-46c7-a0d6-1b10799225aa.txt,CSS10_nl_fy_mapped_1804:2,57.0,2,2.0,2.0,1.0,CSS10_nl_fy_mapped,nl,mapped,1804,0.7360212295121642,True,0.8053311343638968
8,8,s.5cbe2346-dad6-4a38-9f89-f0b7990ecfcd.txt,CSS10_nl_fy_mapped_1804:2,40.0,2,1.0,1.0,1.0,CSS10_nl_fy_mapped,nl,mapped,1804,0.7360212295121642,True,0.8053311343638968
9,9,s.bcd85a77-03e1-459a-b454-ccdc52fc928b.txt,CSS10_nl_fy_mapped_1804:2,44.0,2,1.0,2.0,1.0,CSS10_nl_fy_mapped,nl,mapped,1804,0.7360212295121642,True,0.8053311343638968
10,10,s.83d1c8da-775e-47c5-b876-c24e689effb5.txt,CSS10_nl_fy_separate_1804:2,92.0,1,1.0,1.0,1.0,CSS10_nl_fy_separate,nl,separate,1804,0.7360212295121642,True,0.8053311343638968
11,11,s.8f012b11-e164-4463-89d6-76ac05df7d4f.txt,CSS10_nl_fy_separate_1804:2,37.0,1,1.0,1.0,1.0,CSS10_nl_fy_separate,nl,separate,1804,0.7360212295121642,True,0.8053311343638968
12,12,s.b8c69f87-7635-426b-b138-7210e7dad9ba.txt,CSS10_nl_fy_separate_1804:2,40.0,1,1.0,1.0,1.0,CSS10_nl_fy_separate,nl,separate,1804,0.7360212295121642,True,0.8053311343638968
13,13,s.b67dc388-03b9-4cc5-aaf5-1b6b03cc47d6.txt,CSS10_nl_fy_separate_1804:2,50.0,1,1.0,1.0,1.0,CSS10_nl_fy_separate,nl,separate,1804,0.7360212295121642,True,0.8053311343638968
14,14,s.6930d8e3-ee74-4ee7-b66e-858a663351b5.txt,CSS10_nl_fy_separate_1804:2,10.0,1,1.0,1.0,1.0,CSS10_nl_fy_separate,nl,separate,1804,0.7360212295121642,True,0.8053311343638968
15,15,s.e19d792d-c790-484d-a173-73533520cf42.txt,CSS10_nl_fy_separate_1804:2,27.0,1,1.0,1.0,1.0,CSS10_nl_fy_separate,nl,separate,1804,0.7360212295121642,True,0.8053311343638968
16,16,s.ff5943a7-8e9e-4ae1-9e43-076dc4780731.txt,CSS10_nl_fy_separate_1804:2,20.0,1,1.0,1.0,1.0,CSS10_nl_fy_separate,nl,separate,1804,0.7360212295121642,True,0.8053311343638968
17,17,s.033b1921-c23f-46c7-a0d6-1b10799225aa.txt,CSS10_nl_fy_separate_1804:2,26.0,2,2.0,2.0,1.0,CSS10_nl_fy_separate,nl,separate,1804,0.7360212295121642,True,0.8053311343638968
18,18,s.5cbe2346-dad6-4a38-9f89-f0b7990ecfcd.txt,CSS10_nl_fy_separate_1804:2,18.0,2,1.0,1.0,1.0,CSS10_nl_fy_separate,nl,separate,1804,0.7360212295121642,True,0.8053311343638968
19,19,s.bcd85a77-03e1-459a-b454-ccdc52fc928b.txt,CSS10_nl_fy_separate_1804:2,59.0,2,1.0,2.0,1.0,CSS10_nl_fy_separate,nl,separate,1804,0.7360212295121642,True,0.8053311343638968
20,20,s.83d1c8da-775e-47c5-b876-c24e689effb5.txt,CSS10_fi_fy_mapped_1804:2,92.0,1,1.0,1.0,1.0,CSS10_fi_fy_mapped,fi,mapped,1804,0.4712875776700755,False,0.5876608162953032
21,21,s.8f012b11-e164-4463-89d6-76ac05df7d4f.txt,CSS10_fi_fy_mapped_1804:2,50.0,1,1.0,1.0,1.0,CSS10_fi_fy_mapped,fi,mapped,1804,0.4712875776700755,False,0.5876608162953032
22,22,s.b8c69f87-7635-426b-b138-7210e7dad9ba.txt,CSS10_fi_fy_mapped_1804:2,50.0,1,1.0,1.0,1.0,CSS10_fi_fy_mapped,fi,mapped,1804,0.4712875776700755,False,0.5876608162953032
23,23,s.b67dc388-03b9-4cc5-aaf5-1b6b03cc47d6.txt,CSS10_fi_fy_mapped_1804:2,1.0,1,1.0,1.0,1.0,CSS10_fi_fy_mapped,fi,mapped,1804,0.4712875776700755,False,0.5876608162953032
24,24,s.6930d8e3-ee74-4ee7-b66e-858a663351b5.txt,CSS10_fi_fy_mapped_1804:2,15.0,1,1.0,1.0,1.0,CSS10_fi_fy_mapped,fi,mapped,1804,0.4712875776700755,False,0.5876608162953032
25,25,s.e19d792d-c790-484d-a173-73533520cf42.txt,CSS10_fi_fy_mapped_1804:2,50.0,1,1.0,1.0,1.0,CSS10_fi_fy_mapped,fi,mapped,1804,0.4712875776700755,False,0.5876608162953032
26,26,s.ff5943a7-8e9e-4ae1-9e43-076dc4780731.txt,CSS10_fi_fy_mapped_1804:2,17.0,1,1.0,1.0,1.0,CSS10_fi_fy_mapped,fi,mapped,1804,0.4712875776700755,False,0.5876608162953032
27,27,s.033b1921-c23f-46c7-a0d6-1b10799225aa.txt,CSS10_fi_fy_mapped_1804:2,49.0,2,2.0,2.0,1.0,CSS10_fi_fy_mapped,fi,mapped,1804,0.4712875776700755,False,0.5876608162953032
28,28,s.5cbe2346-dad6-4a38-9f89-f0b7990ecfcd.txt,CSS10_fi_fy_mapped_1804:2,18.0,2,1.0,1.0,1.0,CSS10_fi_fy_mapped,fi,mapped,1804,0.4712875776700755,False,0.5876608162953032
29,29,s.bcd85a77-03e1-459a-b454-ccdc52fc928b.txt,CSS10_fi_fy_mapped_1804:2,39.0,2,1.0,2.0,1.0,CSS10_fi_fy_mapped,fi,mapped,1804,0.4712875776700755,False,0.5876608162953032
30,30,s.83d1c8da-775e-47c5-b876-c24e689effb5.txt,CSS10_fi_fy_separate_1804:2,85.0,1,1.0,1.0,1.0,CSS10_fi_fy_separate,fi,separate,1804,0.4712875776700755,False,0.5876608162953032
31,31,s.8f012b11-e164-4463-89d6-76ac05df7d4f.txt,CSS10_fi_fy_separate_1804:2,35.0,1,1.0,1.0,1.0,CSS10_fi_fy_separate,fi,separate,1804,0.4712875776700755,False,0.5876608162953032
32,32,s.b8c69f87-7635-426b-b138-7210e7dad9ba.txt,CSS10_fi_fy_separate_1804:2,2.0,1,1.0,1.0,1.0,CSS10_fi_fy_separate,fi,separate,1804,0.4712875776700755,False,0.5876608162953032
33,33,s.b67dc388-03b9-4cc5-aaf5-1b6b03cc47d6.txt,CSS10_fi_fy_separate_1804:2,2.0,1,1.0,1.0,1.0,CSS10_fi_fy_separate,fi,separate,1804,0.4712875776700755,False,0.5876608162953032
34,34,s.6930d8e3-ee74-4ee7-b66e-858a663351b5.txt,CSS10_fi_fy_separate_1804:2,50.0,1,1.0,1.0,1.0,CSS10_fi_fy_separate,fi,separate,1804,0.4712875776700755,False,0.5876608162953032
35,35,s.e19d792d-c790-484d-a173-73533520cf42.txt,CSS10_fi_fy_separate_1804:2,24.0,1,1.0,1.0,1.0,CSS10_fi_fy_separate,fi,separate,1804,0.4712875776700755,False,0.5876608162953032
36,36,s.ff5943a7-8e9e-4ae1-9e43-076dc4780731.txt,CSS10_fi_fy_separate_1804:2,39.0,1,1.0,1.0,1.0,CSS10_fi_fy_separate,fi,separate,1804,0.4712875776700755,False,0.5876608162953032
37,37,s.033b1921-c23f-46c7-a0d6-1b10799225aa.txt,CSS10_fi_fy_separate_1804:2,40.0,2,2.0,2.0,1.0,CSS10_fi_fy_separate,fi,separate,1804,0.4712875776700755,False,0.5876608162953032
38,38,s.5cbe2346-dad6-4a38-9f89-f0b7990ecfcd.txt,CSS10_fi_fy_separate_1804:2,20.0,2,1.0,1.0,1.0,CSS10_fi_fy_separate,fi,separate,1804,0.4712875776700755,False,0.5876608162953032
39,39,s.bcd85a77-03e1-459a-b454-ccdc52fc928b.txt,CSS10_fi_fy_separate_1804:2,63.0,2,1.0,2.0,1.0,CSS10_fi_fy_separate,fi,separate,1804,0.4712875776700755,False,0.5876608162953032
40,40,s.83d1c8da-775e-47c5-b876-c24e689effb5.txt,CSS10_es_ES_fy_mapped_1804:2,77.0,1,1.0,1.0,1.0,CSS10_es_ES_fy_mapped,es,mapped,1804,0.3556332899614416,True,0.5586946680207892
41,41,s.8f012b11-e164-4463-89d6-76ac05df7d4f.txt,CSS10_es_ES_fy_mapped_1804:2,35.0,1,1.0,1.0,1.0,CSS10_es_ES_fy_mapped,es,mapped,1804,0.3556332899614416,True,0.5586946680207892
42,42,s.b8c69f87-7635-426b-b138-7210e7dad9ba.txt,CSS10_es_ES_fy_mapped_1804:2,2.0,1,1.0,1.0,1.0,CSS10_es_ES_fy_mapped,es,mapped,1804,0.3556332899614416,True,0.5586946680207892
43,43,s.b67dc388-03b9-4cc5-aaf5-1b6b03cc47d6.txt,CSS10_es_ES_fy_mapped_1804:2,1.0,1,1.0,1.0,1.0,CSS10_es_ES_fy_mapped,es,mapped,1804,0.3556332899614416,True,0.5586946680207892
44,44,s.6930d8e3-ee74-4ee7-b66e-858a663351b5.txt,CSS10_es_ES_fy_mapped_1804:2,34.0,1,1.0,1.0,1.0,CSS10_es_ES_fy_mapped,es,mapped,1804,0.3556332899614416,True,0.5586946680207892
45,45,s.e19d792d-c790-484d-a173-73533520cf42.txt,CSS10_es_ES_fy_mapped_1804:2,94.0,1,1.0,1.0,1.0,CSS10_es_ES_fy_mapped,es,mapped,1804,0.3556332899614416,True,0.5586946680207892
46,46,s.ff5943a7-8e9e-4ae1-9e43-076dc4780731.txt,CSS10_es_ES_fy_mapped_1804:2,17.0,1,1.0,1.0,1.0,CSS10_es_ES_fy_mapped,es,mapped,1804,0.3556332899614416,True,0.5586946680207892
47,47,s.033b1921-c23f-46c7-a0d6-1b10799225aa.txt,CSS10_es_ES_fy_mapped_1804:2,47.0,2,2.0,2.0,1.0,CSS10_es_ES_fy_mapped,es,mapped,1804,0.3556332899614416,True,0.5586946680207892
48,48,s.5cbe2346-dad6-4a38-9f89-f0b7990ecfcd.txt,CSS10_es_ES_fy_mapped_1804:2,13.0,2,1.0,1.0,1.0,CSS10_es_ES_fy_mapped,es,mapped,1804,0.3556332899614416,True,0.5586946680207892
49,49,s.bcd85a77-03e1-459a-b454-ccdc52fc928b.txt,CSS10_es_ES_fy_mapped_1804:2,55.0,2,1.0,2.0,1.0,CSS10_es_ES_fy_mapped,es,mapped,1804,0.3556332899614416,True,0.5586946680207892
50,50,s.83d1c8da-775e-47c5-b876-c24e689effb5.txt,CSS10_es_ES_fy_separate_1804:2,98.0,1,1.0,1.0,1.0,CSS10_es_ES_fy_separate,es,separate,1804,0.3556332899614416,True,0.5586946680207892
51,51,s.8f012b11-e164-4463-89d6-76ac05df7d4f.txt,CSS10_es_ES_fy_separate_1804:2,33.0,1,1.0,1.0,1.0,CSS10_es_ES_fy_separate,es,separate,1804,0.3556332899614416,True,0.5586946680207892
52,52,s.b8c69f87-7635-426b-b138-7210e7dad9ba.txt,CSS10_es_ES_fy_separate_1804:2,15.0,1,1.0,1.0,1.0,CSS10_es_ES_fy_separate,es,separate,1804,0.3556332899614416,True,0.5586946680207892
53,53,s.b67dc388-03b9-4cc5-aaf5-1b6b03cc47d6.txt,CSS10_es_ES_fy_separate_1804:2,0.0,1,1.0,1.0,1.0,CSS10_es_ES_fy_separate,es,separate,1804,0.3556332899614416,True,0.5586946680207892
54,54,s.6930d8e3-ee74-4ee7-b66e-858a663351b5.txt,CSS10_es_ES_fy_separate_1804:2,25.0,1,1.0,1.0,1.0,CSS10_es_ES_fy_separate,es,separate,1804,0.3556332899614416,True,0.5586946680207892
55,55,s.e19d792d-c790-484d-a173-73533520cf42.txt,CSS10_es_ES_fy_separate_1804:2,93.0,1,1.0,1.0,1.0,CSS10_es_ES_fy_separate,es,separate,1804,0.3556332899614416,True,0.5586946680207892
56,56,s.ff5943a7-8e9e-4ae1-9e43-076dc4780731.txt,CSS10_es_ES_fy_separate_1804:2,27.0,1,1.0,1.0,1.0,CSS10_es_ES_fy_separate,es,separate,1804,0.3556332899614416,True,0.5586946680207892
57,57,s.033b1921-c23f-46c7-a0d6-1b10799225aa.txt,CSS10_es_ES_fy_separate_1804:2,51.0,2,2.0,2.0,1.0,CSS10_es_ES_fy_separate,es,separate,1804,0.3556332899614416,True,0.5586946680207892
58,58,s.5cbe2346-dad6-4a38-9f89-f0b7990ecfcd.txt,CSS10_es_ES_fy_separate_1804:2,23.0,2,1.0,1.0,1.0,CSS10_es_ES_fy_separate,es,separate,1804,0.3556332899614416,True,0.5586946680207892
59,59,s.bcd85a77-03e1-459a-b454-ccdc52fc928b.txt,CSS10_es_ES_fy_separate_1804:2,65.0,2,1.0,2.0,1.0,CSS10_es_ES_fy_separate,es,separate,1804,0.3556332899614416,True,0.5586946680207892
60,60,s.83d1c8da-775e-47c5-b876-c24e689effb5.txt,CSS10_fr_FR_fy_mapped_1804:2,75.0,1,1.0,1.0,1.0,CSS10_fr_FR_fy_mapped,fr,mapped,1804,0.3858417708035707,True,0.5476107343340918
61,61,s.8f012b11-e164-4463-89d6-76ac05df7d4f.txt,CSS10_fr_FR_fy_mapped_1804:2,20.0,1,1.0,1.0,1.0,CSS10_fr_FR_fy_mapped,fr,mapped,1804,0.3858417708035707,True,0.5476107343340918
62,62,s.b8c69f87-7635-426b-b138-7210e7dad9ba.txt,CSS10_fr_FR_fy_mapped_1804:2,3.0,1,1.0,1.0,1.0,CSS10_fr_FR_fy_mapped,fr,mapped,1804,0.3858417708035707,True,0.5476107343340918
63,63,s.b67dc388-03b9-4cc5-aaf5-1b6b03cc47d6.txt,CSS10_fr_FR_fy_mapped_1804:2,2.0,1,1.0,1.0,1.0,CSS10_fr_FR_fy_mapped,fr,mapped,1804,0.3858417708035707,True,0.5476107343340918
64,64,s.6930d8e3-ee74-4ee7-b66e-858a663351b5.txt,CSS10_fr_FR_fy_mapped_1804:2,15.0,1,1.0,1.0,1.0,CSS10_fr_FR_fy_mapped,fr,mapped,1804,0.3858417708035707,True,0.5476107343340918
65,65,s.e19d792d-c790-484d-a173-73533520cf42.txt,CSS10_fr_FR_fy_mapped_1804:2,7.0,1,1.0,1.0,1.0,CSS10_fr_FR_fy_mapped,fr,mapped,1804,0.3858417708035707,True,0.5476107343340918
66,66,s.ff5943a7-8e9e-4ae1-9e43-076dc4780731.txt,CSS10_fr_FR_fy_mapped_1804:2,16.0,1,1.0,1.0,1.0,CSS10_fr_FR_fy_mapped,fr,mapped,1804,0.3858417708035707,True,0.5476107343340918
67,67,s.033b1921-c23f-46c7-a0d6-1b10799225aa.txt,CSS10_fr_FR_fy_mapped_1804:2,27.0,2,2.0,2.0,1.0,CSS10_fr_FR_fy_mapped,fr,mapped,1804,0.3858417708035707,True,0.5476107343340918
68,68,s.5cbe2346-dad6-4a38-9f89-f0b7990ecfcd.txt,CSS10_fr_FR_fy_mapped_1804:2,7.0,2,1.0,1.0,1.0,CSS10_fr_FR_fy_mapped,fr,mapped,1804,0.3858417708035707,True,0.5476107343340918
69,69,s.bcd85a77-03e1-459a-b454-ccdc52fc928b.txt,CSS10_fr_FR_fy_mapped_1804:2,75.0,2,1.0,2.0,1.0,CSS10_fr_FR_fy_mapped,fr,mapped,1804,0.3858417708035707,True,0.5476107343340918
70,70,s.83d1c8da-775e-47c5-b876-c24e689effb5.txt,CSS10_fr_FR_fy_separate_1804:2,98.0,1,1.0,1.0,1.0,CSS10_fr_FR_fy_separate,fr,separate,1804,0.3858417708035707,True,0.5476107343340918
71,71,s.8f012b11-e164-4463-89d6-76ac05df7d4f.txt,CSS10_fr_FR_fy_separate_1804:2,57.0,1,1.0,1.0,1.0,CSS10_fr_FR_fy_separate,fr,separate,1804,0.3858417708035707,True,0.5476107343340918
72,72,s.b8c69f87-7635-426b-b138-7210e7dad9ba.txt,CSS10_fr_FR_fy_separate_1804:2,4.0,1,1.0,1.0,1.0,CSS10_fr_FR_fy_separate,fr,separate,1804,0.3858417708035707,True,0.5476107343340918
73,73,s.b67dc388-03b9-4cc5-aaf5-1b6b03cc47d6.txt,CSS10_fr_FR_fy_separate_1804:2,49.0,1,1.0,1.0,1.0,CSS10_fr_FR_fy_separate,fr,separate,1804,0.3858417708035707,True,0.5476107343340918
74,74,s.6930d8e3-ee74-4ee7-b66e-858a663351b5.txt,CSS10_fr_FR_fy_separate_1804:2,25.0,1,1.0,1.0,1.0,CSS10_fr_FR_fy_separate,fr,separate,1804,0.3858417708035707,True,0.5476107343340918
75,75,s.e19d792d-c790-484d-a173-73533520cf42.txt,CSS10_fr_FR_fy_separate_1804:2,52.0,1,1.0,1.0,1.0,CSS10_fr_FR_fy_separate,fr,separate,1804,0.3858417708035707,True,0.5476107343340918
76,76,s.ff5943a7-8e9e-4ae1-9e43-076dc4780731.txt,CSS10_fr_FR_fy_separate_1804:2,20.0,1,1.0,1.0,1.0,CSS10_fr_FR_fy_separate,fr,separate,1804,0.3858417708035707,True,0.5476107343340918
77,77,s.033b1921-c23f-46c7-a0d6-1b10799225aa.txt,CSS10_fr_FR_fy_separate_1804:2,53.0,2,2.0,2.0,1.0,CSS10_fr_FR_fy_separate,fr,separate,1804,0.3858417708035707,True,0.5476107343340918
78,78,s.5cbe2346-dad6-4a38-9f89-f0b7990ecfcd.txt,CSS10_fr_FR_fy_separate_1804:2,19.0,2,1.0,1.0,1.0,CSS10_fr_FR_fy_separate,fr,separate,1804,0.3858417708035707,True,0.5476107343340918
79,79,s.bcd85a77-03e1-459a-b454-ccdc52fc928b.txt,CSS10_fr_FR_fy_separate_1804:2,56.0,2,1.0,2.0,1.0,CSS10_fr_FR_fy_separate,fr,separate,1804,0.3858417708035707,True,0.5476107343340918
80,80,s.83d1c8da-775e-47c5-b876-c24e689effb5.txt,CSS10_ja_fy_mapped_1804:2,70.0,1,1.0,1.0,1.0,CSS10_ja_fy_mapped,ja,mapped,1804,0.3376253301286601,False,0.505421986762951
81,81,s.8f012b11-e164-4463-89d6-76ac05df7d4f.txt,CSS10_ja_fy_mapped_1804:2,20.0,1,1.0,1.0,1.0,CSS10_ja_fy_mapped,ja,mapped,1804,0.3376253301286601,False,0.505421986762951
82,82,s.b8c69f87-7635-426b-b138-7210e7dad9ba.txt,CSS10_ja_fy_mapped_1804:2,30.0,1,1.0,1.0,1.0,CSS10_ja_fy_mapped,ja,mapped,1804,0.3376253301286601,False,0.505421986762951
83,83,s.b67dc388-03b9-4cc5-aaf5-1b6b03cc47d6.txt,CSS10_ja_fy_mapped_1804:2,0.0,1,1.0,1.0,1.0,CSS10_ja_fy_mapped,ja,mapped,1804,0.3376253301286601,False,0.505421986762951
84,84,s.6930d8e3-ee74-4ee7-b66e-858a663351b5.txt,CSS10_ja_fy_mapped_1804:2,0.0,1,1.0,1.0,1.0,CSS10_ja_fy_mapped,ja,mapped,1804,0.3376253301286601,False,0.505421986762951
85,85,s.e19d792d-c790-484d-a173-73533520cf42.txt,CSS10_ja_fy_mapped_1804:2,11.0,1,1.0,1.0,1.0,CSS10_ja_fy_mapped,ja,mapped,1804,0.3376253301286601,False,0.505421986762951
86,86,s.ff5943a7-8e9e-4ae1-9e43-076dc4780731.txt,CSS10_ja_fy_mapped_1804:2,18.0,1,1.0,1.0,1.0,CSS10_ja_fy_mapped,ja,mapped,1804,0.3376253301286601,False,0.505421986762951
87,87,s.033b1921-c23f-46c7-a0d6-1b10799225aa.txt,CSS10_ja_fy_mapped_1804:2,61.0,2,2.0,2.0,1.0,CSS10_ja_fy_mapped,ja,mapped,1804,0.3376253301286601,False,0.505421986762951
88,88,s.5cbe2346-dad6-4a38-9f89-f0b7990ecfcd.txt,CSS10_ja_fy_mapped_1804:2,2.0,2,1.0,1.0,1.0,CSS10_ja_fy_mapped,ja,mapped,1804,0.3376253301286601,False,0.505421986762951
89,89,s.bcd85a77-03e1-459a-b454-ccdc52fc928b.txt,CSS10_ja_fy_mapped_1804:2,28.0,2,1.0,2.0,1.0,CSS10_ja_fy_mapped,ja,mapped,1804,0.3376253301286601,False,0.505421986762951
90,90,s.83d1c8da-775e-47c5-b876-c24e689effb5.txt,CSS10_ja_fy_separate_1804:2,98.0,1,1.0,1.0,1.0,CSS10_ja_fy_separate,ja,separate,1804,0.3376253301286601,False,0.505421986762951
91,91,s.8f012b11-e164-4463-89d6-76ac05df7d4f.txt,CSS10_ja_fy_separate_1804:2,35.0,1,1.0,1.0,1.0,CSS10_ja_fy_separate,ja,separate,1804,0.3376253301286601,False,0.505421986762951
92,92,s.b8c69f87-7635-426b-b138-7210e7dad9ba.txt,CSS10_ja_fy_separate_1804:2,3.0,1,1.0,1.0,1.0,CSS10_ja_fy_separate,ja,separate,1804,0.3376253301286601,False,0.505421986762951
93,93,s.b67dc388-03b9-4cc5-aaf5-1b6b03cc47d6.txt,CSS10_ja_fy_separate_1804:2,1.0,1,1.0,1.0,1.0,CSS10_ja_fy_separate,ja,separate,1804,0.3376253301286601,False,0.505421986762951
94,94,s.6930d8e3-ee74-4ee7-b66e-858a663351b5.txt,CSS10_ja_fy_separate_1804:2,10.0,1,1.0,1.0,1.0,CSS10_ja_fy_separate,ja,separate,1804,0.3376253301286601,False,0.505421986762951
95,95,s.e19d792d-c790-484d-a173-73533520cf42.txt,CSS10_ja_fy_separate_1804:2,9.0,1,1.0,1.0,1.0,CSS10_ja_fy_separate,ja,separate,1804,0.3376253301286601,False,0.505421986762951
96,96,s.ff5943a7-8e9e-4ae1-9e43-076dc4780731.txt,CSS10_ja_fy_separate_1804:2,16.0,1,1.0,1.0,1.0,CSS10_ja_fy_separate,ja,separate,1804,0.3376253301286601,False,0.505421986762951
97,97,s.033b1921-c23f-46c7-a0d6-1b10799225aa.txt,CSS10_ja_fy_separate_1804:2,23.0,2,2.0,2.0,1.0,CSS10_ja_fy_separate,ja,separate,1804,0.3376253301286601,False,0.505421986762951
98,98,s.5cbe2346-dad6-4a38-9f89-f0b7990ecfcd.txt,CSS10_ja_fy_separate_1804:2,14.0,2,1.0,1.0,1.0,CSS10_ja_fy_separate,ja,separate,1804,0.3376253301286601,False,0.505421986762951
99,99,s.bcd85a77-03e1-459a-b454-ccdc52fc928b.txt,CSS10_ja_fy_separate_1804:2,69.0,2,1.0,2.0,1.0,CSS10_ja_fy_separate,ja,separate,1804,0.3376253301286601,False,0.505421986762951
100,110,s.83d1c8da-775e-47c5-b876-c24e689effb5.txt,CSS10_nl_fy_mapped_3007:2,78.0,1,1.0,1.0,1.0,CSS10_nl_fy_mapped,nl,mapped,3007,0.7360212295121642,True,0.8499249499212582
101,111,s.8f012b11-e164-4463-89d6-76ac05df7d4f.txt,CSS10_nl_fy_mapped_3007:2,6.0,1,1.0,1.0,1.0,CSS10_nl_fy_mapped,nl,mapped,3007,0.7360212295121642,True,0.8499249499212582
102,112,s.b8c69f87-7635-426b-b138-7210e7dad9ba.txt,CSS10_nl_fy_mapped_3007:2,10.0,1,1.0,1.0,1.0,CSS10_nl_fy_mapped,nl,mapped,3007,0.7360212295121642,True,0.8499249499212582
103,113,s.b67dc388-03b9-4cc5-aaf5-1b6b03cc47d6.txt,CSS10_nl_fy_mapped_3007:2,2.0,1,1.0,1.0,1.0,CSS10_nl_fy_mapped,nl,mapped,3007,0.7360212295121642,True,0.8499249499212582
104,114,s.6930d8e3-ee74-4ee7-b66e-858a663351b5.txt,CSS10_nl_fy_mapped_3007:2,5.0,1,1.0,1.0,1.0,CSS10_nl_fy_mapped,nl,mapped,3007,0.7360212295121642,True,0.8499249499212582
105,115,s.e19d792d-c790-484d-a173-73533520cf42.txt,CSS10_nl_fy_mapped_3007:2,33.0,1,1.0,1.0,1.0,CSS10_nl_fy_mapped,nl,mapped,3007,0.7360212295121642,True,0.8499249499212582
106,116,s.ff5943a7-8e9e-4ae1-9e43-076dc4780731.txt,CSS10_nl_fy_mapped_3007:2,4.0,1,1.0,1.0,1.0,CSS10_nl_fy_mapped,nl,mapped,3007,0.7360212295121642,True,0.8499249499212582
107,117,s.033b1921-c23f-46c7-a0d6-1b10799225aa.txt,CSS10_nl_fy_mapped_3007:2,58.0,2,2.0,2.0,1.0,CSS10_nl_fy_mapped,nl,mapped,3007,0.7360212295121642,True,0.8499249499212582
108,118,s.5cbe2346-dad6-4a38-9f89-f0b7990ecfcd.txt,CSS10_nl_fy_mapped_3007:2,8.0,2,1.0,1.0,1.0,CSS10_nl_fy_mapped,nl,mapped,3007,0.7360212295121642,True,0.8499249499212582
109,119,s.bcd85a77-03e1-459a-b454-ccdc52fc928b.txt,CSS10_nl_fy_mapped_3007:2,37.0,2,1.0,2.0,1.0,CSS10_nl_fy_mapped,nl,mapped,3007,0.7360212295121642,True,0.8499249499212582
110,120,s.83d1c8da-775e-47c5-b876-c24e689effb5.txt,CSS10_nl_fy_separate_3007:2,70.0,1,1.0,1.0,1.0,CSS10_nl_fy_separate,nl,separate,3007,0.7360212295121642,True,0.8499249499212582
111,121,s.8f012b11-e164-4463-89d6-76ac05df7d4f.txt,CSS10_nl_fy_separate_3007:2,11.0,1,1.0,1.0,1.0,CSS10_nl_fy_separate,nl,separate,3007,0.7360212295121642,True,0.8499249499212582
112,122,s.b8c69f87-7635-426b-b138-7210e7dad9ba.txt,CSS10_nl_fy_separate_3007:2,75.0,1,1.0,1.0,1.0,CSS10_nl_fy_separate,nl,separate,3007,0.7360212295121642,True,0.8499249499212582
113,123,s.b67dc388-03b9-4cc5-aaf5-1b6b03cc47d6.txt,CSS10_nl_fy_separate_3007:2,20.0,1,1.0,1.0,1.0,CSS10_nl_fy_separate,nl,separate,3007,0.7360212295121642,True,0.8499249499212582
114,124,s.6930d8e3-ee74-4ee7-b66e-858a663351b5.txt,CSS10_nl_fy_separate_3007:2,5.0,1,1.0,1.0,1.0,CSS10_nl_fy_separate,nl,separate,3007,0.7360212295121642,True,0.8499249499212582
115,125,s.e19d792d-c790-484d-a173-73533520cf42.txt,CSS10_nl_fy_separate_3007:2,86.0,1,1.0,1.0,1.0,CSS10_nl_fy_separate,nl,separate,3007,0.7360212295121642,True,0.8499249499212582
116,126,s.ff5943a7-8e9e-4ae1-9e43-076dc4780731.txt,CSS10_nl_fy_separate_3007:2,24.0,1,1.0,1.0,1.0,CSS10_nl_fy_separate,nl,separate,3007,0.7360212295121642,True,0.8499249499212582
117,127,s.033b1921-c23f-46c7-a0d6-1b10799225aa.txt,CSS10_nl_fy_separate_3007:2,45.0,2,2.0,2.0,1.0,CSS10_nl_fy_separate,nl,separate,3007,0.7360212295121642,True,0.8499249499212582
118,128,s.5cbe2346-dad6-4a38-9f89-f0b7990ecfcd.txt,CSS10_nl_fy_separate_3007:2,61.0,2,1.0,1.0,1.0,CSS10_nl_fy_separate,nl,separate,3007,0.7360212295121642,True,0.8499249499212582
119,129,s.bcd85a77-03e1-459a-b454-ccdc52fc928b.txt,CSS10_nl_fy_separate_3007:2,64.0,2,1.0,2.0,1.0,CSS10_nl_fy_separate,nl,separate,3007,0.7360212295121642,True,0.8499249499212582
120,130,s.83d1c8da-775e-47c5-b876-c24e689effb5.txt,CSS10_fi_fy_mapped_3007:2,79.0,1,1.0,1.0,1.0,CSS10_fi_fy_mapped,fi,mapped,3007,0.4712875776700755,False,0.5886031558892828
121,131,s.8f012b11-e164-4463-89d6-76ac05df7d4f.txt,CSS10_fi_fy_mapped_3007:2,22.0,1,1.0,1.0,1.0,CSS10_fi_fy_mapped,fi,mapped,3007,0.4712875776700755,False,0.5886031558892828
122,132,s.b8c69f87-7635-426b-b138-7210e7dad9ba.txt,CSS10_fi_fy_mapped_3007:2,25.0,1,1.0,1.0,1.0,CSS10_fi_fy_mapped,fi,mapped,3007,0.4712875776700755,False,0.5886031558892828
123,133,s.b67dc388-03b9-4cc5-aaf5-1b6b03cc47d6.txt,CSS10_fi_fy_mapped_3007:2,32.0,1,1.0,1.0,1.0,CSS10_fi_fy_mapped,fi,mapped,3007,0.4712875776700755,False,0.5886031558892828
124,134,s.6930d8e3-ee74-4ee7-b66e-858a663351b5.txt,CSS10_fi_fy_mapped_3007:2,70.0,1,1.0,1.0,1.0,CSS10_fi_fy_mapped,fi,mapped,3007,0.4712875776700755,False,0.5886031558892828
125,135,s.e19d792d-c790-484d-a173-73533520cf42.txt,CSS10_fi_fy_mapped_3007:2,31.0,1,1.0,1.0,1.0,CSS10_fi_fy_mapped,fi,mapped,3007,0.4712875776700755,False,0.5886031558892828
126,136,s.ff5943a7-8e9e-4ae1-9e43-076dc4780731.txt,CSS10_fi_fy_mapped_3007:2,10.0,1,1.0,1.0,1.0,CSS10_fi_fy_mapped,fi,mapped,3007,0.4712875776700755,False,0.5886031558892828
127,137,s.033b1921-c23f-46c7-a0d6-1b10799225aa.txt,CSS10_fi_fy_mapped_3007:2,29.0,2,2.0,2.0,1.0,CSS10_fi_fy_mapped,fi,mapped,3007,0.4712875776700755,False,0.5886031558892828
128,138,s.5cbe2346-dad6-4a38-9f89-f0b7990ecfcd.txt,CSS10_fi_fy_mapped_3007:2,5.0,2,1.0,1.0,1.0,CSS10_fi_fy_mapped,fi,mapped,3007,0.4712875776700755,False,0.5886031558892828
129,139,s.bcd85a77-03e1-459a-b454-ccdc52fc928b.txt,CSS10_fi_fy_mapped_3007:2,62.0,2,1.0,2.0,1.0,CSS10_fi_fy_mapped,fi,mapped,3007,0.4712875776700755,False,0.5886031558892828
130,140,s.83d1c8da-775e-47c5-b876-c24e689effb5.txt,CSS10_fi_fy_separate_3007:2,60.0,1,1.0,1.0,1.0,CSS10_fi_fy_separate,fi,separate,3007,0.4712875776700755,False,0.5886031558892828
131,141,s.8f012b11-e164-4463-89d6-76ac05df7d4f.txt,CSS10_fi_fy_separate_3007:2,8.0,1,1.0,1.0,1.0,CSS10_fi_fy_separate,fi,separate,3007,0.4712875776700755,False,0.5886031558892828
132,142,s.b8c69f87-7635-426b-b138-7210e7dad9ba.txt,CSS10_fi_fy_separate_3007:2,6.0,1,1.0,1.0,1.0,CSS10_fi_fy_separate,fi,separate,3007,0.4712875776700755,False,0.5886031558892828
133,143,s.b67dc388-03b9-4cc5-aaf5-1b6b03cc47d6.txt,CSS10_fi_fy_separate_3007:2,1.0,1,1.0,1.0,1.0,CSS10_fi_fy_separate,fi,separate,3007,0.4712875776700755,False,0.5886031558892828
134,144,s.6930d8e3-ee74-4ee7-b66e-858a663351b5.txt,CSS10_fi_fy_separate_3007:2,5.0,1,1.0,1.0,1.0,CSS10_fi_fy_separate,fi,separate,3007,0.4712875776700755,False,0.5886031558892828
135,145,s.e19d792d-c790-484d-a173-73533520cf42.txt,CSS10_fi_fy_separate_3007:2,17.0,1,1.0,1.0,1.0,CSS10_fi_fy_separate,fi,separate,3007,0.4712875776700755,False,0.5886031558892828
136,146,s.ff5943a7-8e9e-4ae1-9e43-076dc4780731.txt,CSS10_fi_fy_separate_3007:2,10.0,1,1.0,1.0,1.0,CSS10_fi_fy_separate,fi,separate,3007,0.4712875776700755,False,0.5886031558892828
137,147,s.033b1921-c23f-46c7-a0d6-1b10799225aa.txt,CSS10_fi_fy_separate_3007:2,5.0,2,2.0,2.0,1.0,CSS10_fi_fy_separate,fi,separate,3007,0.4712875776700755,False,0.5886031558892828
138,148,s.5cbe2346-dad6-4a38-9f89-f0b7990ecfcd.txt,CSS10_fi_fy_separate_3007:2,4.0,2,1.0,1.0,1.0,CSS10_fi_fy_separate,fi,separate,3007,0.4712875776700755,False,0.5886031558892828
139,149,s.bcd85a77-03e1-459a-b454-ccdc52fc928b.txt,CSS10_fi_fy_separate_3007:2,38.0,2,1.0,2.0,1.0,CSS10_fi_fy_separate,fi,separate,3007,0.4712875776700755,False,0.5886031558892828
140,150,s.83d1c8da-775e-47c5-b876-c24e689effb5.txt,CSS10_es_ES_fy_mapped_3007:2,83.0,1,1.0,1.0,1.0,CSS10_es_ES_fy_mapped,es,mapped,3007,0.3556332899614416,True,0.4345275479037324
141,151,s.8f012b11-e164-4463-89d6-76ac05df7d4f.txt,CSS10_es_ES_fy_mapped_3007:2,11.0,1,1.0,1.0,1.0,CSS10_es_ES_fy_mapped,es,mapped,3007,0.3556332899614416,True,0.4345275479037324
142,152,s.b8c69f87-7635-426b-b138-7210e7dad9ba.txt,CSS10_es_ES_fy_mapped_3007:2,41.0,1,1.0,1.0,1.0,CSS10_es_ES_fy_mapped,es,mapped,3007,0.3556332899614416,True,0.4345275479037324
143,153,s.b67dc388-03b9-4cc5-aaf5-1b6b03cc47d6.txt,CSS10_es_ES_fy_mapped_3007:2,1.0,1,1.0,1.0,1.0,CSS10_es_ES_fy_mapped,es,mapped,3007,0.3556332899614416,True,0.4345275479037324
144,154,s.6930d8e3-ee74-4ee7-b66e-858a663351b5.txt,CSS10_es_ES_fy_mapped_3007:2,5.0,1,1.0,1.0,1.0,CSS10_es_ES_fy_mapped,es,mapped,3007,0.3556332899614416,True,0.4345275479037324
145,155,s.e19d792d-c790-484d-a173-73533520cf42.txt,CSS10_es_ES_fy_mapped_3007:2,60.0,1,1.0,1.0,1.0,CSS10_es_ES_fy_mapped,es,mapped,3007,0.3556332899614416,True,0.4345275479037324
146,156,s.ff5943a7-8e9e-4ae1-9e43-076dc4780731.txt,CSS10_es_ES_fy_mapped_3007:2,4.0,1,1.0,1.0,1.0,CSS10_es_ES_fy_mapped,es,mapped,3007,0.3556332899614416,True,0.4345275479037324
147,157,s.033b1921-c23f-46c7-a0d6-1b10799225aa.txt,CSS10_es_ES_fy_mapped_3007:2,23.0,2,2.0,2.0,1.0,CSS10_es_ES_fy_mapped,es,mapped,3007,0.3556332899614416,True,0.4345275479037324
148,158,s.5cbe2346-dad6-4a38-9f89-f0b7990ecfcd.txt,CSS10_es_ES_fy_mapped_3007:2,32.0,2,1.0,1.0,1.0,CSS10_es_ES_fy_mapped,es,mapped,3007,0.3556332899614416,True,0.4345275479037324
149,159,s.bcd85a77-03e1-459a-b454-ccdc52fc928b.txt,CSS10_es_ES_fy_mapped_3007:2,57.0,2,1.0,2.0,1.0,CSS10_es_ES_fy_mapped,es,mapped,3007,0.3556332899614416,True,0.4345275479037324
150,160,s.83d1c8da-775e-47c5-b876-c24e689effb5.txt,CSS10_es_ES_fy_separate_3007:2,50.0,1,1.0,1.0,1.0,CSS10_es_ES_fy_separate,es,separate,3007,0.3556332899614416,True,0.4345275479037324
151,161,s.8f012b11-e164-4463-89d6-76ac05df7d4f.txt,CSS10_es_ES_fy_separate_3007:2,6.0,1,1.0,1.0,1.0,CSS10_es_ES_fy_separate,es,separate,3007,0.3556332899614416,True,0.4345275479037324
152,162,s.b8c69f87-7635-426b-b138-7210e7dad9ba.txt,CSS10_es_ES_fy_separate_3007:2,5.0,1,1.0,1.0,1.0,CSS10_es_ES_fy_separate,es,separate,3007,0.3556332899614416,True,0.4345275479037324
153,163,s.b67dc388-03b9-4cc5-aaf5-1b6b03cc47d6.txt,CSS10_es_ES_fy_separate_3007:2,2.0,1,1.0,1.0,1.0,CSS10_es_ES_fy_separate,es,separate,3007,0.3556332899614416,True,0.4345275479037324
154,164,s.6930d8e3-ee74-4ee7-b66e-858a663351b5.txt,CSS10_es_ES_fy_separate_3007:2,0.0,1,1.0,1.0,1.0,CSS10_es_ES_fy_separate,es,separate,3007,0.3556332899614416,True,0.4345275479037324
155,165,s.e19d792d-c790-484d-a173-73533520cf42.txt,CSS10_es_ES_fy_separate_3007:2,19.0,1,1.0,1.0,1.0,CSS10_es_ES_fy_separate,es,separate,3007,0.3556332899614416,True,0.4345275479037324
156,166,s.ff5943a7-8e9e-4ae1-9e43-076dc4780731.txt,CSS10_es_ES_fy_separate_3007:2,4.0,1,1.0,1.0,1.0,CSS10_es_ES_fy_separate,es,separate,3007,0.3556332899614416,True,0.4345275479037324
157,167,s.033b1921-c23f-46c7-a0d6-1b10799225aa.txt,CSS10_es_ES_fy_separate_3007:2,26.0,2,2.0,2.0,1.0,CSS10_es_ES_fy_separate,es,separate,3007,0.3556332899614416,True,0.4345275479037324
158,168,s.5cbe2346-dad6-4a38-9f89-f0b7990ecfcd.txt,CSS10_es_ES_fy_separate_3007:2,3.0,2,1.0,1.0,1.0,CSS10_es_ES_fy_separate,es,separate,3007,0.3556332899614416,True,0.4345275479037324
159,169,s.bcd85a77-03e1-459a-b454-ccdc52fc928b.txt,CSS10_es_ES_fy_separate_3007:2,18.0,2,1.0,2.0,1.0,CSS10_es_ES_fy_separate,es,separate,3007,0.3556332899614416,True,0.4345275479037324
160,170,s.83d1c8da-775e-47c5-b876-c24e689effb5.txt,CSS10_fr_FR_fy_mapped_3007:2,86.0,1,1.0,1.0,1.0,CSS10_fr_FR_fy_mapped,fr,mapped,3007,0.3858417708035707,True,0.506240933671859
161,171,s.8f012b11-e164-4463-89d6-76ac05df7d4f.txt,CSS10_fr_FR_fy_mapped_3007:2,22.0,1,1.0,1.0,1.0,CSS10_fr_FR_fy_mapped,fr,mapped,3007,0.3858417708035707,True,0.506240933671859
162,172,s.b8c69f87-7635-426b-b138-7210e7dad9ba.txt,CSS10_fr_FR_fy_mapped_3007:2,20.0,1,1.0,1.0,1.0,CSS10_fr_FR_fy_mapped,fr,mapped,3007,0.3858417708035707,True,0.506240933671859
163,173,s.b67dc388-03b9-4cc5-aaf5-1b6b03cc47d6.txt,CSS10_fr_FR_fy_mapped_3007:2,2.0,1,1.0,1.0,1.0,CSS10_fr_FR_fy_mapped,fr,mapped,3007,0.3858417708035707,True,0.506240933671859
164,174,s.6930d8e3-ee74-4ee7-b66e-858a663351b5.txt,CSS10_fr_FR_fy_mapped_3007:2,5.0,1,1.0,1.0,1.0,CSS10_fr_FR_fy_mapped,fr,mapped,3007,0.3858417708035707,True,0.506240933671859
165,175,s.e19d792d-c790-484d-a173-73533520cf42.txt,CSS10_fr_FR_fy_mapped_3007:2,26.0,1,1.0,1.0,1.0,CSS10_fr_FR_fy_mapped,fr,mapped,3007,0.3858417708035707,True,0.506240933671859
166,176,s.ff5943a7-8e9e-4ae1-9e43-076dc4780731.txt,CSS10_fr_FR_fy_mapped_3007:2,8.0,1,1.0,1.0,1.0,CSS10_fr_FR_fy_mapped,fr,mapped,3007,0.3858417708035707,True,0.506240933671859
167,177,s.033b1921-c23f-46c7-a0d6-1b10799225aa.txt,CSS10_fr_FR_fy_mapped_3007:2,21.0,2,2.0,2.0,1.0,CSS10_fr_FR_fy_mapped,fr,mapped,3007,0.3858417708035707,True,0.506240933671859
168,178,s.5cbe2346-dad6-4a38-9f89-f0b7990ecfcd.txt,CSS10_fr_FR_fy_mapped_3007:2,12.0,2,1.0,1.0,1.0,CSS10_fr_FR_fy_mapped,fr,mapped,3007,0.3858417708035707,True,0.506240933671859
169,179,s.bcd85a77-03e1-459a-b454-ccdc52fc928b.txt,CSS10_fr_FR_fy_mapped_3007:2,62.0,2,1.0,2.0,1.0,CSS10_fr_FR_fy_mapped,fr,mapped,3007,0.3858417708035707,True,0.506240933671859
170,180,s.83d1c8da-775e-47c5-b876-c24e689effb5.txt,CSS10_fr_FR_fy_separate_3007:2,45.0,1,1.0,1.0,1.0,CSS10_fr_FR_fy_separate,fr,separate,3007,0.3858417708035707,True,0.506240933671859
171,181,s.8f012b11-e164-4463-89d6-76ac05df7d4f.txt,CSS10_fr_FR_fy_separate_3007:2,5.0,1,1.0,1.0,1.0,CSS10_fr_FR_fy_separate,fr,separate,3007,0.3858417708035707,True,0.506240933671859
172,182,s.b8c69f87-7635-426b-b138-7210e7dad9ba.txt,CSS10_fr_FR_fy_separate_3007:2,10.0,1,1.0,1.0,1.0,CSS10_fr_FR_fy_separate,fr,separate,3007,0.3858417708035707,True,0.506240933671859
173,183,s.b67dc388-03b9-4cc5-aaf5-1b6b03cc47d6.txt,CSS10_fr_FR_fy_separate_3007:2,3.0,1,1.0,1.0,1.0,CSS10_fr_FR_fy_separate,fr,separate,3007,0.3858417708035707,True,0.506240933671859
174,184,s.6930d8e3-ee74-4ee7-b66e-858a663351b5.txt,CSS10_fr_FR_fy_separate_3007:2,5.0,1,1.0,1.0,1.0,CSS10_fr_FR_fy_separate,fr,separate,3007,0.3858417708035707,True,0.506240933671859
175,185,s.e19d792d-c790-484d-a173-73533520cf42.txt,CSS10_fr_FR_fy_separate_3007:2,8.0,1,1.0,1.0,1.0,CSS10_fr_FR_fy_separate,fr,separate,3007,0.3858417708035707,True,0.506240933671859
176,186,s.ff5943a7-8e9e-4ae1-9e43-076dc4780731.txt,CSS10_fr_FR_fy_separate_3007:2,10.0,1,1.0,1.0,1.0,CSS10_fr_FR_fy_separate,fr,separate,3007,0.3858417708035707,True,0.506240933671859
177,187,s.033b1921-c23f-46c7-a0d6-1b10799225aa.txt,CSS10_fr_FR_fy_separate_3007:2,37.0,2,2.0,2.0,1.0,CSS10_fr_FR_fy_separate,fr,separate,3007,0.3858417708035707,True,0.506240933671859
178,188,s.5cbe2346-dad6-4a38-9f89-f0b7990ecfcd.txt,CSS10_fr_FR_fy_separate_3007:2,3.0,2,1.0,1.0,1.0,CSS10_fr_FR_fy_separate,fr,separate,3007,0.3858417708035707,True,0.506240933671859
179,189,s.bcd85a77-03e1-459a-b454-ccdc52fc928b.txt,CSS10_fr_FR_fy_separate_3007:2,31.0,2,1.0,2.0,1.0,CSS10_fr_FR_fy_separate,fr,separate,3007,0.3858417708035707,True,0.506240933671859
180,190,s.83d1c8da-775e-47c5-b876-c24e689effb5.txt,CSS10_ja_fy_mapped_3007:2,40.0,1,1.0,1.0,1.0,CSS10_ja_fy_mapped,ja,mapped,3007,0.3376253301286601,False,0.3799523496242188
181,191,s.8f012b11-e164-4463-89d6-76ac05df7d4f.txt,CSS10_ja_fy_mapped_3007:2,4.0,1,1.0,1.0,1.0,CSS10_ja_fy_mapped,ja,mapped,3007,0.3376253301286601,False,0.3799523496242188
182,192,s.b8c69f87-7635-426b-b138-7210e7dad9ba.txt,CSS10_ja_fy_mapped_3007:2,40.0,1,1.0,1.0,1.0,CSS10_ja_fy_mapped,ja,mapped,3007,0.3376253301286601,False,0.3799523496242188
183,193,s.b67dc388-03b9-4cc5-aaf5-1b6b03cc47d6.txt,CSS10_ja_fy_mapped_3007:2,0.0,1,1.0,1.0,1.0,CSS10_ja_fy_mapped,ja,mapped,3007,0.3376253301286601,False,0.3799523496242188
184,194,s.6930d8e3-ee74-4ee7-b66e-858a663351b5.txt,CSS10_ja_fy_mapped_3007:2,0.0,1,1.0,1.0,1.0,CSS10_ja_fy_mapped,ja,mapped,3007,0.3376253301286601,False,0.3799523496242188
185,195,s.e19d792d-c790-484d-a173-73533520cf42.txt,CSS10_ja_fy_mapped_3007:2,11.0,1,1.0,1.0,1.0,CSS10_ja_fy_mapped,ja,mapped,3007,0.3376253301286601,False,0.3799523496242188
186,196,s.ff5943a7-8e9e-4ae1-9e43-076dc4780731.txt,CSS10_ja_fy_mapped_3007:2,0.0,1,1.0,1.0,1.0,CSS10_ja_fy_mapped,ja,mapped,3007,0.3376253301286601,False,0.3799523496242188
187,197,s.033b1921-c23f-46c7-a0d6-1b10799225aa.txt,CSS10_ja_fy_mapped_3007:2,7.0,2,2.0,2.0,1.0,CSS10_ja_fy_mapped,ja,mapped,3007,0.3376253301286601,False,0.3799523496242188
188,198,s.5cbe2346-dad6-4a38-9f89-f0b7990ecfcd.txt,CSS10_ja_fy_mapped_3007:2,3.0,2,1.0,1.0,1.0,CSS10_ja_fy_mapped,ja,mapped,3007,0.3376253301286601,False,0.3799523496242188
189,199,s.bcd85a77-03e1-459a-b454-ccdc52fc928b.txt,CSS10_ja_fy_mapped_3007:2,40.0,2,1.0,2.0,1.0,CSS10_ja_fy_mapped,ja,mapped,3007,0.3376253301286601,False,0.3799523496242188
190,200,s.83d1c8da-775e-47c5-b876-c24e689effb5.txt,CSS10_ja_fy_separate_3007:2,42.0,1,1.0,1.0,1.0,CSS10_ja_fy_separate,ja,separate,3007,0.3376253301286601,False,0.3799523496242188
191,201,s.8f012b11-e164-4463-89d6-76ac05df7d4f.txt,CSS10_ja_fy_separate_3007:2,5.0,1,1.0,1.0,1.0,CSS10_ja_fy_separate,ja,separate,3007,0.3376253301286601,False,0.3799523496242188
192,202,s.b8c69f87-7635-426b-b138-7210e7dad9ba.txt,CSS10_ja_fy_separate_3007:2,4.0,1,1.0,1.0,1.0,CSS10_ja_fy_separate,ja,separate,3007,0.3376253301286601,False,0.3799523496242188
193,203,s.b67dc388-03b9-4cc5-aaf5-1b6b03cc47d6.txt,CSS10_ja_fy_separate_3007:2,3.0,1,1.0,1.0,1.0,CSS10_ja_fy_separate,ja,separate,3007,0.3376253301286601,False,0.3799523496242188
194,204,s.6930d8e3-ee74-4ee7-b66e-858a663351b5.txt,CSS10_ja_fy_separate_3007:2,0.0,1,1.0,1.0,1.0,CSS10_ja_fy_separate,ja,separate,3007,0.3376253301286601,False,0.3799523496242188
195,205,s.e19d792d-c790-484d-a173-73533520cf42.txt,CSS10_ja_fy_separate_3007:2,20.0,1,1.0,1.0,1.0,CSS10_ja_fy_separate,ja,separate,3007,0.3376253301286601,False,0.3799523496242188
196,206,s.ff5943a7-8e9e-4ae1-9e43-076dc4780731.txt,CSS10_ja_fy_separate_3007:2,1.0,1,1.0,1.0,1.0,CSS10_ja_fy_separate,ja,separate,3007,0.3376253301286601,False,0.3799523496242188
197,207,s.033b1921-c23f-46c7-a0d6-1b10799225aa.txt,CSS10_ja_fy_separate_3007:2,23.0,2,2.0,2.0,1.0,CSS10_ja_fy_separate,ja,separate,3007,0.3376253301286601,False,0.3799523496242188
198,208,s.5cbe2346-dad6-4a38-9f89-f0b7990ecfcd.txt,CSS10_ja_fy_separate_3007:2,3.0,2,1.0,1.0,1.0,CSS10_ja_fy_separate,ja,separate,3007,0.3376253301286601,False,0.3799523496242188
199,209,s.bcd85a77-03e1-459a-b454-ccdc52fc928b.txt,CSS10_ja_fy_separate_3007:2,45.0,2,1.0,2.0,1.0,CSS10_ja_fy_separate,ja,separate,3007,0.3376253301286601,False,0.3799523496242188
200,220,s.83d1c8da-775e-47c5-b876-c24e689effb5.txt,CSS10_nl_fy_mapped_1906:2,100.0,1,1.0,1.0,1.0,CSS10_nl_fy_mapped,nl,mapped,1906,0.7360212295121642,True,0.8073576813051797
201,221,s.8f012b11-e164-4463-89d6-76ac05df7d4f.txt,CSS10_nl_fy_mapped_1906:2,28.0,1,1.0,1.0,1.0,CSS10_nl_fy_mapped,nl,mapped,1906,0.7360212295121642,True,0.8073576813051797
202,222,s.b8c69f87-7635-426b-b138-7210e7dad9ba.txt,CSS10_nl_fy_mapped_1906:2,80.0,1,1.0,1.0,1.0,CSS10_nl_fy_mapped,nl,mapped,1906,0.7360212295121642,True,0.8073576813051797
203,223,s.b67dc388-03b9-4cc5-aaf5-1b6b03cc47d6.txt,CSS10_nl_fy_mapped_1906:2,73.0,1,1.0,1.0,1.0,CSS10_nl_fy_mapped,nl,mapped,1906,0.7360212295121642,True,0.8073576813051797
204,224,s.6930d8e3-ee74-4ee7-b66e-858a663351b5.txt,CSS10_nl_fy_mapped_1906:2,70.0,1,1.0,1.0,1.0,CSS10_nl_fy_mapped,nl,mapped,1906,0.7360212295121642,True,0.8073576813051797
205,225,s.e19d792d-c790-484d-a173-73533520cf42.txt,CSS10_nl_fy_mapped_1906:2,32.0,1,1.0,1.0,1.0,CSS10_nl_fy_mapped,nl,mapped,1906,0.7360212295121642,True,0.8073576813051797
206,226,s.ff5943a7-8e9e-4ae1-9e43-076dc4780731.txt,CSS10_nl_fy_mapped_1906:2,44.0,1,1.0,1.0,1.0,CSS10_nl_fy_mapped,nl,mapped,1906,0.7360212295121642,True,0.8073576813051797
207,227,s.033b1921-c23f-46c7-a0d6-1b10799225aa.txt,CSS10_nl_fy_mapped_1906:2,17.0,2,2.0,2.0,1.0,CSS10_nl_fy_mapped,nl,mapped,1906,0.7360212295121642,True,0.8073576813051797
208,228,s.5cbe2346-dad6-4a38-9f89-f0b7990ecfcd.txt,CSS10_nl_fy_mapped_1906:2,33.0,2,1.0,1.0,1.0,CSS10_nl_fy_mapped,nl,mapped,1906,0.7360212295121642,True,0.8073576813051797
209,229,s.bcd85a77-03e1-459a-b454-ccdc52fc928b.txt,CSS10_nl_fy_mapped_1906:2,67.0,2,1.0,2.0,1.0,CSS10_nl_fy_mapped,nl,mapped,1906,0.7360212295121642,True,0.8073576813051797
210,230,s.83d1c8da-775e-47c5-b876-c24e689effb5.txt,CSS10_nl_fy_separate_1906:2,100.0,1,1.0,1.0,1.0,CSS10_nl_fy_separate,nl,separate,1906,0.7360212295121642,True,0.8073576813051797
211,231,s.8f012b11-e164-4463-89d6-76ac05df7d4f.txt,CSS10_nl_fy_separate_1906:2,52.0,1,1.0,1.0,1.0,CSS10_nl_fy_separate,nl,separate,1906,0.7360212295121642,True,0.8073576813051797
212,232,s.b8c69f87-7635-426b-b138-7210e7dad9ba.txt,CSS10_nl_fy_separate_1906:2,95.0,1,1.0,1.0,1.0,CSS10_nl_fy_separate,nl,separate,1906,0.7360212295121642,True,0.8073576813051797
213,233,s.b67dc388-03b9-4cc5-aaf5-1b6b03cc47d6.txt,CSS10_nl_fy_separate_1906:2,100.0,1,1.0,1.0,1.0,CSS10_nl_fy_separate,nl,separate,1906,0.7360212295121642,True,0.8073576813051797
214,234,s.6930d8e3-ee74-4ee7-b66e-858a663351b5.txt,CSS10_nl_fy_separate_1906:2,100.0,1,1.0,1.0,1.0,CSS10_nl_fy_separate,nl,separate,1906,0.7360212295121642,True,0.8073576813051797
215,235,s.e19d792d-c790-484d-a173-73533520cf42.txt,CSS10_nl_fy_separate_1906:2,78.0,1,1.0,1.0,1.0,CSS10_nl_fy_separate,nl,separate,1906,0.7360212295121642,True,0.8073576813051797
216,236,s.ff5943a7-8e9e-4ae1-9e43-076dc4780731.txt,CSS10_nl_fy_separate_1906:2,35.0,1,1.0,1.0,1.0,CSS10_nl_fy_separate,nl,separate,1906,0.7360212295121642,True,0.8073576813051797
217,237,s.033b1921-c23f-46c7-a0d6-1b10799225aa.txt,CSS10_nl_fy_separate_1906:2,58.0,2,2.0,2.0,1.0,CSS10_nl_fy_separate,nl,separate,1906,0.7360212295121642,True,0.8073576813051797
218,238,s.5cbe2346-dad6-4a38-9f89-f0b7990ecfcd.txt,CSS10_nl_fy_separate_1906:2,80.0,2,1.0,1.0,1.0,CSS10_nl_fy_separate,nl,separate,1906,0.7360212295121642,True,0.8073576813051797
219,239,s.bcd85a77-03e1-459a-b454-ccdc52fc928b.txt,CSS10_nl_fy_separate_1906:2,70.0,2,1.0,2.0,1.0,CSS10_nl_fy_separate,nl,separate,1906,0.7360212295121642,True,0.8073576813051797
220,240,s.83d1c8da-775e-47c5-b876-c24e689effb5.txt,CSS10_fi_fy_mapped_1906:2,100.0,1,1.0,1.0,1.0,CSS10_fi_fy_mapped,fi,mapped,1906,0.4712875776700755,False,0.5929720747976952
221,241,s.8f012b11-e164-4463-89d6-76ac05df7d4f.txt,CSS10_fi_fy_mapped_1906:2,55.0,1,1.0,1.0,1.0,CSS10_fi_fy_mapped,fi,mapped,1906,0.4712875776700755,False,0.5929720747976952
222,242,s.b8c69f87-7635-426b-b138-7210e7dad9ba.txt,CSS10_fi_fy_mapped_1906:2,100.0,1,1.0,1.0,1.0,CSS10_fi_fy_mapped,fi,mapped,1906,0.4712875776700755,False,0.5929720747976952
223,243,s.b67dc388-03b9-4cc5-aaf5-1b6b03cc47d6.txt,CSS10_fi_fy_mapped_1906:2,100.0,1,1.0,1.0,1.0,CSS10_fi_fy_mapped,fi,mapped,1906,0.4712875776700755,False,0.5929720747976952
224,244,s.6930d8e3-ee74-4ee7-b66e-858a663351b5.txt,CSS10_fi_fy_mapped_1906:2,100.0,1,1.0,1.0,1.0,CSS10_fi_fy_mapped,fi,mapped,1906,0.4712875776700755,False,0.5929720747976952
225,245,s.e19d792d-c790-484d-a173-73533520cf42.txt,CSS10_fi_fy_mapped_1906:2,91.0,1,1.0,1.0,1.0,CSS10_fi_fy_mapped,fi,mapped,1906,0.4712875776700755,False,0.5929720747976952
226,246,s.ff5943a7-8e9e-4ae1-9e43-076dc4780731.txt,CSS10_fi_fy_mapped_1906:2,43.0,1,1.0,1.0,1.0,CSS10_fi_fy_mapped,fi,mapped,1906,0.4712875776700755,False,0.5929720747976952
227,247,s.033b1921-c23f-46c7-a0d6-1b10799225aa.txt,CSS10_fi_fy_mapped_1906:2,48.0,2,2.0,2.0,1.0,CSS10_fi_fy_mapped,fi,mapped,1906,0.4712875776700755,False,0.5929720747976952
228,248,s.5cbe2346-dad6-4a38-9f89-f0b7990ecfcd.txt,CSS10_fi_fy_mapped_1906:2,85.0,2,1.0,1.0,1.0,CSS10_fi_fy_mapped,fi,mapped,1906,0.4712875776700755,False,0.5929720747976952
229,249,s.bcd85a77-03e1-459a-b454-ccdc52fc928b.txt,CSS10_fi_fy_mapped_1906:2,75.0,2,1.0,2.0,1.0,CSS10_fi_fy_mapped,fi,mapped,1906,0.4712875776700755,False,0.5929720747976952
230,250,s.83d1c8da-775e-47c5-b876-c24e689effb5.txt,CSS10_fi_fy_separate_1906:2,100.0,1,1.0,1.0,1.0,CSS10_fi_fy_separate,fi,separate,1906,0.4712875776700755,False,0.5929720747976952
231,251,s.8f012b11-e164-4463-89d6-76ac05df7d4f.txt,CSS10_fi_fy_separate_1906:2,63.0,1,1.0,1.0,1.0,CSS10_fi_fy_separate,fi,separate,1906,0.4712875776700755,False,0.5929720747976952
232,252,s.b8c69f87-7635-426b-b138-7210e7dad9ba.txt,CSS10_fi_fy_separate_1906:2,100.0,1,1.0,1.0,1.0,CSS10_fi_fy_separate,fi,separate,1906,0.4712875776700755,False,0.5929720747976952
233,253,s.b67dc388-03b9-4cc5-aaf5-1b6b03cc47d6.txt,CSS10_fi_fy_separate_1906:2,84.0,1,1.0,1.0,1.0,CSS10_fi_fy_separate,fi,separate,1906,0.4712875776700755,False,0.5929720747976952
234,254,s.6930d8e3-ee74-4ee7-b66e-858a663351b5.txt,CSS10_fi_fy_separate_1906:2,100.0,1,1.0,1.0,1.0,CSS10_fi_fy_separate,fi,separate,1906,0.4712875776700755,False,0.5929720747976952
235,255,s.e19d792d-c790-484d-a173-73533520cf42.txt,CSS10_fi_fy_separate_1906:2,34.0,1,1.0,1.0,1.0,CSS10_fi_fy_separate,fi,separate,1906,0.4712875776700755,False,0.5929720747976952
236,256,s.ff5943a7-8e9e-4ae1-9e43-076dc4780731.txt,CSS10_fi_fy_separate_1906:2,74.0,1,1.0,1.0,1.0,CSS10_fi_fy_separate,fi,separate,1906,0.4712875776700755,False,0.5929720747976952
237,257,s.033b1921-c23f-46c7-a0d6-1b10799225aa.txt,CSS10_fi_fy_separate_1906:2,55.0,2,2.0,2.0,1.0,CSS10_fi_fy_separate,fi,separate,1906,0.4712875776700755,False,0.5929720747976952
238,258,s.5cbe2346-dad6-4a38-9f89-f0b7990ecfcd.txt,CSS10_fi_fy_separate_1906:2,75.0,2,1.0,1.0,1.0,CSS10_fi_fy_separate,fi,separate,1906,0.4712875776700755,False,0.5929720747976952
239,259,s.bcd85a77-03e1-459a-b454-ccdc52fc928b.txt,CSS10_fi_fy_separate_1906:2,60.0,2,1.0,2.0,1.0,CSS10_fi_fy_separate,fi,separate,1906,0.4712875776700755,False,0.5929720747976952
240,260,s.83d1c8da-775e-47c5-b876-c24e689effb5.txt,CSS10_es_ES_fy_mapped_1906:2,100.0,1,1.0,1.0,1.0,CSS10_es_ES_fy_mapped,es,mapped,1906,0.3556332899614416,True,0.557350774833204
241,261,s.8f012b11-e164-4463-89d6-76ac05df7d4f.txt,CSS10_es_ES_fy_mapped_1906:2,68.0,1,1.0,1.0,1.0,CSS10_es_ES_fy_mapped,es,mapped,1906,0.3556332899614416,True,0.557350774833204
242,262,s.b8c69f87-7635-426b-b138-7210e7dad9ba.txt,CSS10_es_ES_fy_mapped_1906:2,81.0,1,1.0,1.0,1.0,CSS10_es_ES_fy_mapped,es,mapped,1906,0.3556332899614416,True,0.557350774833204
243,263,s.b67dc388-03b9-4cc5-aaf5-1b6b03cc47d6.txt,CSS10_es_ES_fy_mapped_1906:2,24.0,1,1.0,1.0,1.0,CSS10_es_ES_fy_mapped,es,mapped,1906,0.3556332899614416,True,0.557350774833204
244,264,s.6930d8e3-ee74-4ee7-b66e-858a663351b5.txt,CSS10_es_ES_fy_mapped_1906:2,100.0,1,1.0,1.0,1.0,CSS10_es_ES_fy_mapped,es,mapped,1906,0.3556332899614416,True,0.557350774833204
245,265,s.e19d792d-c790-484d-a173-73533520cf42.txt,CSS10_es_ES_fy_mapped_1906:2,42.0,1,1.0,1.0,1.0,CSS10_es_ES_fy_mapped,es,mapped,1906,0.3556332899614416,True,0.557350774833204
246,266,s.ff5943a7-8e9e-4ae1-9e43-076dc4780731.txt,CSS10_es_ES_fy_mapped_1906:2,39.0,1,1.0,1.0,1.0,CSS10_es_ES_fy_mapped,es,mapped,1906,0.3556332899614416,True,0.557350774833204
247,267,s.033b1921-c23f-46c7-a0d6-1b10799225aa.txt,CSS10_es_ES_fy_mapped_1906:2,44.0,2,2.0,2.0,1.0,CSS10_es_ES_fy_mapped,es,mapped,1906,0.3556332899614416,True,0.557350774833204
248,268,s.5cbe2346-dad6-4a38-9f89-f0b7990ecfcd.txt,CSS10_es_ES_fy_mapped_1906:2,72.0,2,1.0,1.0,1.0,CSS10_es_ES_fy_mapped,es,mapped,1906,0.3556332899614416,True,0.557350774833204
249,269,s.bcd85a77-03e1-459a-b454-ccdc52fc928b.txt,CSS10_es_ES_fy_mapped_1906:2,68.0,2,1.0,2.0,1.0,CSS10_es_ES_fy_mapped,es,mapped,1906,0.3556332899614416,True,0.557350774833204
250,270,s.83d1c8da-775e-47c5-b876-c24e689effb5.txt,CSS10_es_ES_fy_separate_1906:2,100.0,1,1.0,1.0,1.0,CSS10_es_ES_fy_separate,es,separate,1906,0.3556332899614416,True,0.557350774833204
251,271,s.8f012b11-e164-4463-89d6-76ac05df7d4f.txt,CSS10_es_ES_fy_separate_1906:2,12.0,1,1.0,1.0,1.0,CSS10_es_ES_fy_separate,es,separate,1906,0.3556332899614416,True,0.557350774833204
252,272,s.b8c69f87-7635-426b-b138-7210e7dad9ba.txt,CSS10_es_ES_fy_separate_1906:2,60.0,1,1.0,1.0,1.0,CSS10_es_ES_fy_separate,es,separate,1906,0.3556332899614416,True,0.557350774833204
253,273,s.b67dc388-03b9-4cc5-aaf5-1b6b03cc47d6.txt,CSS10_es_ES_fy_separate_1906:2,52.0,1,1.0,1.0,1.0,CSS10_es_ES_fy_separate,es,separate,1906,0.3556332899614416,True,0.557350774833204
254,274,s.6930d8e3-ee74-4ee7-b66e-858a663351b5.txt,CSS10_es_ES_fy_separate_1906:2,85.0,1,1.0,1.0,1.0,CSS10_es_ES_fy_separate,es,separate,1906,0.3556332899614416,True,0.557350774833204
255,275,s.e19d792d-c790-484d-a173-73533520cf42.txt,CSS10_es_ES_fy_separate_1906:2,44.0,1,1.0,1.0,1.0,CSS10_es_ES_fy_separate,es,separate,1906,0.3556332899614416,True,0.557350774833204
256,276,s.ff5943a7-8e9e-4ae1-9e43-076dc4780731.txt,CSS10_es_ES_fy_separate_1906:2,26.0,1,1.0,1.0,1.0,CSS10_es_ES_fy_separate,es,separate,1906,0.3556332899614416,True,0.557350774833204
257,277,s.033b1921-c23f-46c7-a0d6-1b10799225aa.txt,CSS10_es_ES_fy_separate_1906:2,27.0,2,2.0,2.0,1.0,CSS10_es_ES_fy_separate,es,separate,1906,0.3556332899614416,True,0.557350774833204
258,278,s.5cbe2346-dad6-4a38-9f89-f0b7990ecfcd.txt,CSS10_es_ES_fy_separate_1906:2,61.0,2,1.0,1.0,1.0,CSS10_es_ES_fy_separate,es,separate,1906,0.3556332899614416,True,0.557350774833204
259,279,s.bcd85a77-03e1-459a-b454-ccdc52fc928b.txt,CSS10_es_ES_fy_separate_1906:2,58.0,2,1.0,2.0,1.0,CSS10_es_ES_fy_separate,es,separate,1906,0.3556332899614416,True,0.557350774833204
260,280,s.83d1c8da-775e-47c5-b876-c24e689effb5.txt,CSS10_fr_FR_fy_mapped_1906:2,100.0,1,1.0,1.0,1.0,CSS10_fr_FR_fy_mapped,fr,mapped,1906,0.3858417708035707,True,0.5530994576318783
261,281,s.8f012b11-e164-4463-89d6-76ac05df7d4f.txt,CSS10_fr_FR_fy_mapped_1906:2,29.0,1,1.0,1.0,1.0,CSS10_fr_FR_fy_mapped,fr,mapped,1906,0.3858417708035707,True,0.5530994576318783
262,282,s.b8c69f87-7635-426b-b138-7210e7dad9ba.txt,CSS10_fr_FR_fy_mapped_1906:2,85.0,1,1.0,1.0,1.0,CSS10_fr_FR_fy_mapped,fr,mapped,1906,0.3858417708035707,True,0.5530994576318783
263,283,s.b67dc388-03b9-4cc5-aaf5-1b6b03cc47d6.txt,CSS10_fr_FR_fy_mapped_1906:2,66.0,1,1.0,1.0,1.0,CSS10_fr_FR_fy_mapped,fr,mapped,1906,0.3858417708035707,True,0.5530994576318783
264,284,s.6930d8e3-ee74-4ee7-b66e-858a663351b5.txt,CSS10_fr_FR_fy_mapped_1906:2,80.0,1,1.0,1.0,1.0,CSS10_fr_FR_fy_mapped,fr,mapped,1906,0.3858417708035707,True,0.5530994576318783
265,285,s.e19d792d-c790-484d-a173-73533520cf42.txt,CSS10_fr_FR_fy_mapped_1906:2,55.0,1,1.0,1.0,1.0,CSS10_fr_FR_fy_mapped,fr,mapped,1906,0.3858417708035707,True,0.5530994576318783
266,286,s.ff5943a7-8e9e-4ae1-9e43-076dc4780731.txt,CSS10_fr_FR_fy_mapped_1906:2,39.0,1,1.0,1.0,1.0,CSS10_fr_FR_fy_mapped,fr,mapped,1906,0.3858417708035707,True,0.5530994576318783
267,287,s.033b1921-c23f-46c7-a0d6-1b10799225aa.txt,CSS10_fr_FR_fy_mapped_1906:2,85.0,2,2.0,2.0,1.0,CSS10_fr_FR_fy_mapped,fr,mapped,1906,0.3858417708035707,True,0.5530994576318783
268,288,s.5cbe2346-dad6-4a38-9f89-f0b7990ecfcd.txt,CSS10_fr_FR_fy_mapped_1906:2,76.0,2,1.0,1.0,1.0,CSS10_fr_FR_fy_mapped,fr,mapped,1906,0.3858417708035707,True,0.5530994576318783
269,289,s.bcd85a77-03e1-459a-b454-ccdc52fc928b.txt,CSS10_fr_FR_fy_mapped_1906:2,59.0,2,1.0,2.0,1.0,CSS10_fr_FR_fy_mapped,fr,mapped,1906,0.3858417708035707,True,0.5530994576318783
270,290,s.83d1c8da-775e-47c5-b876-c24e689effb5.txt,CSS10_fr_FR_fy_separate_1906:2,100.0,1,1.0,1.0,1.0,CSS10_fr_FR_fy_separate,fr,separate,1906,0.3858417708035707,True,0.5530994576318783
271,291,s.8f012b11-e164-4463-89d6-76ac05df7d4f.txt,CSS10_fr_FR_fy_separate_1906:2,65.0,1,1.0,1.0,1.0,CSS10_fr_FR_fy_separate,fr,separate,1906,0.3858417708035707,True,0.5530994576318783
272,292,s.b8c69f87-7635-426b-b138-7210e7dad9ba.txt,CSS10_fr_FR_fy_separate_1906:2,100.0,1,1.0,1.0,1.0,CSS10_fr_FR_fy_separate,fr,separate,1906,0.3858417708035707,True,0.5530994576318783
273,293,s.b67dc388-03b9-4cc5-aaf5-1b6b03cc47d6.txt,CSS10_fr_FR_fy_separate_1906:2,97.0,1,1.0,1.0,1.0,CSS10_fr_FR_fy_separate,fr,separate,1906,0.3858417708035707,True,0.5530994576318783
274,294,s.6930d8e3-ee74-4ee7-b66e-858a663351b5.txt,CSS10_fr_FR_fy_separate_1906:2,85.0,1,1.0,1.0,1.0,CSS10_fr_FR_fy_separate,fr,separate,1906,0.3858417708035707,True,0.5530994576318783
275,295,s.e19d792d-c790-484d-a173-73533520cf42.txt,CSS10_fr_FR_fy_separate_1906:2,64.0,1,1.0,1.0,1.0,CSS10_fr_FR_fy_separate,fr,separate,1906,0.3858417708035707,True,0.5530994576318783
276,296,s.ff5943a7-8e9e-4ae1-9e43-076dc4780731.txt,CSS10_fr_FR_fy_separate_1906:2,41.0,1,1.0,1.0,1.0,CSS10_fr_FR_fy_separate,fr,separate,1906,0.3858417708035707,True,0.5530994576318783
277,297,s.033b1921-c23f-46c7-a0d6-1b10799225aa.txt,CSS10_fr_FR_fy_separate_1906:2,59.0,2,2.0,2.0,1.0,CSS10_fr_FR_fy_separate,fr,separate,1906,0.3858417708035707,True,0.5530994576318783
278,298,s.5cbe2346-dad6-4a38-9f89-f0b7990ecfcd.txt,CSS10_fr_FR_fy_separate_1906:2,76.0,2,1.0,1.0,1.0,CSS10_fr_FR_fy_separate,fr,separate,1906,0.3858417708035707,True,0.5530994576318783
279,299,s.bcd85a77-03e1-459a-b454-ccdc52fc928b.txt,CSS10_fr_FR_fy_separate_1906:2,76.0,2,1.0,2.0,1.0,CSS10_fr_FR_fy_separate,fr,separate,1906,0.3858417708035707,True,0.5530994576318783
280,300,s.83d1c8da-775e-47c5-b876-c24e689effb5.txt,CSS10_ja_fy_mapped_1906:2,99.0,1,1.0,1.0,1.0,CSS10_ja_fy_mapped,ja,mapped,1906,0.3376253301286601,False,0.5113760929450848
281,301,s.8f012b11-e164-4463-89d6-76ac05df7d4f.txt,CSS10_ja_fy_mapped_1906:2,8.0,1,1.0,1.0,1.0,CSS10_ja_fy_mapped,ja,mapped,1906,0.3376253301286601,False,0.5113760929450848
282,302,s.b8c69f87-7635-426b-b138-7210e7dad9ba.txt,CSS10_ja_fy_mapped_1906:2,50.0,1,1.0,1.0,1.0,CSS10_ja_fy_mapped,ja,mapped,1906,0.3376253301286601,False,0.5113760929450848
283,303,s.b67dc388-03b9-4cc5-aaf5-1b6b03cc47d6.txt,CSS10_ja_fy_mapped_1906:2,67.0,1,1.0,1.0,1.0,CSS10_ja_fy_mapped,ja,mapped,1906,0.3376253301286601,False,0.5113760929450848
284,304,s.6930d8e3-ee74-4ee7-b66e-858a663351b5.txt,CSS10_ja_fy_mapped_1906:2,10.0,1,1.0,1.0,1.0,CSS10_ja_fy_mapped,ja,mapped,1906,0.3376253301286601,False,0.5113760929450848
285,305,s.e19d792d-c790-484d-a173-73533520cf42.txt,CSS10_ja_fy_mapped_1906:2,31.0,1,1.0,1.0,1.0,CSS10_ja_fy_mapped,ja,mapped,1906,0.3376253301286601,False,0.5113760929450848
286,306,s.ff5943a7-8e9e-4ae1-9e43-076dc4780731.txt,CSS10_ja_fy_mapped_1906:2,16.0,1,1.0,1.0,1.0,CSS10_ja_fy_mapped,ja,mapped,1906,0.3376253301286601,False,0.5113760929450848
287,307,s.033b1921-c23f-46c7-a0d6-1b10799225aa.txt,CSS10_ja_fy_mapped_1906:2,15.0,2,2.0,2.0,1.0,CSS10_ja_fy_mapped,ja,mapped,1906,0.3376253301286601,False,0.5113760929450848
288,308,s.5cbe2346-dad6-4a38-9f89-f0b7990ecfcd.txt,CSS10_ja_fy_mapped_1906:2,33.0,2,1.0,1.0,1.0,CSS10_ja_fy_mapped,ja,mapped,1906,0.3376253301286601,False,0.5113760929450848
289,309,s.bcd85a77-03e1-459a-b454-ccdc52fc928b.txt,CSS10_ja_fy_mapped_1906:2,55.0,2,1.0,2.0,1.0,CSS10_ja_fy_mapped,ja,mapped,1906,0.3376253301286601,False,0.5113760929450848
290,310,s.83d1c8da-775e-47c5-b876-c24e689effb5.txt,CSS10_ja_fy_separate_1906:2,100.0,1,1.0,1.0,1.0,CSS10_ja_fy_separate,ja,separate,1906,0.3376253301286601,False,0.5113760929450848
291,311,s.8f012b11-e164-4463-89d6-76ac05df7d4f.txt,CSS10_ja_fy_separate_1906:2,13.0,1,1.0,1.0,1.0,CSS10_ja_fy_separate,ja,separate,1906,0.3376253301286601,False,0.5113760929450848
292,312,s.b8c69f87-7635-426b-b138-7210e7dad9ba.txt,CSS10_ja_fy_separate_1906:2,80.0,1,1.0,1.0,1.0,CSS10_ja_fy_separate,ja,separate,1906,0.3376253301286601,False,0.5113760929450848
293,313,s.b67dc388-03b9-4cc5-aaf5-1b6b03cc47d6.txt,CSS10_ja_fy_separate_1906:2,27.0,1,1.0,1.0,1.0,CSS10_ja_fy_separate,ja,separate,1906,0.3376253301286601,False,0.5113760929450848
294,314,s.6930d8e3-ee74-4ee7-b66e-858a663351b5.txt,CSS10_ja_fy_separate_1906:2,10.0,1,1.0,1.0,1.0,CSS10_ja_fy_separate,ja,separate,1906,0.3376253301286601,False,0.5113760929450848
295,315,s.e19d792d-c790-484d-a173-73533520cf42.txt,CSS10_ja_fy_separate_1906:2,36.0,1,1.0,1.0,1.0,CSS10_ja_fy_separate,ja,separate,1906,0.3376253301286601,False,0.5113760929450848
296,316,s.ff5943a7-8e9e-4ae1-9e43-076dc4780731.txt,CSS10_ja_fy_separate_1906:2,43.0,1,1.0,1.0,1.0,CSS10_ja_fy_separate,ja,separate,1906,0.3376253301286601,False,0.5113760929450848
297,317,s.033b1921-c23f-46c7-a0d6-1b10799225aa.txt,CSS10_ja_fy_separate_1906:2,43.0,2,2.0,2.0,1.0,CSS10_ja_fy_separate,ja,separate,1906,0.3376253301286601,False,0.5113760929450848
298,318,s.5cbe2346-dad6-4a38-9f89-f0b7990ecfcd.txt,CSS10_ja_fy_separate_1906:2,15.0,2,1.0,1.0,1.0,CSS10_ja_fy_separate,ja,separate,1906,0.3376253301286601,False,0.5113760929450848
299,319,s.bcd85a77-03e1-459a-b454-ccdc52fc928b.txt,CSS10_ja_fy_separate_1906:2,52.0,2,1.0,2.0,1.0,CSS10_ja_fy_separate,ja,separate,1906,0.3376253301286601,False,0.5113760929450848
300,330,s.83d1c8da-775e-47c5-b876-c24e689effb5.txt,CSS10_nl_fy_mapped_3191:2,100.0,1,1.0,1.0,1.0,CSS10_nl_fy_mapped,nl,mapped,3191,0.7360212295121642,True,0.8103925147022899
301,331,s.8f012b11-e164-4463-89d6-76ac05df7d4f.txt,CSS10_nl_fy_mapped_3191:2,51.0,1,1.0,1.0,1.0,CSS10_nl_fy_mapped,nl,mapped,3191,0.7360212295121642,True,0.8103925147022899
302,332,s.b8c69f87-7635-426b-b138-7210e7dad9ba.txt,CSS10_nl_fy_mapped_3191:2,50.0,1,1.0,1.0,1.0,CSS10_nl_fy_mapped,nl,mapped,3191,0.7360212295121642,True,0.8103925147022899
303,333,s.b67dc388-03b9-4cc5-aaf5-1b6b03cc47d6.txt,CSS10_nl_fy_mapped_3191:2,1.0,1,1.0,1.0,1.0,CSS10_nl_fy_mapped,nl,mapped,3191,0.7360212295121642,True,0.8103925147022899
304,334,s.6930d8e3-ee74-4ee7-b66e-858a663351b5.txt,CSS10_nl_fy_mapped_3191:2,50.0,1,1.0,1.0,1.0,CSS10_nl_fy_mapped,nl,mapped,3191,0.7360212295121642,True,0.8103925147022899
305,335,s.e19d792d-c790-484d-a173-73533520cf42.txt,CSS10_nl_fy_mapped_3191:2,27.0,1,1.0,1.0,1.0,CSS10_nl_fy_mapped,nl,mapped,3191,0.7360212295121642,True,0.8103925147022899
306,336,s.ff5943a7-8e9e-4ae1-9e43-076dc4780731.txt,CSS10_nl_fy_mapped_3191:2,12.0,1,1.0,1.0,1.0,CSS10_nl_fy_mapped,nl,mapped,3191,0.7360212295121642,True,0.8103925147022899
307,337,s.033b1921-c23f-46c7-a0d6-1b10799225aa.txt,CSS10_nl_fy_mapped_3191:2,30.0,2,2.0,2.0,1.0,CSS10_nl_fy_mapped,nl,mapped,3191,0.7360212295121642,True,0.8103925147022899
308,338,s.5cbe2346-dad6-4a38-9f89-f0b7990ecfcd.txt,CSS10_nl_fy_mapped_3191:2,5.0,2,1.0,1.0,1.0,CSS10_nl_fy_mapped,nl,mapped,3191,0.7360212295121642,True,0.8103925147022899
309,339,s.bcd85a77-03e1-459a-b454-ccdc52fc928b.txt,CSS10_nl_fy_mapped_3191:2,50.0,2,1.0,2.0,1.0,CSS10_nl_fy_mapped,nl,mapped,3191,0.7360212295121642,True,0.8103925147022899
310,340,s.83d1c8da-775e-47c5-b876-c24e689effb5.txt,CSS10_nl_fy_separate_3191:2,91.0,1,1.0,1.0,1.0,CSS10_nl_fy_separate,nl,separate,3191,0.7360212295121642,True,0.8103925147022899
311,341,s.8f012b11-e164-4463-89d6-76ac05df7d4f.txt,CSS10_nl_fy_separate_3191:2,13.0,1,1.0,1.0,1.0,CSS10_nl_fy_separate,nl,separate,3191,0.7360212295121642,True,0.8103925147022899
312,342,s.b8c69f87-7635-426b-b138-7210e7dad9ba.txt,CSS10_nl_fy_separate_3191:2,25.0,1,1.0,1.0,1.0,CSS10_nl_fy_separate,nl,separate,3191,0.7360212295121642,True,0.8103925147022899
313,343,s.b67dc388-03b9-4cc5-aaf5-1b6b03cc47d6.txt,CSS10_nl_fy_separate_3191:2,2.0,1,1.0,1.0,1.0,CSS10_nl_fy_separate,nl,separate,3191,0.7360212295121642,True,0.8103925147022899
314,344,s.6930d8e3-ee74-4ee7-b66e-858a663351b5.txt,CSS10_nl_fy_separate_3191:2,5.0,1,1.0,1.0,1.0,CSS10_nl_fy_separate,nl,separate,3191,0.7360212295121642,True,0.8103925147022899
315,345,s.e19d792d-c790-484d-a173-73533520cf42.txt,CSS10_nl_fy_separate_3191:2,22.0,1,1.0,1.0,1.0,CSS10_nl_fy_separate,nl,separate,3191,0.7360212295121642,True,0.8103925147022899
316,346,s.ff5943a7-8e9e-4ae1-9e43-076dc4780731.txt,CSS10_nl_fy_separate_3191:2,2.0,1,1.0,1.0,1.0,CSS10_nl_fy_separate,nl,separate,3191,0.7360212295121642,True,0.8103925147022899
317,347,s.033b1921-c23f-46c7-a0d6-1b10799225aa.txt,CSS10_nl_fy_separate_3191:2,25.0,2,2.0,2.0,1.0,CSS10_nl_fy_separate,nl,separate,3191,0.7360212295121642,True,0.8103925147022899
318,348,s.5cbe2346-dad6-4a38-9f89-f0b7990ecfcd.txt,CSS10_nl_fy_separate_3191:2,3.0,2,1.0,1.0,1.0,CSS10_nl_fy_separate,nl,separate,3191,0.7360212295121642,True,0.8103925147022899
319,349,s.bcd85a77-03e1-459a-b454-ccdc52fc928b.txt,CSS10_nl_fy_separate_3191:2,57.0,2,1.0,2.0,1.0,CSS10_nl_fy_separate,nl,separate,3191,0.7360212295121642,True,0.8103925147022899
320,350,s.83d1c8da-775e-47c5-b876-c24e689effb5.txt,CSS10_fi_fy_mapped_3191:2,100.0,1,1.0,1.0,1.0,CSS10_fi_fy_mapped,fi,mapped,3191,0.4712875776700755,False,0.5728779022239412
321,351,s.8f012b11-e164-4463-89d6-76ac05df7d4f.txt,CSS10_fi_fy_mapped_3191:2,44.0,1,1.0,1.0,1.0,CSS10_fi_fy_mapped,fi,mapped,3191,0.4712875776700755,False,0.5728779022239412
322,352,s.b8c69f87-7635-426b-b138-7210e7dad9ba.txt,CSS10_fi_fy_mapped_3191:2,40.0,1,1.0,1.0,1.0,CSS10_fi_fy_mapped,fi,mapped,3191,0.4712875776700755,False,0.5728779022239412
323,353,s.b67dc388-03b9-4cc5-aaf5-1b6b03cc47d6.txt,CSS10_fi_fy_mapped_3191:2,0.0,1,1.0,1.0,1.0,CSS10_fi_fy_mapped,fi,mapped,3191,0.4712875776700755,False,0.5728779022239412
324,354,s.6930d8e3-ee74-4ee7-b66e-858a663351b5.txt,CSS10_fi_fy_mapped_3191:2,25.0,1,1.0,1.0,1.0,CSS10_fi_fy_mapped,fi,mapped,3191,0.4712875776700755,False,0.5728779022239412
325,355,s.e19d792d-c790-484d-a173-73533520cf42.txt,CSS10_fi_fy_mapped_3191:2,47.0,1,1.0,1.0,1.0,CSS10_fi_fy_mapped,fi,mapped,3191,0.4712875776700755,False,0.5728779022239412
326,356,s.ff5943a7-8e9e-4ae1-9e43-076dc4780731.txt,CSS10_fi_fy_mapped_3191:2,13.0,1,1.0,1.0,1.0,CSS10_fi_fy_mapped,fi,mapped,3191,0.4712875776700755,False,0.5728779022239412
327,357,s.033b1921-c23f-46c7-a0d6-1b10799225aa.txt,CSS10_fi_fy_mapped_3191:2,10.0,2,2.0,2.0,1.0,CSS10_fi_fy_mapped,fi,mapped,3191,0.4712875776700755,False,0.5728779022239412
328,358,s.5cbe2346-dad6-4a38-9f89-f0b7990ecfcd.txt,CSS10_fi_fy_mapped_3191:2,29.0,2,1.0,1.0,1.0,CSS10_fi_fy_mapped,fi,mapped,3191,0.4712875776700755,False,0.5728779022239412
329,359,s.bcd85a77-03e1-459a-b454-ccdc52fc928b.txt,CSS10_fi_fy_mapped_3191:2,77.0,2,1.0,2.0,1.0,CSS10_fi_fy_mapped,fi,mapped,3191,0.4712875776700755,False,0.5728779022239412
330,360,s.83d1c8da-775e-47c5-b876-c24e689effb5.txt,CSS10_fi_fy_separate_3191:2,100.0,1,1.0,1.0,1.0,CSS10_fi_fy_separate,fi,separate,3191,0.4712875776700755,False,0.5728779022239412
331,361,s.8f012b11-e164-4463-89d6-76ac05df7d4f.txt,CSS10_fi_fy_separate_3191:2,55.0,1,1.0,1.0,1.0,CSS10_fi_fy_separate,fi,separate,3191,0.4712875776700755,False,0.5728779022239412
332,362,s.b8c69f87-7635-426b-b138-7210e7dad9ba.txt,CSS10_fi_fy_separate_3191:2,60.0,1,1.0,1.0,1.0,CSS10_fi_fy_separate,fi,separate,3191,0.4712875776700755,False,0.5728779022239412
333,363,s.b67dc388-03b9-4cc5-aaf5-1b6b03cc47d6.txt,CSS10_fi_fy_separate_3191:2,50.0,1,1.0,1.0,1.0,CSS10_fi_fy_separate,fi,separate,3191,0.4712875776700755,False,0.5728779022239412
334,364,s.6930d8e3-ee74-4ee7-b66e-858a663351b5.txt,CSS10_fi_fy_separate_3191:2,50.0,1,1.0,1.0,1.0,CSS10_fi_fy_separate,fi,separate,3191,0.4712875776700755,False,0.5728779022239412
335,365,s.e19d792d-c790-484d-a173-73533520cf42.txt,CSS10_fi_fy_separate_3191:2,52.0,1,1.0,1.0,1.0,CSS10_fi_fy_separate,fi,separate,3191,0.4712875776700755,False,0.5728779022239412
336,366,s.ff5943a7-8e9e-4ae1-9e43-076dc4780731.txt,CSS10_fi_fy_separate_3191:2,18.0,1,1.0,1.0,1.0,CSS10_fi_fy_separate,fi,separate,3191,0.4712875776700755,False,0.5728779022239412
337,367,s.033b1921-c23f-46c7-a0d6-1b10799225aa.txt,CSS10_fi_fy_separate_3191:2,15.0,2,2.0,2.0,1.0,CSS10_fi_fy_separate,fi,separate,3191,0.4712875776700755,False,0.5728779022239412
338,368,s.5cbe2346-dad6-4a38-9f89-f0b7990ecfcd.txt,CSS10_fi_fy_separate_3191:2,63.0,2,1.0,1.0,1.0,CSS10_fi_fy_separate,fi,separate,3191,0.4712875776700755,False,0.5728779022239412
339,369,s.bcd85a77-03e1-459a-b454-ccdc52fc928b.txt,CSS10_fi_fy_separate_3191:2,49.0,2,1.0,2.0,1.0,CSS10_fi_fy_separate,fi,separate,3191,0.4712875776700755,False,0.5728779022239412
340,370,s.83d1c8da-775e-47c5-b876-c24e689effb5.txt,CSS10_es_ES_fy_mapped_3191:2,82.0,1,1.0,1.0,1.0,CSS10_es_ES_fy_mapped,es,mapped,3191,0.3556332899614416,True,0.5437643566056134
341,371,s.8f012b11-e164-4463-89d6-76ac05df7d4f.txt,CSS10_es_ES_fy_mapped_3191:2,17.0,1,1.0,1.0,1.0,CSS10_es_ES_fy_mapped,es,mapped,3191,0.3556332899614416,True,0.5437643566056134
342,372,s.b8c69f87-7635-426b-b138-7210e7dad9ba.txt,CSS10_es_ES_fy_mapped_3191:2,20.0,1,1.0,1.0,1.0,CSS10_es_ES_fy_mapped,es,mapped,3191,0.3556332899614416,True,0.5437643566056134
343,373,s.b67dc388-03b9-4cc5-aaf5-1b6b03cc47d6.txt,CSS10_es_ES_fy_mapped_3191:2,2.0,1,1.0,1.0,1.0,CSS10_es_ES_fy_mapped,es,mapped,3191,0.3556332899614416,True,0.5437643566056134
344,374,s.6930d8e3-ee74-4ee7-b66e-858a663351b5.txt,CSS10_es_ES_fy_mapped_3191:2,5.0,1,1.0,1.0,1.0,CSS10_es_ES_fy_mapped,es,mapped,3191,0.3556332899614416,True,0.5437643566056134
345,375,s.e19d792d-c790-484d-a173-73533520cf42.txt,CSS10_es_ES_fy_mapped_3191:2,18.0,1,1.0,1.0,1.0,CSS10_es_ES_fy_mapped,es,mapped,3191,0.3556332899614416,True,0.5437643566056134
346,376,s.ff5943a7-8e9e-4ae1-9e43-076dc4780731.txt,CSS10_es_ES_fy_mapped_3191:2,13.0,1,1.0,1.0,1.0,CSS10_es_ES_fy_mapped,es,mapped,3191,0.3556332899614416,True,0.5437643566056134
347,377,s.033b1921-c23f-46c7-a0d6-1b10799225aa.txt,CSS10_es_ES_fy_mapped_3191:2,13.0,2,2.0,2.0,1.0,CSS10_es_ES_fy_mapped,es,mapped,3191,0.3556332899614416,True,0.5437643566056134
348,378,s.5cbe2346-dad6-4a38-9f89-f0b7990ecfcd.txt,CSS10_es_ES_fy_mapped_3191:2,3.0,2,1.0,1.0,1.0,CSS10_es_ES_fy_mapped,es,mapped,3191,0.3556332899614416,True,0.5437643566056134
349,379,s.bcd85a77-03e1-459a-b454-ccdc52fc928b.txt,CSS10_es_ES_fy_mapped_3191:2,42.0,2,1.0,2.0,1.0,CSS10_es_ES_fy_mapped,es,mapped,3191,0.3556332899614416,True,0.5437643566056134
350,380,s.83d1c8da-775e-47c5-b876-c24e689effb5.txt,CSS10_es_ES_fy_separate_3191:2,85.0,1,1.0,1.0,1.0,CSS10_es_ES_fy_separate,es,separate,3191,0.3556332899614416,True,0.5437643566056134
351,381,s.8f012b11-e164-4463-89d6-76ac05df7d4f.txt,CSS10_es_ES_fy_separate_3191:2,13.0,1,1.0,1.0,1.0,CSS10_es_ES_fy_separate,es,separate,3191,0.3556332899614416,True,0.5437643566056134
352,382,s.b8c69f87-7635-426b-b138-7210e7dad9ba.txt,CSS10_es_ES_fy_separate_3191:2,30.0,1,1.0,1.0,1.0,CSS10_es_ES_fy_separate,es,separate,3191,0.3556332899614416,True,0.5437643566056134
353,383,s.b67dc388-03b9-4cc5-aaf5-1b6b03cc47d6.txt,CSS10_es_ES_fy_separate_3191:2,1.0,1,1.0,1.0,1.0,CSS10_es_ES_fy_separate,es,separate,3191,0.3556332899614416,True,0.5437643566056134
354,384,s.6930d8e3-ee74-4ee7-b66e-858a663351b5.txt,CSS10_es_ES_fy_separate_3191:2,0.0,1,1.0,1.0,1.0,CSS10_es_ES_fy_separate,es,separate,3191,0.3556332899614416,True,0.5437643566056134
355,385,s.e19d792d-c790-484d-a173-73533520cf42.txt,CSS10_es_ES_fy_separate_3191:2,20.0,1,1.0,1.0,1.0,CSS10_es_ES_fy_separate,es,separate,3191,0.3556332899614416,True,0.5437643566056134
356,386,s.ff5943a7-8e9e-4ae1-9e43-076dc4780731.txt,CSS10_es_ES_fy_separate_3191:2,4.0,1,1.0,1.0,1.0,CSS10_es_ES_fy_separate,es,separate,3191,0.3556332899614416,True,0.5437643566056134
357,387,s.033b1921-c23f-46c7-a0d6-1b10799225aa.txt,CSS10_es_ES_fy_separate_3191:2,5.0,2,2.0,2.0,1.0,CSS10_es_ES_fy_separate,es,separate,3191,0.3556332899614416,True,0.5437643566056134
358,388,s.5cbe2346-dad6-4a38-9f89-f0b7990ecfcd.txt,CSS10_es_ES_fy_separate_3191:2,11.0,2,1.0,1.0,1.0,CSS10_es_ES_fy_separate,es,separate,3191,0.3556332899614416,True,0.5437643566056134
359,389,s.bcd85a77-03e1-459a-b454-ccdc52fc928b.txt,CSS10_es_ES_fy_separate_3191:2,56.0,2,1.0,2.0,1.0,CSS10_es_ES_fy_separate,es,separate,3191,0.3556332899614416,True,0.5437643566056134
360,390,s.83d1c8da-775e-47c5-b876-c24e689effb5.txt,CSS10_fr_FR_fy_mapped_3191:2,94.0,1,1.0,1.0,1.0,CSS10_fr_FR_fy_mapped,fr,mapped,3191,0.3858417708035707,True,0.5769306207172533
361,391,s.8f012b11-e164-4463-89d6-76ac05df7d4f.txt,CSS10_fr_FR_fy_mapped_3191:2,6.0,1,1.0,1.0,1.0,CSS10_fr_FR_fy_mapped,fr,mapped,3191,0.3858417708035707,True,0.5769306207172533
362,392,s.b8c69f87-7635-426b-b138-7210e7dad9ba.txt,CSS10_fr_FR_fy_mapped_3191:2,20.0,1,1.0,1.0,1.0,CSS10_fr_FR_fy_mapped,fr,mapped,3191,0.3858417708035707,True,0.5769306207172533
363,393,s.b67dc388-03b9-4cc5-aaf5-1b6b03cc47d6.txt,CSS10_fr_FR_fy_mapped_3191:2,1.0,1,1.0,1.0,1.0,CSS10_fr_FR_fy_mapped,fr,mapped,3191,0.3858417708035707,True,0.5769306207172533
364,394,s.6930d8e3-ee74-4ee7-b66e-858a663351b5.txt,CSS10_fr_FR_fy_mapped_3191:2,0.0,1,1.0,1.0,1.0,CSS10_fr_FR_fy_mapped,fr,mapped,3191,0.3858417708035707,True,0.5769306207172533
365,395,s.e19d792d-c790-484d-a173-73533520cf42.txt,CSS10_fr_FR_fy_mapped_3191:2,16.0,1,1.0,1.0,1.0,CSS10_fr_FR_fy_mapped,fr,mapped,3191,0.3858417708035707,True,0.5769306207172533
366,396,s.ff5943a7-8e9e-4ae1-9e43-076dc4780731.txt,CSS10_fr_FR_fy_mapped_3191:2,6.0,1,1.0,1.0,1.0,CSS10_fr_FR_fy_mapped,fr,mapped,3191,0.3858417708035707,True,0.5769306207172533
367,397,s.033b1921-c23f-46c7-a0d6-1b10799225aa.txt,CSS10_fr_FR_fy_mapped_3191:2,18.0,2,2.0,2.0,1.0,CSS10_fr_FR_fy_mapped,fr,mapped,3191,0.3858417708035707,True,0.5769306207172533
368,398,s.5cbe2346-dad6-4a38-9f89-f0b7990ecfcd.txt,CSS10_fr_FR_fy_mapped_3191:2,1.0,2,1.0,1.0,1.0,CSS10_fr_FR_fy_mapped,fr,mapped,3191,0.3858417708035707,True,0.5769306207172533
369,399,s.bcd85a77-03e1-459a-b454-ccdc52fc928b.txt,CSS10_fr_FR_fy_mapped_3191:2,19.0,2,1.0,2.0,1.0,CSS10_fr_FR_fy_mapped,fr,mapped,3191,0.3858417708035707,True,0.5769306207172533
370,400,s.83d1c8da-775e-47c5-b876-c24e689effb5.txt,CSS10_fr_FR_fy_separate_3191:2,100.0,1,1.0,1.0,1.0,CSS10_fr_FR_fy_separate,fr,separate,3191,0.3858417708035707,True,0.5769306207172533
371,401,s.8f012b11-e164-4463-89d6-76ac05df7d4f.txt,CSS10_fr_FR_fy_separate_3191:2,23.0,1,1.0,1.0,1.0,CSS10_fr_FR_fy_separate,fr,separate,3191,0.3858417708035707,True,0.5769306207172533
372,402,s.b8c69f87-7635-426b-b138-7210e7dad9ba.txt,CSS10_fr_FR_fy_separate_3191:2,80.0,1,1.0,1.0,1.0,CSS10_fr_FR_fy_separate,fr,separate,3191,0.3858417708035707,True,0.5769306207172533
373,403,s.b67dc388-03b9-4cc5-aaf5-1b6b03cc47d6.txt,CSS10_fr_FR_fy_separate_3191:2,1.0,1,1.0,1.0,1.0,CSS10_fr_FR_fy_separate,fr,separate,3191,0.3858417708035707,True,0.5769306207172533
374,404,s.6930d8e3-ee74-4ee7-b66e-858a663351b5.txt,CSS10_fr_FR_fy_separate_3191:2,25.0,1,1.0,1.0,1.0,CSS10_fr_FR_fy_separate,fr,separate,3191,0.3858417708035707,True,0.5769306207172533
375,405,s.e19d792d-c790-484d-a173-73533520cf42.txt,CSS10_fr_FR_fy_separate_3191:2,51.0,1,1.0,1.0,1.0,CSS10_fr_FR_fy_separate,fr,separate,3191,0.3858417708035707,True,0.5769306207172533
376,406,s.ff5943a7-8e9e-4ae1-9e43-076dc4780731.txt,CSS10_fr_FR_fy_separate_3191:2,11.0,1,1.0,1.0,1.0,CSS10_fr_FR_fy_separate,fr,separate,3191,0.3858417708035707,True,0.5769306207172533
377,407,s.033b1921-c23f-46c7-a0d6-1b10799225aa.txt,CSS10_fr_FR_fy_separate_3191:2,38.0,2,2.0,2.0,1.0,CSS10_fr_FR_fy_separate,fr,separate,3191,0.3858417708035707,True,0.5769306207172533
378,408,s.5cbe2346-dad6-4a38-9f89-f0b7990ecfcd.txt,CSS10_fr_FR_fy_separate_3191:2,14.0,2,1.0,1.0,1.0,CSS10_fr_FR_fy_separate,fr,separate,3191,0.3858417708035707,True,0.5769306207172533
379,409,s.bcd85a77-03e1-459a-b454-ccdc52fc928b.txt,CSS10_fr_FR_fy_separate_3191:2,60.0,2,1.0,2.0,1.0,CSS10_fr_FR_fy_separate,fr,separate,3191,0.3858417708035707,True,0.5769306207172533
380,410,s.83d1c8da-775e-47c5-b876-c24e689effb5.txt,CSS10_ja_fy_mapped_3191:2,80.0,1,1.0,1.0,1.0,CSS10_ja_fy_mapped,ja,mapped,3191,0.3376253301286601,False,0.4908368001062224
381,411,s.8f012b11-e164-4463-89d6-76ac05df7d4f.txt,CSS10_ja_fy_mapped_3191:2,6.0,1,1.0,1.0,1.0,CSS10_ja_fy_mapped,ja,mapped,3191,0.3376253301286601,False,0.4908368001062224
382,412,s.b8c69f87-7635-426b-b138-7210e7dad9ba.txt,CSS10_ja_fy_mapped_3191:2,15.0,1,1.0,1.0,1.0,CSS10_ja_fy_mapped,ja,mapped,3191,0.3376253301286601,False,0.4908368001062224
383,413,s.b67dc388-03b9-4cc5-aaf5-1b6b03cc47d6.txt,CSS10_ja_fy_mapped_3191:2,0.0,1,1.0,1.0,1.0,CSS10_ja_fy_mapped,ja,mapped,3191,0.3376253301286601,False,0.4908368001062224
384,414,s.6930d8e3-ee74-4ee7-b66e-858a663351b5.txt,CSS10_ja_fy_mapped_3191:2,0.0,1,1.0,1.0,1.0,CSS10_ja_fy_mapped,ja,mapped,3191,0.3376253301286601,False,0.4908368001062224
385,415,s.e19d792d-c790-484d-a173-73533520cf42.txt,CSS10_ja_fy_mapped_3191:2,22.0,1,1.0,1.0,1.0,CSS10_ja_fy_mapped,ja,mapped,3191,0.3376253301286601,False,0.4908368001062224
386,416,s.ff5943a7-8e9e-4ae1-9e43-076dc4780731.txt,CSS10_ja_fy_mapped_3191:2,0.0,1,1.0,1.0,1.0,CSS10_ja_fy_mapped,ja,mapped,3191,0.3376253301286601,False,0.4908368001062224
387,417,s.033b1921-c23f-46c7-a0d6-1b10799225aa.txt,CSS10_ja_fy_mapped_3191:2,28.0,2,2.0,2.0,1.0,CSS10_ja_fy_mapped,ja,mapped,3191,0.3376253301286601,False,0.4908368001062224
388,418,s.5cbe2346-dad6-4a38-9f89-f0b7990ecfcd.txt,CSS10_ja_fy_mapped_3191:2,3.0,2,1.0,1.0,1.0,CSS10_ja_fy_mapped,ja,mapped,3191,0.3376253301286601,False,0.4908368001062224
389,419,s.bcd85a77-03e1-459a-b454-ccdc52fc928b.txt,CSS10_ja_fy_mapped_3191:2,46.0,2,1.0,2.0,1.0,CSS10_ja_fy_mapped,ja,mapped,3191,0.3376253301286601,False,0.4908368001062224
390,420,s.83d1c8da-775e-47c5-b876-c24e689effb5.txt,CSS10_ja_fy_separate_3191:2,100.0,1,1.0,1.0,1.0,CSS10_ja_fy_separate,ja,separate,3191,0.3376253301286601,False,0.4908368001062224
391,421,s.8f012b11-e164-4463-89d6-76ac05df7d4f.txt,CSS10_ja_fy_separate_3191:2,7.0,1,1.0,1.0,1.0,CSS10_ja_fy_separate,ja,separate,3191,0.3376253301286601,False,0.4908368001062224
392,422,s.b8c69f87-7635-426b-b138-7210e7dad9ba.txt,CSS10_ja_fy_separate_3191:2,70.0,1,1.0,1.0,1.0,CSS10_ja_fy_separate,ja,separate,3191,0.3376253301286601,False,0.4908368001062224
393,423,s.b67dc388-03b9-4cc5-aaf5-1b6b03cc47d6.txt,CSS10_ja_fy_separate_3191:2,0.0,1,1.0,1.0,1.0,CSS10_ja_fy_separate,ja,separate,3191,0.3376253301286601,False,0.4908368001062224
394,424,s.6930d8e3-ee74-4ee7-b66e-858a663351b5.txt,CSS10_ja_fy_separate_3191:2,0.0,1,1.0,1.0,1.0,CSS10_ja_fy_separate,ja,separate,3191,0.3376253301286601,False,0.4908368001062224
395,425,s.e19d792d-c790-484d-a173-73533520cf42.txt,CSS10_ja_fy_separate_3191:2,13.0,1,1.0,1.0,1.0,CSS10_ja_fy_separate,ja,separate,3191,0.3376253301286601,False,0.4908368001062224
396,426,s.ff5943a7-8e9e-4ae1-9e43-076dc4780731.txt,CSS10_ja_fy_separate_3191:2,5.0,1,1.0,1.0,1.0,CSS10_ja_fy_separate,ja,separate,3191,0.3376253301286601,False,0.4908368001062224
397,427,s.033b1921-c23f-46c7-a0d6-1b10799225aa.txt,CSS10_ja_fy_separate_3191:2,11.0,2,2.0,2.0,1.0,CSS10_ja_fy_separate,ja,separate,3191,0.3376253301286601,False,0.4908368001062224
398,428,s.5cbe2346-dad6-4a38-9f89-f0b7990ecfcd.txt,CSS10_ja_fy_separate_3191:2,4.0,2,1.0,1.0,1.0,CSS10_ja_fy_separate,ja,separate,3191,0.3376253301286601,False,0.4908368001062224
399,429,s.bcd85a77-03e1-459a-b454-ccdc52fc928b.txt,CSS10_ja_fy_separate_3191:2,54.0,2,1.0,2.0,1.0,CSS10_ja_fy_separate,ja,separate,3191,0.3376253301286601,False,0.4908368001062224
400,440,s.5ec22c2c-6a42-4a7e-a4f1-084d8f095323.txt,CSS10_nl_fy_mapped_575:2,36.0,1,1.0,2.0,2.0,CSS10_nl_fy_mapped,nl,mapped,575,0.7360212295121642,True,0.8099941296836777
401,441,s.66715fa2-8356-40f9-8aea-6c555da82347.txt,CSS10_nl_fy_mapped_575:2,33.0,1,2.0,1.0,2.0,CSS10_nl_fy_mapped,nl,mapped,575,0.7360212295121642,True,0.8099941296836777
402,442,s.5378b2ff-e14c-4239-8c98-af2b3595b703.txt,CSS10_nl_fy_mapped_575:2,17.0,1,1.0,1.0,2.0,CSS10_nl_fy_mapped,nl,mapped,575,0.7360212295121642,True,0.8099941296836777
403,443,s.08887e64-8b13-4122-a17c-9796858b4e89.txt,CSS10_nl_fy_mapped_575:2,35.0,1,2.0,1.0,2.0,CSS10_nl_fy_mapped,nl,mapped,575,0.7360212295121642,True,0.8099941296836777
404,444,s.05e06cce-81a5-4981-98c9-57b78452f0ee.txt,CSS10_nl_fy_mapped_575:2,80.0,1,1.0,1.0,2.0,CSS10_nl_fy_mapped,nl,mapped,575,0.7360212295121642,True,0.8099941296836777
405,445,s.6a188812-3275-43c9-9262-4bf77fa17cdc.txt,CSS10_nl_fy_mapped_575:2,70.0,2,1.0,1.0,2.0,CSS10_nl_fy_mapped,nl,mapped,575,0.7360212295121642,True,0.8099941296836777
406,446,s.44b9c07f-fe53-4ca6-b230-01bcda2bea10.txt,CSS10_nl_fy_mapped_575:2,11.0,2,2.0,1.0,2.0,CSS10_nl_fy_mapped,nl,mapped,575,0.7360212295121642,True,0.8099941296836777
407,447,s.fdb5f1c3-1a11-470b-ab52-ae8735a9bbea.txt,CSS10_nl_fy_mapped_575:2,68.0,2,3.0,3.0,2.0,CSS10_nl_fy_mapped,nl,mapped,575,0.7360212295121642,True,0.8099941296836777
408,448,s.5ec22c2c-6a42-4a7e-a4f1-084d8f095323.txt,CSS10_nl_fy_separate_575:2,52.0,1,1.0,2.0,2.0,CSS10_nl_fy_separate,nl,separate,575,0.7360212295121642,True,0.8099941296836777
409,449,s.66715fa2-8356-40f9-8aea-6c555da82347.txt,CSS10_nl_fy_separate_575:2,12.0,1,2.0,1.0,2.0,CSS10_nl_fy_separate,nl,separate,575,0.7360212295121642,True,0.8099941296836777
410,450,s.5378b2ff-e14c-4239-8c98-af2b3595b703.txt,CSS10_nl_fy_separate_575:2,9.0,1,1.0,1.0,2.0,CSS10_nl_fy_separate,nl,separate,575,0.7360212295121642,True,0.8099941296836777
411,451,s.08887e64-8b13-4122-a17c-9796858b4e89.txt,CSS10_nl_fy_separate_575:2,25.0,1,2.0,1.0,2.0,CSS10_nl_fy_separate,nl,separate,575,0.7360212295121642,True,0.8099941296836777
412,452,s.05e06cce-81a5-4981-98c9-57b78452f0ee.txt,CSS10_nl_fy_separate_575:2,30.0,1,1.0,1.0,2.0,CSS10_nl_fy_separate,nl,separate,575,0.7360212295121642,True,0.8099941296836777
413,453,s.6a188812-3275-43c9-9262-4bf77fa17cdc.txt,CSS10_nl_fy_separate_575:2,8.0,2,1.0,1.0,2.0,CSS10_nl_fy_separate,nl,separate,575,0.7360212295121642,True,0.8099941296836777
414,454,s.44b9c07f-fe53-4ca6-b230-01bcda2bea10.txt,CSS10_nl_fy_separate_575:2,4.0,2,2.0,1.0,2.0,CSS10_nl_fy_separate,nl,separate,575,0.7360212295121642,True,0.8099941296836777
415,455,s.fdb5f1c3-1a11-470b-ab52-ae8735a9bbea.txt,CSS10_nl_fy_separate_575:2,59.0,2,3.0,3.0,2.0,CSS10_nl_fy_separate,nl,separate,575,0.7360212295121642,True,0.8099941296836777
416,456,s.5ec22c2c-6a42-4a7e-a4f1-084d8f095323.txt,CSS10_fi_fy_mapped_575:2,35.0,1,1.0,2.0,2.0,CSS10_fi_fy_mapped,fi,mapped,575,0.4712875776700755,False,0.586814619049218
417,457,s.66715fa2-8356-40f9-8aea-6c555da82347.txt,CSS10_fi_fy_mapped_575:2,16.0,1,2.0,1.0,2.0,CSS10_fi_fy_mapped,fi,mapped,575,0.4712875776700755,False,0.586814619049218
418,458,s.5378b2ff-e14c-4239-8c98-af2b3595b703.txt,CSS10_fi_fy_mapped_575:2,10.0,1,1.0,1.0,2.0,CSS10_fi_fy_mapped,fi,mapped,575,0.4712875776700755,False,0.586814619049218
419,459,s.08887e64-8b13-4122-a17c-9796858b4e89.txt,CSS10_fi_fy_mapped_575:2,50.0,1,2.0,1.0,2.0,CSS10_fi_fy_mapped,fi,mapped,575,0.4712875776700755,False,0.586814619049218
420,460,s.05e06cce-81a5-4981-98c9-57b78452f0ee.txt,CSS10_fi_fy_mapped_575:2,40.0,1,1.0,1.0,2.0,CSS10_fi_fy_mapped,fi,mapped,575,0.4712875776700755,False,0.586814619049218
421,461,s.6a188812-3275-43c9-9262-4bf77fa17cdc.txt,CSS10_fi_fy_mapped_575:2,25.0,2,1.0,1.0,2.0,CSS10_fi_fy_mapped,fi,mapped,575,0.4712875776700755,False,0.586814619049218
422,462,s.44b9c07f-fe53-4ca6-b230-01bcda2bea10.txt,CSS10_fi_fy_mapped_575:2,7.0,2,2.0,1.0,2.0,CSS10_fi_fy_mapped,fi,mapped,575,0.4712875776700755,False,0.586814619049218
423,463,s.fdb5f1c3-1a11-470b-ab52-ae8735a9bbea.txt,CSS10_fi_fy_mapped_575:2,60.0,2,3.0,3.0,2.0,CSS10_fi_fy_mapped,fi,mapped,575,0.4712875776700755,False,0.586814619049218
424,464,s.5ec22c2c-6a42-4a7e-a4f1-084d8f095323.txt,CSS10_fi_fy_separate_575:2,16.0,1,1.0,2.0,2.0,CSS10_fi_fy_separate,fi,separate,575,0.4712875776700755,False,0.586814619049218
425,465,s.66715fa2-8356-40f9-8aea-6c555da82347.txt,CSS10_fi_fy_separate_575:2,14.0,1,2.0,1.0,2.0,CSS10_fi_fy_separate,fi,separate,575,0.4712875776700755,False,0.586814619049218
426,466,s.5378b2ff-e14c-4239-8c98-af2b3595b703.txt,CSS10_fi_fy_separate_575:2,28.0,1,1.0,1.0,2.0,CSS10_fi_fy_separate,fi,separate,575,0.4712875776700755,False,0.586814619049218
427,467,s.08887e64-8b13-4122-a17c-9796858b4e89.txt,CSS10_fi_fy_separate_575:2,39.0,1,2.0,1.0,2.0,CSS10_fi_fy_separate,fi,separate,575,0.4712875776700755,False,0.586814619049218
428,468,s.05e06cce-81a5-4981-98c9-57b78452f0ee.txt,CSS10_fi_fy_separate_575:2,20.0,1,1.0,1.0,2.0,CSS10_fi_fy_separate,fi,separate,575,0.4712875776700755,False,0.586814619049218
429,469,s.6a188812-3275-43c9-9262-4bf77fa17cdc.txt,CSS10_fi_fy_separate_575:2,7.0,2,1.0,1.0,2.0,CSS10_fi_fy_separate,fi,separate,575,0.4712875776700755,False,0.586814619049218
430,470,s.44b9c07f-fe53-4ca6-b230-01bcda2bea10.txt,CSS10_fi_fy_separate_575:2,2.0,2,2.0,1.0,2.0,CSS10_fi_fy_separate,fi,separate,575,0.4712875776700755,False,0.586814619049218
431,471,s.fdb5f1c3-1a11-470b-ab52-ae8735a9bbea.txt,CSS10_fi_fy_separate_575:2,45.0,2,3.0,3.0,2.0,CSS10_fi_fy_separate,fi,separate,575,0.4712875776700755,False,0.586814619049218
432,472,s.5ec22c2c-6a42-4a7e-a4f1-084d8f095323.txt,CSS10_es_ES_fy_mapped_575:2,40.0,1,1.0,2.0,2.0,CSS10_es_ES_fy_mapped,es,mapped,575,0.3556332899614416,True,0.553445646037472
433,473,s.66715fa2-8356-40f9-8aea-6c555da82347.txt,CSS10_es_ES_fy_mapped_575:2,27.0,1,2.0,1.0,2.0,CSS10_es_ES_fy_mapped,es,mapped,575,0.3556332899614416,True,0.553445646037472
434,474,s.5378b2ff-e14c-4239-8c98-af2b3595b703.txt,CSS10_es_ES_fy_mapped_575:2,18.0,1,1.0,1.0,2.0,CSS10_es_ES_fy_mapped,es,mapped,575,0.3556332899614416,True,0.553445646037472
435,475,s.08887e64-8b13-4122-a17c-9796858b4e89.txt,CSS10_es_ES_fy_mapped_575:2,48.0,1,2.0,1.0,2.0,CSS10_es_ES_fy_mapped,es,mapped,575,0.3556332899614416,True,0.553445646037472
436,476,s.05e06cce-81a5-4981-98c9-57b78452f0ee.txt,CSS10_es_ES_fy_mapped_575:2,25.0,1,1.0,1.0,2.0,CSS10_es_ES_fy_mapped,es,mapped,575,0.3556332899614416,True,0.553445646037472
437,477,s.6a188812-3275-43c9-9262-4bf77fa17cdc.txt,CSS10_es_ES_fy_mapped_575:2,20.0,2,1.0,1.0,2.0,CSS10_es_ES_fy_mapped,es,mapped,575,0.3556332899614416,True,0.553445646037472
438,478,s.44b9c07f-fe53-4ca6-b230-01bcda2bea10.txt,CSS10_es_ES_fy_mapped_575:2,7.0,2,2.0,1.0,2.0,CSS10_es_ES_fy_mapped,es,mapped,575,0.3556332899614416,True,0.553445646037472
439,479,s.fdb5f1c3-1a11-470b-ab52-ae8735a9bbea.txt,CSS10_es_ES_fy_mapped_575:2,55.0,2,3.0,3.0,2.0,CSS10_es_ES_fy_mapped,es,mapped,575,0.3556332899614416,True,0.553445646037472
440,480,s.5ec22c2c-6a42-4a7e-a4f1-084d8f095323.txt,CSS10_es_ES_fy_separate_575:2,13.0,1,1.0,2.0,2.0,CSS10_es_ES_fy_separate,es,separate,575,0.3556332899614416,True,0.553445646037472
441,481,s.66715fa2-8356-40f9-8aea-6c555da82347.txt,CSS10_es_ES_fy_separate_575:2,22.0,1,2.0,1.0,2.0,CSS10_es_ES_fy_separate,es,separate,575,0.3556332899614416,True,0.553445646037472
442,482,s.5378b2ff-e14c-4239-8c98-af2b3595b703.txt,CSS10_es_ES_fy_separate_575:2,40.0,1,1.0,1.0,2.0,CSS10_es_ES_fy_separate,es,separate,575,0.3556332899614416,True,0.553445646037472
443,483,s.08887e64-8b13-4122-a17c-9796858b4e89.txt,CSS10_es_ES_fy_separate_575:2,18.0,1,2.0,1.0,2.0,CSS10_es_ES_fy_separate,es,separate,575,0.3556332899614416,True,0.553445646037472
444,484,s.05e06cce-81a5-4981-98c9-57b78452f0ee.txt,CSS10_es_ES_fy_separate_575:2,30.0,1,1.0,1.0,2.0,CSS10_es_ES_fy_separate,es,separate,575,0.3556332899614416,True,0.553445646037472
445,485,s.6a188812-3275-43c9-9262-4bf77fa17cdc.txt,CSS10_es_ES_fy_separate_575:2,8.0,2,1.0,1.0,2.0,CSS10_es_ES_fy_separate,es,separate,575,0.3556332899614416,True,0.553445646037472
446,486,s.44b9c07f-fe53-4ca6-b230-01bcda2bea10.txt,CSS10_es_ES_fy_separate_575:2,10.0,2,2.0,1.0,2.0,CSS10_es_ES_fy_separate,es,separate,575,0.3556332899614416,True,0.553445646037472
447,487,s.fdb5f1c3-1a11-470b-ab52-ae8735a9bbea.txt,CSS10_es_ES_fy_separate_575:2,50.0,2,3.0,3.0,2.0,CSS10_es_ES_fy_separate,es,separate,575,0.3556332899614416,True,0.553445646037472
448,488,s.5ec22c2c-6a42-4a7e-a4f1-084d8f095323.txt,CSS10_fr_FR_fy_mapped_575:2,30.0,1,1.0,2.0,2.0,CSS10_fr_FR_fy_mapped,fr,mapped,575,0.3858417708035707,True,0.6071364160502702
449,489,s.66715fa2-8356-40f9-8aea-6c555da82347.txt,CSS10_fr_FR_fy_mapped_575:2,46.0,1,2.0,1.0,2.0,CSS10_fr_FR_fy_mapped,fr,mapped,575,0.3858417708035707,True,0.6071364160502702
450,490,s.5378b2ff-e14c-4239-8c98-af2b3595b703.txt,CSS10_fr_FR_fy_mapped_575:2,13.0,1,1.0,1.0,2.0,CSS10_fr_FR_fy_mapped,fr,mapped,575,0.3858417708035707,True,0.6071364160502702
451,491,s.08887e64-8b13-4122-a17c-9796858b4e89.txt,CSS10_fr_FR_fy_mapped_575:2,42.0,1,2.0,1.0,2.0,CSS10_fr_FR_fy_mapped,fr,mapped,575,0.3858417708035707,True,0.6071364160502702
452,492,s.05e06cce-81a5-4981-98c9-57b78452f0ee.txt,CSS10_fr_FR_fy_mapped_575:2,30.0,1,1.0,1.0,2.0,CSS10_fr_FR_fy_mapped,fr,mapped,575,0.3858417708035707,True,0.6071364160502702
453,493,s.6a188812-3275-43c9-9262-4bf77fa17cdc.txt,CSS10_fr_FR_fy_mapped_575:2,7.0,2,1.0,1.0,2.0,CSS10_fr_FR_fy_mapped,fr,mapped,575,0.3858417708035707,True,0.6071364160502702
454,494,s.44b9c07f-fe53-4ca6-b230-01bcda2bea10.txt,CSS10_fr_FR_fy_mapped_575:2,10.0,2,2.0,1.0,2.0,CSS10_fr_FR_fy_mapped,fr,mapped,575,0.3858417708035707,True,0.6071364160502702
455,495,s.fdb5f1c3-1a11-470b-ab52-ae8735a9bbea.txt,CSS10_fr_FR_fy_mapped_575:2,65.0,2,3.0,3.0,2.0,CSS10_fr_FR_fy_mapped,fr,mapped,575,0.3858417708035707,True,0.6071364160502702
456,496,s.5ec22c2c-6a42-4a7e-a4f1-084d8f095323.txt,CSS10_fr_FR_fy_separate_575:2,9.0,1,1.0,2.0,2.0,CSS10_fr_FR_fy_separate,fr,separate,575,0.3858417708035707,True,0.6071364160502702
457,497,s.66715fa2-8356-40f9-8aea-6c555da82347.txt,CSS10_fr_FR_fy_separate_575:2,23.0,1,2.0,1.0,2.0,CSS10_fr_FR_fy_separate,fr,separate,575,0.3858417708035707,True,0.6071364160502702
458,498,s.5378b2ff-e14c-4239-8c98-af2b3595b703.txt,CSS10_fr_FR_fy_separate_575:2,11.0,1,1.0,1.0,2.0,CSS10_fr_FR_fy_separate,fr,separate,575,0.3858417708035707,True,0.6071364160502702
459,499,s.08887e64-8b13-4122-a17c-9796858b4e89.txt,CSS10_fr_FR_fy_separate_575:2,42.0,1,2.0,1.0,2.0,CSS10_fr_FR_fy_separate,fr,separate,575,0.3858417708035707,True,0.6071364160502702
460,500,s.05e06cce-81a5-4981-98c9-57b78452f0ee.txt,CSS10_fr_FR_fy_separate_575:2,25.0,1,1.0,1.0,2.0,CSS10_fr_FR_fy_separate,fr,separate,575,0.3858417708035707,True,0.6071364160502702
461,501,s.6a188812-3275-43c9-9262-4bf77fa17cdc.txt,CSS10_fr_FR_fy_separate_575:2,5.0,2,1.0,1.0,2.0,CSS10_fr_FR_fy_separate,fr,separate,575,0.3858417708035707,True,0.6071364160502702
462,502,s.44b9c07f-fe53-4ca6-b230-01bcda2bea10.txt,CSS10_fr_FR_fy_separate_575:2,5.0,2,2.0,1.0,2.0,CSS10_fr_FR_fy_separate,fr,separate,575,0.3858417708035707,True,0.6071364160502702
463,503,s.fdb5f1c3-1a11-470b-ab52-ae8735a9bbea.txt,CSS10_fr_FR_fy_separate_575:2,52.0,2,3.0,3.0,2.0,CSS10_fr_FR_fy_separate,fr,separate,575,0.3858417708035707,True,0.6071364160502702
464,504,s.5ec22c2c-6a42-4a7e-a4f1-084d8f095323.txt,CSS10_ja_fy_mapped_575:2,46.0,1,1.0,2.0,2.0,CSS10_ja_fy_mapped,ja,mapped,575,0.3376253301286601,False,0.5094286547029157
465,505,s.66715fa2-8356-40f9-8aea-6c555da82347.txt,CSS10_ja_fy_mapped_575:2,20.0,1,2.0,1.0,2.0,CSS10_ja_fy_mapped,ja,mapped,575,0.3376253301286601,False,0.5094286547029157
466,506,s.5378b2ff-e14c-4239-8c98-af2b3595b703.txt,CSS10_ja_fy_mapped_575:2,26.0,1,1.0,1.0,2.0,CSS10_ja_fy_mapped,ja,mapped,575,0.3376253301286601,False,0.5094286547029157
467,507,s.08887e64-8b13-4122-a17c-9796858b4e89.txt,CSS10_ja_fy_mapped_575:2,41.0,1,2.0,1.0,2.0,CSS10_ja_fy_mapped,ja,mapped,575,0.3376253301286601,False,0.5094286547029157
468,508,s.05e06cce-81a5-4981-98c9-57b78452f0ee.txt,CSS10_ja_fy_mapped_575:2,40.0,1,1.0,1.0,2.0,CSS10_ja_fy_mapped,ja,mapped,575,0.3376253301286601,False,0.5094286547029157
469,509,s.6a188812-3275-43c9-9262-4bf77fa17cdc.txt,CSS10_ja_fy_mapped_575:2,6.0,2,1.0,1.0,2.0,CSS10_ja_fy_mapped,ja,mapped,575,0.3376253301286601,False,0.5094286547029157
470,510,s.44b9c07f-fe53-4ca6-b230-01bcda2bea10.txt,CSS10_ja_fy_mapped_575:2,3.0,2,2.0,1.0,2.0,CSS10_ja_fy_mapped,ja,mapped,575,0.3376253301286601,False,0.5094286547029157
471,511,s.fdb5f1c3-1a11-470b-ab52-ae8735a9bbea.txt,CSS10_ja_fy_mapped_575:2,70.0,2,3.0,3.0,2.0,CSS10_ja_fy_mapped,ja,mapped,575,0.3376253301286601,False,0.5094286547029157
472,512,s.5ec22c2c-6a42-4a7e-a4f1-084d8f095323.txt,CSS10_ja_fy_separate_575:2,9.0,1,1.0,2.0,2.0,CSS10_ja_fy_separate,ja,separate,575,0.3376253301286601,False,0.5094286547029157
473,513,s.66715fa2-8356-40f9-8aea-6c555da82347.txt,CSS10_ja_fy_separate_575:2,19.0,1,2.0,1.0,2.0,CSS10_ja_fy_separate,ja,separate,575,0.3376253301286601,False,0.5094286547029157
474,514,s.5378b2ff-e14c-4239-8c98-af2b3595b703.txt,CSS10_ja_fy_separate_575:2,19.0,1,1.0,1.0,2.0,CSS10_ja_fy_separate,ja,separate,575,0.3376253301286601,False,0.5094286547029157
475,515,s.08887e64-8b13-4122-a17c-9796858b4e89.txt,CSS10_ja_fy_separate_575:2,16.0,1,2.0,1.0,2.0,CSS10_ja_fy_separate,ja,separate,575,0.3376253301286601,False,0.5094286547029157
476,516,s.05e06cce-81a5-4981-98c9-57b78452f0ee.txt,CSS10_ja_fy_separate_575:2,20.0,1,1.0,1.0,2.0,CSS10_ja_fy_separate,ja,separate,575,0.3376253301286601,False,0.5094286547029157
477,517,s.6a188812-3275-43c9-9262-4bf77fa17cdc.txt,CSS10_ja_fy_separate_575:2,7.0,2,1.0,1.0,2.0,CSS10_ja_fy_separate,ja,separate,575,0.3376253301286601,False,0.5094286547029157
478,518,s.44b9c07f-fe53-4ca6-b230-01bcda2bea10.txt,CSS10_ja_fy_separate_575:2,7.0,2,2.0,1.0,2.0,CSS10_ja_fy_separate,ja,separate,575,0.3376253301286601,False,0.5094286547029157
479,519,s.fdb5f1c3-1a11-470b-ab52-ae8735a9bbea.txt,CSS10_ja_fy_separate_575:2,50.0,2,3.0,3.0,2.0,CSS10_ja_fy_separate,ja,separate,575,0.3376253301286601,False,0.5094286547029157
480,528,s.5ec22c2c-6a42-4a7e-a4f1-084d8f095323.txt,CSS10_nl_fy_mapped_2572:2,15.0,1,1.0,2.0,2.0,CSS10_nl_fy_mapped,nl,mapped,2572,0.7360212295121642,True,0.795903409192201
481,529,s.66715fa2-8356-40f9-8aea-6c555da82347.txt,CSS10_nl_fy_mapped_2572:2,23.0,1,2.0,1.0,2.0,CSS10_nl_fy_mapped,nl,mapped,2572,0.7360212295121642,True,0.795903409192201
482,530,s.5378b2ff-e14c-4239-8c98-af2b3595b703.txt,CSS10_nl_fy_mapped_2572:2,29.0,1,1.0,1.0,2.0,CSS10_nl_fy_mapped,nl,mapped,2572,0.7360212295121642,True,0.795903409192201
483,531,s.08887e64-8b13-4122-a17c-9796858b4e89.txt,CSS10_nl_fy_mapped_2572:2,57.0,1,2.0,1.0,2.0,CSS10_nl_fy_mapped,nl,mapped,2572,0.7360212295121642,True,0.795903409192201
484,532,s.05e06cce-81a5-4981-98c9-57b78452f0ee.txt,CSS10_nl_fy_mapped_2572:2,10.0,1,1.0,1.0,2.0,CSS10_nl_fy_mapped,nl,mapped,2572,0.7360212295121642,True,0.795903409192201
485,533,s.6a188812-3275-43c9-9262-4bf77fa17cdc.txt,CSS10_nl_fy_mapped_2572:2,70.0,2,1.0,1.0,2.0,CSS10_nl_fy_mapped,nl,mapped,2572,0.7360212295121642,True,0.795903409192201
486,534,s.44b9c07f-fe53-4ca6-b230-01bcda2bea10.txt,CSS10_nl_fy_mapped_2572:2,4.0,2,2.0,1.0,2.0,CSS10_nl_fy_mapped,nl,mapped,2572,0.7360212295121642,True,0.795903409192201
487,535,s.fdb5f1c3-1a11-470b-ab52-ae8735a9bbea.txt,CSS10_nl_fy_mapped_2572:2,46.0,2,3.0,3.0,2.0,CSS10_nl_fy_mapped,nl,mapped,2572,0.7360212295121642,True,0.795903409192201
488,536,s.5ec22c2c-6a42-4a7e-a4f1-084d8f095323.txt,CSS10_nl_fy_separate_2572:2,12.0,1,1.0,2.0,2.0,CSS10_nl_fy_separate,nl,separate,2572,0.7360212295121642,True,0.795903409192201
489,537,s.66715fa2-8356-40f9-8aea-6c555da82347.txt,CSS10_nl_fy_separate_2572:2,23.0,1,2.0,1.0,2.0,CSS10_nl_fy_separate,nl,separate,2572,0.7360212295121642,True,0.795903409192201
490,538,s.5378b2ff-e14c-4239-8c98-af2b3595b703.txt,CSS10_nl_fy_separate_2572:2,18.0,1,1.0,1.0,2.0,CSS10_nl_fy_separate,nl,separate,2572,0.7360212295121642,True,0.795903409192201
491,539,s.08887e64-8b13-4122-a17c-9796858b4e89.txt,CSS10_nl_fy_separate_2572:2,48.0,1,2.0,1.0,2.0,CSS10_nl_fy_separate,nl,separate,2572,0.7360212295121642,True,0.795903409192201
492,540,s.05e06cce-81a5-4981-98c9-57b78452f0ee.txt,CSS10_nl_fy_separate_2572:2,20.0,1,1.0,1.0,2.0,CSS10_nl_fy_separate,nl,separate,2572,0.7360212295121642,True,0.795903409192201
493,541,s.6a188812-3275-43c9-9262-4bf77fa17cdc.txt,CSS10_nl_fy_separate_2572:2,28.0,2,1.0,1.0,2.0,CSS10_nl_fy_separate,nl,separate,2572,0.7360212295121642,True,0.795903409192201
494,542,s.44b9c07f-fe53-4ca6-b230-01bcda2bea10.txt,CSS10_nl_fy_separate_2572:2,76.0,2,2.0,1.0,2.0,CSS10_nl_fy_separate,nl,separate,2572,0.7360212295121642,True,0.795903409192201
495,543,s.fdb5f1c3-1a11-470b-ab52-ae8735a9bbea.txt,CSS10_nl_fy_separate_2572:2,40.0,2,3.0,3.0,2.0,CSS10_nl_fy_separate,nl,separate,2572,0.7360212295121642,True,0.795903409192201
496,544,s.5ec22c2c-6a42-4a7e-a4f1-084d8f095323.txt,CSS10_fi_fy_mapped_2572:2,8.0,1,1.0,2.0,2.0,CSS10_fi_fy_mapped,fi,mapped,2572,0.4712875776700755,False,0.58931201477507
497,545,s.66715fa2-8356-40f9-8aea-6c555da82347.txt,CSS10_fi_fy_mapped_2572:2,18.0,1,2.0,1.0,2.0,CSS10_fi_fy_mapped,fi,mapped,2572,0.4712875776700755,False,0.58931201477507
498,546,s.5378b2ff-e14c-4239-8c98-af2b3595b703.txt,CSS10_fi_fy_mapped_2572:2,16.0,1,1.0,1.0,2.0,CSS10_fi_fy_mapped,fi,mapped,2572,0.4712875776700755,False,0.58931201477507
499,547,s.08887e64-8b13-4122-a17c-9796858b4e89.txt,CSS10_fi_fy_mapped_2572:2,38.0,1,2.0,1.0,2.0,CSS10_fi_fy_mapped,fi,mapped,2572,0.4712875776700755,False,0.58931201477507
500,548,s.05e06cce-81a5-4981-98c9-57b78452f0ee.txt,CSS10_fi_fy_mapped_2572:2,10.0,1,1.0,1.0,2.0,CSS10_fi_fy_mapped,fi,mapped,2572,0.4712875776700755,False,0.58931201477507
501,549,s.6a188812-3275-43c9-9262-4bf77fa17cdc.txt,CSS10_fi_fy_mapped_2572:2,10.0,2,1.0,1.0,2.0,CSS10_fi_fy_mapped,fi,mapped,2572,0.4712875776700755,False,0.58931201477507
502,550,s.44b9c07f-fe53-4ca6-b230-01bcda2bea10.txt,CSS10_fi_fy_mapped_2572:2,7.0,2,2.0,1.0,2.0,CSS10_fi_fy_mapped,fi,mapped,2572,0.4712875776700755,False,0.58931201477507
503,551,s.fdb5f1c3-1a11-470b-ab52-ae8735a9bbea.txt,CSS10_fi_fy_mapped_2572:2,30.0,2,3.0,3.0,2.0,CSS10_fi_fy_mapped,fi,mapped,2572,0.4712875776700755,False,0.58931201477507
504,552,s.5ec22c2c-6a42-4a7e-a4f1-084d8f095323.txt,CSS10_fi_fy_separate_2572:2,5.0,1,1.0,2.0,2.0,CSS10_fi_fy_separate,fi,separate,2572,0.4712875776700755,False,0.58931201477507
505,553,s.66715fa2-8356-40f9-8aea-6c555da82347.txt,CSS10_fi_fy_separate_2572:2,23.0,1,2.0,1.0,2.0,CSS10_fi_fy_separate,fi,separate,2572,0.4712875776700755,False,0.58931201477507
506,554,s.5378b2ff-e14c-4239-8c98-af2b3595b703.txt,CSS10_fi_fy_separate_2572:2,25.0,1,1.0,1.0,2.0,CSS10_fi_fy_separate,fi,separate,2572,0.4712875776700755,False,0.58931201477507
507,555,s.08887e64-8b13-4122-a17c-9796858b4e89.txt,CSS10_fi_fy_separate_2572:2,40.0,1,2.0,1.0,2.0,CSS10_fi_fy_separate,fi,separate,2572,0.4712875776700755,False,0.58931201477507
508,556,s.05e06cce-81a5-4981-98c9-57b78452f0ee.txt,CSS10_fi_fy_separate_2572:2,74.0,1,1.0,1.0,2.0,CSS10_fi_fy_separate,fi,separate,2572,0.4712875776700755,False,0.58931201477507
509,557,s.6a188812-3275-43c9-9262-4bf77fa17cdc.txt,CSS10_fi_fy_separate_2572:2,28.0,2,1.0,1.0,2.0,CSS10_fi_fy_separate,fi,separate,2572,0.4712875776700755,False,0.58931201477507
510,558,s.44b9c07f-fe53-4ca6-b230-01bcda2bea10.txt,CSS10_fi_fy_separate_2572:2,4.0,2,2.0,1.0,2.0,CSS10_fi_fy_separate,fi,separate,2572,0.4712875776700755,False,0.58931201477507
511,559,s.fdb5f1c3-1a11-470b-ab52-ae8735a9bbea.txt,CSS10_fi_fy_separate_2572:2,50.0,2,3.0,3.0,2.0,CSS10_fi_fy_separate,fi,separate,2572,0.4712875776700755,False,0.58931201477507
512,560,s.5ec22c2c-6a42-4a7e-a4f1-084d8f095323.txt,CSS10_es_ES_fy_mapped_2572:2,6.0,1,1.0,2.0,2.0,CSS10_es_ES_fy_mapped,es,mapped,2572,0.3556332899614416,True,0.4777416155920917
513,561,s.66715fa2-8356-40f9-8aea-6c555da82347.txt,CSS10_es_ES_fy_mapped_2572:2,12.0,1,2.0,1.0,2.0,CSS10_es_ES_fy_mapped,es,mapped,2572,0.3556332899614416,True,0.4777416155920917
514,562,s.5378b2ff-e14c-4239-8c98-af2b3595b703.txt,CSS10_es_ES_fy_mapped_2572:2,21.0,1,1.0,1.0,2.0,CSS10_es_ES_fy_mapped,es,mapped,2572,0.3556332899614416,True,0.4777416155920917
515,563,s.08887e64-8b13-4122-a17c-9796858b4e89.txt,CSS10_es_ES_fy_mapped_2572:2,16.0,1,2.0,1.0,2.0,CSS10_es_ES_fy_mapped,es,mapped,2572,0.3556332899614416,True,0.4777416155920917
516,564,s.05e06cce-81a5-4981-98c9-57b78452f0ee.txt,CSS10_es_ES_fy_mapped_2572:2,10.0,1,1.0,1.0,2.0,CSS10_es_ES_fy_mapped,es,mapped,2572,0.3556332899614416,True,0.4777416155920917
517,565,s.6a188812-3275-43c9-9262-4bf77fa17cdc.txt,CSS10_es_ES_fy_mapped_2572:2,40.0,2,1.0,1.0,2.0,CSS10_es_ES_fy_mapped,es,mapped,2572,0.3556332899614416,True,0.4777416155920917
518,566,s.44b9c07f-fe53-4ca6-b230-01bcda2bea10.txt,CSS10_es_ES_fy_mapped_2572:2,3.0,2,2.0,1.0,2.0,CSS10_es_ES_fy_mapped,es,mapped,2572,0.3556332899614416,True,0.4777416155920917
519,567,s.fdb5f1c3-1a11-470b-ab52-ae8735a9bbea.txt,CSS10_es_ES_fy_mapped_2572:2,40.0,2,3.0,3.0,2.0,CSS10_es_ES_fy_mapped,es,mapped,2572,0.3556332899614416,True,0.4777416155920917
520,568,s.5ec22c2c-6a42-4a7e-a4f1-084d8f095323.txt,CSS10_es_ES_fy_separate_2572:2,9.0,1,1.0,2.0,2.0,CSS10_es_ES_fy_separate,es,separate,2572,0.3556332899614416,True,0.4777416155920917
521,569,s.66715fa2-8356-40f9-8aea-6c555da82347.txt,CSS10_es_ES_fy_separate_2572:2,30.0,1,2.0,1.0,2.0,CSS10_es_ES_fy_separate,es,separate,2572,0.3556332899614416,True,0.4777416155920917
522,570,s.5378b2ff-e14c-4239-8c98-af2b3595b703.txt,CSS10_es_ES_fy_separate_2572:2,20.0,1,1.0,1.0,2.0,CSS10_es_ES_fy_separate,es,separate,2572,0.3556332899614416,True,0.4777416155920917
523,571,s.08887e64-8b13-4122-a17c-9796858b4e89.txt,CSS10_es_ES_fy_separate_2572:2,39.0,1,2.0,1.0,2.0,CSS10_es_ES_fy_separate,es,separate,2572,0.3556332899614416,True,0.4777416155920917
524,572,s.05e06cce-81a5-4981-98c9-57b78452f0ee.txt,CSS10_es_ES_fy_separate_2572:2,100.0,1,1.0,1.0,2.0,CSS10_es_ES_fy_separate,es,separate,2572,0.3556332899614416,True,0.4777416155920917
525,573,s.6a188812-3275-43c9-9262-4bf77fa17cdc.txt,CSS10_es_ES_fy_separate_2572:2,47.0,2,1.0,1.0,2.0,CSS10_es_ES_fy_separate,es,separate,2572,0.3556332899614416,True,0.4777416155920917
526,574,s.44b9c07f-fe53-4ca6-b230-01bcda2bea10.txt,CSS10_es_ES_fy_separate_2572:2,2.0,2,2.0,1.0,2.0,CSS10_es_ES_fy_separate,es,separate,2572,0.3556332899614416,True,0.4777416155920917
527,575,s.fdb5f1c3-1a11-470b-ab52-ae8735a9bbea.txt,CSS10_es_ES_fy_separate_2572:2,38.0,2,3.0,3.0,2.0,CSS10_es_ES_fy_separate,es,separate,2572,0.3556332899614416,True,0.4777416155920917
528,576,s.5ec22c2c-6a42-4a7e-a4f1-084d8f095323.txt,CSS10_fr_FR_fy_mapped_2572:2,39.0,1,1.0,2.0,2.0,CSS10_fr_FR_fy_mapped,fr,mapped,2572,0.3858417708035707,True,0.5026050586428532
529,577,s.66715fa2-8356-40f9-8aea-6c555da82347.txt,CSS10_fr_FR_fy_mapped_2572:2,20.0,1,2.0,1.0,2.0,CSS10_fr_FR_fy_mapped,fr,mapped,2572,0.3858417708035707,True,0.5026050586428532
530,578,s.5378b2ff-e14c-4239-8c98-af2b3595b703.txt,CSS10_fr_FR_fy_mapped_2572:2,26.0,1,1.0,1.0,2.0,CSS10_fr_FR_fy_mapped,fr,mapped,2572,0.3858417708035707,True,0.5026050586428532
531,579,s.08887e64-8b13-4122-a17c-9796858b4e89.txt,CSS10_fr_FR_fy_mapped_2572:2,20.0,1,2.0,1.0,2.0,CSS10_fr_FR_fy_mapped,fr,mapped,2572,0.3858417708035707,True,0.5026050586428532
532,580,s.05e06cce-81a5-4981-98c9-57b78452f0ee.txt,CSS10_fr_FR_fy_mapped_2572:2,10.0,1,1.0,1.0,2.0,CSS10_fr_FR_fy_mapped,fr,mapped,2572,0.3858417708035707,True,0.5026050586428532
533,581,s.6a188812-3275-43c9-9262-4bf77fa17cdc.txt,CSS10_fr_FR_fy_mapped_2572:2,14.0,2,1.0,1.0,2.0,CSS10_fr_FR_fy_mapped,fr,mapped,2572,0.3858417708035707,True,0.5026050586428532
534,582,s.44b9c07f-fe53-4ca6-b230-01bcda2bea10.txt,CSS10_fr_FR_fy_mapped_2572:2,3.0,2,2.0,1.0,2.0,CSS10_fr_FR_fy_mapped,fr,mapped,2572,0.3858417708035707,True,0.5026050586428532
535,583,s.fdb5f1c3-1a11-470b-ab52-ae8735a9bbea.txt,CSS10_fr_FR_fy_mapped_2572:2,47.0,2,3.0,3.0,2.0,CSS10_fr_FR_fy_mapped,fr,mapped,2572,0.3858417708035707,True,0.5026050586428532
536,584,s.5ec22c2c-6a42-4a7e-a4f1-084d8f095323.txt,CSS10_fr_FR_fy_separate_2572:2,6.0,1,1.0,2.0,2.0,CSS10_fr_FR_fy_separate,fr,separate,2572,0.3858417708035707,True,0.5026050586428532
537,585,s.66715fa2-8356-40f9-8aea-6c555da82347.txt,CSS10_fr_FR_fy_separate_2572:2,32.0,1,2.0,1.0,2.0,CSS10_fr_FR_fy_separate,fr,separate,2572,0.3858417708035707,True,0.5026050586428532
538,586,s.5378b2ff-e14c-4239-8c98-af2b3595b703.txt,CSS10_fr_FR_fy_separate_2572:2,17.0,1,1.0,1.0,2.0,CSS10_fr_FR_fy_separate,fr,separate,2572,0.3858417708035707,True,0.5026050586428532
539,587,s.08887e64-8b13-4122-a17c-9796858b4e89.txt,CSS10_fr_FR_fy_separate_2572:2,48.0,1,2.0,1.0,2.0,CSS10_fr_FR_fy_separate,fr,separate,2572,0.3858417708035707,True,0.5026050586428532
540,588,s.05e06cce-81a5-4981-98c9-57b78452f0ee.txt,CSS10_fr_FR_fy_separate_2572:2,10.0,1,1.0,1.0,2.0,CSS10_fr_FR_fy_separate,fr,separate,2572,0.3858417708035707,True,0.5026050586428532
541,589,s.6a188812-3275-43c9-9262-4bf77fa17cdc.txt,CSS10_fr_FR_fy_separate_2572:2,28.0,2,1.0,1.0,2.0,CSS10_fr_FR_fy_separate,fr,separate,2572,0.3858417708035707,True,0.5026050586428532
542,590,s.44b9c07f-fe53-4ca6-b230-01bcda2bea10.txt,CSS10_fr_FR_fy_separate_2572:2,7.0,2,2.0,1.0,2.0,CSS10_fr_FR_fy_separate,fr,separate,2572,0.3858417708035707,True,0.5026050586428532
543,591,s.fdb5f1c3-1a11-470b-ab52-ae8735a9bbea.txt,CSS10_fr_FR_fy_separate_2572:2,43.0,2,3.0,3.0,2.0,CSS10_fr_FR_fy_separate,fr,separate,2572,0.3858417708035707,True,0.5026050586428532
544,592,s.5ec22c2c-6a42-4a7e-a4f1-084d8f095323.txt,CSS10_ja_fy_mapped_2572:2,66.0,1,1.0,2.0,2.0,CSS10_ja_fy_mapped,ja,mapped,2572,0.3376253301286601,False,0.4003793990252198
545,593,s.66715fa2-8356-40f9-8aea-6c555da82347.txt,CSS10_ja_fy_mapped_2572:2,23.0,1,2.0,1.0,2.0,CSS10_ja_fy_mapped,ja,mapped,2572,0.3376253301286601,False,0.4003793990252198
546,594,s.5378b2ff-e14c-4239-8c98-af2b3595b703.txt,CSS10_ja_fy_mapped_2572:2,16.0,1,1.0,1.0,2.0,CSS10_ja_fy_mapped,ja,mapped,2572,0.3376253301286601,False,0.4003793990252198
547,595,s.08887e64-8b13-4122-a17c-9796858b4e89.txt,CSS10_ja_fy_mapped_2572:2,16.0,1,2.0,1.0,2.0,CSS10_ja_fy_mapped,ja,mapped,2572,0.3376253301286601,False,0.4003793990252198
548,596,s.05e06cce-81a5-4981-98c9-57b78452f0ee.txt,CSS10_ja_fy_mapped_2572:2,10.0,1,1.0,1.0,2.0,CSS10_ja_fy_mapped,ja,mapped,2572,0.3376253301286601,False,0.4003793990252198
549,597,s.6a188812-3275-43c9-9262-4bf77fa17cdc.txt,CSS10_ja_fy_mapped_2572:2,18.0,2,1.0,1.0,2.0,CSS10_ja_fy_mapped,ja,mapped,2572,0.3376253301286601,False,0.4003793990252198
550,598,s.44b9c07f-fe53-4ca6-b230-01bcda2bea10.txt,CSS10_ja_fy_mapped_2572:2,4.0,2,2.0,1.0,2.0,CSS10_ja_fy_mapped,ja,mapped,2572,0.3376253301286601,False,0.4003793990252198
551,599,s.fdb5f1c3-1a11-470b-ab52-ae8735a9bbea.txt,CSS10_ja_fy_mapped_2572:2,55.0,2,3.0,3.0,2.0,CSS10_ja_fy_mapped,ja,mapped,2572,0.3376253301286601,False,0.4003793990252198
552,600,s.5ec22c2c-6a42-4a7e-a4f1-084d8f095323.txt,CSS10_ja_fy_separate_2572:2,0.0,1,1.0,2.0,2.0,CSS10_ja_fy_separate,ja,separate,2572,0.3376253301286601,False,0.4003793990252198
553,601,s.66715fa2-8356-40f9-8aea-6c555da82347.txt,CSS10_ja_fy_separate_2572:2,21.0,1,2.0,1.0,2.0,CSS10_ja_fy_separate,ja,separate,2572,0.3376253301286601,False,0.4003793990252198
554,602,s.5378b2ff-e14c-4239-8c98-af2b3595b703.txt,CSS10_ja_fy_separate_2572:2,8.0,1,1.0,1.0,2.0,CSS10_ja_fy_separate,ja,separate,2572,0.3376253301286601,False,0.4003793990252198
555,603,s.08887e64-8b13-4122-a17c-9796858b4e89.txt,CSS10_ja_fy_separate_2572:2,38.0,1,2.0,1.0,2.0,CSS10_ja_fy_separate,ja,separate,2572,0.3376253301286601,False,0.4003793990252198
556,604,s.05e06cce-81a5-4981-98c9-57b78452f0ee.txt,CSS10_ja_fy_separate_2572:2,10.0,1,1.0,1.0,2.0,CSS10_ja_fy_separate,ja,separate,2572,0.3376253301286601,False,0.4003793990252198
557,605,s.6a188812-3275-43c9-9262-4bf77fa17cdc.txt,CSS10_ja_fy_separate_2572:2,20.0,2,1.0,1.0,2.0,CSS10_ja_fy_separate,ja,separate,2572,0.3376253301286601,False,0.4003793990252198
558,606,s.44b9c07f-fe53-4ca6-b230-01bcda2bea10.txt,CSS10_ja_fy_separate_2572:2,3.0,2,2.0,1.0,2.0,CSS10_ja_fy_separate,ja,separate,2572,0.3376253301286601,False,0.4003793990252198
559,607,s.fdb5f1c3-1a11-470b-ab52-ae8735a9bbea.txt,CSS10_ja_fy_separate_2572:2,43.0,2,3.0,3.0,2.0,CSS10_ja_fy_separate,ja,separate,2572,0.3376253301286601,False,0.4003793990252198
560,616,s.5ec22c2c-6a42-4a7e-a4f1-084d8f095323.txt,CSS10_nl_fy_mapped_1947:2,21.0,1,1.0,2.0,2.0,CSS10_nl_fy_mapped,nl,mapped,1947,0.7360212295121642,True,0.8043042377661411
561,617,s.66715fa2-8356-40f9-8aea-6c555da82347.txt,CSS10_nl_fy_mapped_1947:2,78.0,1,2.0,1.0,2.0,CSS10_nl_fy_mapped,nl,mapped,1947,0.7360212295121642,True,0.8043042377661411
562,618,s.5378b2ff-e14c-4239-8c98-af2b3595b703.txt,CSS10_nl_fy_mapped_1947:2,60.0,1,1.0,1.0,2.0,CSS10_nl_fy_mapped,nl,mapped,1947,0.7360212295121642,True,0.8043042377661411
563,619,s.08887e64-8b13-4122-a17c-9796858b4e89.txt,CSS10_nl_fy_mapped_1947:2,54.0,1,2.0,1.0,2.0,CSS10_nl_fy_mapped,nl,mapped,1947,0.7360212295121642,True,0.8043042377661411
564,620,s.05e06cce-81a5-4981-98c9-57b78452f0ee.txt,CSS10_nl_fy_mapped_1947:2,5.0,1,1.0,1.0,2.0,CSS10_nl_fy_mapped,nl,mapped,1947,0.7360212295121642,True,0.8043042377661411
565,621,s.6a188812-3275-43c9-9262-4bf77fa17cdc.txt,CSS10_nl_fy_mapped_1947:2,49.0,2,1.0,1.0,2.0,CSS10_nl_fy_mapped,nl,mapped,1947,0.7360212295121642,True,0.8043042377661411
566,622,s.44b9c07f-fe53-4ca6-b230-01bcda2bea10.txt,CSS10_nl_fy_mapped_1947:2,94.0,2,2.0,1.0,2.0,CSS10_nl_fy_mapped,nl,mapped,1947,0.7360212295121642,True,0.8043042377661411
567,623,s.fdb5f1c3-1a11-470b-ab52-ae8735a9bbea.txt,CSS10_nl_fy_mapped_1947:2,60.0,2,3.0,3.0,2.0,CSS10_nl_fy_mapped,nl,mapped,1947,0.7360212295121642,True,0.8043042377661411
568,624,s.5ec22c2c-6a42-4a7e-a4f1-084d8f095323.txt,CSS10_nl_fy_separate_1947:2,57.0,1,1.0,2.0,2.0,CSS10_nl_fy_separate,nl,separate,1947,0.7360212295121642,True,0.8043042377661411
569,625,s.66715fa2-8356-40f9-8aea-6c555da82347.txt,CSS10_nl_fy_separate_1947:2,36.0,1,2.0,1.0,2.0,CSS10_nl_fy_separate,nl,separate,1947,0.7360212295121642,True,0.8043042377661411
570,626,s.5378b2ff-e14c-4239-8c98-af2b3595b703.txt,CSS10_nl_fy_separate_1947:2,16.0,1,1.0,1.0,2.0,CSS10_nl_fy_separate,nl,separate,1947,0.7360212295121642,True,0.8043042377661411
571,627,s.08887e64-8b13-4122-a17c-9796858b4e89.txt,CSS10_nl_fy_separate_1947:2,33.0,1,2.0,1.0,2.0,CSS10_nl_fy_separate,nl,separate,1947,0.7360212295121642,True,0.8043042377661411
572,628,s.05e06cce-81a5-4981-98c9-57b78452f0ee.txt,CSS10_nl_fy_separate_1947:2,5.0,1,1.0,1.0,2.0,CSS10_nl_fy_separate,nl,separate,1947,0.7360212295121642,True,0.8043042377661411
573,629,s.6a188812-3275-43c9-9262-4bf77fa17cdc.txt,CSS10_nl_fy_separate_1947:2,72.0,2,1.0,1.0,2.0,CSS10_nl_fy_separate,nl,separate,1947,0.7360212295121642,True,0.8043042377661411
574,630,s.44b9c07f-fe53-4ca6-b230-01bcda2bea10.txt,CSS10_nl_fy_separate_1947:2,47.0,2,2.0,1.0,2.0,CSS10_nl_fy_separate,nl,separate,1947,0.7360212295121642,True,0.8043042377661411
575,631,s.fdb5f1c3-1a11-470b-ab52-ae8735a9bbea.txt,CSS10_nl_fy_separate_1947:2,67.0,2,3.0,3.0,2.0,CSS10_nl_fy_separate,nl,separate,1947,0.7360212295121642,True,0.8043042377661411
576,632,s.5ec22c2c-6a42-4a7e-a4f1-084d8f095323.txt,CSS10_fi_fy_mapped_1947:2,18.0,1,1.0,2.0,2.0,CSS10_fi_fy_mapped,fi,mapped,1947,0.4712875776700755,False,0.5991299277862315
577,633,s.66715fa2-8356-40f9-8aea-6c555da82347.txt,CSS10_fi_fy_mapped_1947:2,69.0,1,2.0,1.0,2.0,CSS10_fi_fy_mapped,fi,mapped,1947,0.4712875776700755,False,0.5991299277862315
578,634,s.5378b2ff-e14c-4239-8c98-af2b3595b703.txt,CSS10_fi_fy_mapped_1947:2,45.0,1,1.0,1.0,2.0,CSS10_fi_fy_mapped,fi,mapped,1947,0.4712875776700755,False,0.5991299277862315
579,635,s.08887e64-8b13-4122-a17c-9796858b4e89.txt,CSS10_fi_fy_mapped_1947:2,57.0,1,2.0,1.0,2.0,CSS10_fi_fy_mapped,fi,mapped,1947,0.4712875776700755,False,0.5991299277862315
580,636,s.05e06cce-81a5-4981-98c9-57b78452f0ee.txt,CSS10_fi_fy_mapped_1947:2,5.0,1,1.0,1.0,2.0,CSS10_fi_fy_mapped,fi,mapped,1947,0.4712875776700755,False,0.5991299277862315
581,637,s.6a188812-3275-43c9-9262-4bf77fa17cdc.txt,CSS10_fi_fy_mapped_1947:2,97.0,2,1.0,1.0,2.0,CSS10_fi_fy_mapped,fi,mapped,1947,0.4712875776700755,False,0.5991299277862315
582,638,s.44b9c07f-fe53-4ca6-b230-01bcda2bea10.txt,CSS10_fi_fy_mapped_1947:2,92.0,2,2.0,1.0,2.0,CSS10_fi_fy_mapped,fi,mapped,1947,0.4712875776700755,False,0.5991299277862315
583,639,s.fdb5f1c3-1a11-470b-ab52-ae8735a9bbea.txt,CSS10_fi_fy_mapped_1947:2,63.0,2,3.0,3.0,2.0,CSS10_fi_fy_mapped,fi,mapped,1947,0.4712875776700755,False,0.5991299277862315
584,640,s.5ec22c2c-6a42-4a7e-a4f1-084d8f095323.txt,CSS10_fi_fy_separate_1947:2,13.0,1,1.0,2.0,2.0,CSS10_fi_fy_separate,fi,separate,1947,0.4712875776700755,False,0.5991299277862315
585,641,s.66715fa2-8356-40f9-8aea-6c555da82347.txt,CSS10_fi_fy_separate_1947:2,20.0,1,2.0,1.0,2.0,CSS10_fi_fy_separate,fi,separate,1947,0.4712875776700755,False,0.5991299277862315
586,642,s.5378b2ff-e14c-4239-8c98-af2b3595b703.txt,CSS10_fi_fy_separate_1947:2,33.0,1,1.0,1.0,2.0,CSS10_fi_fy_separate,fi,separate,1947,0.4712875776700755,False,0.5991299277862315
587,643,s.08887e64-8b13-4122-a17c-9796858b4e89.txt,CSS10_fi_fy_separate_1947:2,39.0,1,2.0,1.0,2.0,CSS10_fi_fy_separate,fi,separate,1947,0.4712875776700755,False,0.5991299277862315
588,644,s.05e06cce-81a5-4981-98c9-57b78452f0ee.txt,CSS10_fi_fy_separate_1947:2,5.0,1,1.0,1.0,2.0,CSS10_fi_fy_separate,fi,separate,1947,0.4712875776700755,False,0.5991299277862315
589,645,s.6a188812-3275-43c9-9262-4bf77fa17cdc.txt,CSS10_fi_fy_separate_1947:2,24.0,2,1.0,1.0,2.0,CSS10_fi_fy_separate,fi,separate,1947,0.4712875776700755,False,0.5991299277862315
590,646,s.44b9c07f-fe53-4ca6-b230-01bcda2bea10.txt,CSS10_fi_fy_separate_1947:2,82.0,2,2.0,1.0,2.0,CSS10_fi_fy_separate,fi,separate,1947,0.4712875776700755,False,0.5991299277862315
591,647,s.fdb5f1c3-1a11-470b-ab52-ae8735a9bbea.txt,CSS10_fi_fy_separate_1947:2,50.0,2,3.0,3.0,2.0,CSS10_fi_fy_separate,fi,separate,1947,0.4712875776700755,False,0.5991299277862315
592,648,s.5ec22c2c-6a42-4a7e-a4f1-084d8f095323.txt,CSS10_es_ES_fy_mapped_1947:2,27.0,1,1.0,2.0,2.0,CSS10_es_ES_fy_mapped,es,mapped,1947,0.3556332899614416,True,0.4233590907363035
593,649,s.66715fa2-8356-40f9-8aea-6c555da82347.txt,CSS10_es_ES_fy_mapped_1947:2,19.0,1,2.0,1.0,2.0,CSS10_es_ES_fy_mapped,es,mapped,1947,0.3556332899614416,True,0.4233590907363035
594,650,s.5378b2ff-e14c-4239-8c98-af2b3595b703.txt,CSS10_es_ES_fy_mapped_1947:2,19.0,1,1.0,1.0,2.0,CSS10_es_ES_fy_mapped,es,mapped,1947,0.3556332899614416,True,0.4233590907363035
595,651,s.08887e64-8b13-4122-a17c-9796858b4e89.txt,CSS10_es_ES_fy_mapped_1947:2,48.0,1,2.0,1.0,2.0,CSS10_es_ES_fy_mapped,es,mapped,1947,0.3556332899614416,True,0.4233590907363035
596,652,s.05e06cce-81a5-4981-98c9-57b78452f0ee.txt,CSS10_es_ES_fy_mapped_1947:2,50.0,1,1.0,1.0,2.0,CSS10_es_ES_fy_mapped,es,mapped,1947,0.3556332899614416,True,0.4233590907363035
597,653,s.6a188812-3275-43c9-9262-4bf77fa17cdc.txt,CSS10_es_ES_fy_mapped_1947:2,46.0,2,1.0,1.0,2.0,CSS10_es_ES_fy_mapped,es,mapped,1947,0.3556332899614416,True,0.4233590907363035
598,654,s.44b9c07f-fe53-4ca6-b230-01bcda2bea10.txt,CSS10_es_ES_fy_mapped_1947:2,5.0,2,2.0,1.0,2.0,CSS10_es_ES_fy_mapped,es,mapped,1947,0.3556332899614416,True,0.4233590907363035
599,655,s.fdb5f1c3-1a11-470b-ab52-ae8735a9bbea.txt,CSS10_es_ES_fy_mapped_1947:2,70.0,2,3.0,3.0,2.0,CSS10_es_ES_fy_mapped,es,mapped,1947,0.3556332899614416,True,0.4233590907363035
600,656,s.5ec22c2c-6a42-4a7e-a4f1-084d8f095323.txt,CSS10_es_ES_fy_separate_1947:2,5.0,1,1.0,2.0,2.0,CSS10_es_ES_fy_separate,es,separate,1947,0.3556332899614416,True,0.4233590907363035
601,657,s.66715fa2-8356-40f9-8aea-6c555da82347.txt,CSS10_es_ES_fy_separate_1947:2,70.0,1,2.0,1.0,2.0,CSS10_es_ES_fy_separate,es,separate,1947,0.3556332899614416,True,0.4233590907363035
602,658,s.5378b2ff-e14c-4239-8c98-af2b3595b703.txt,CSS10_es_ES_fy_separate_1947:2,18.0,1,1.0,1.0,2.0,CSS10_es_ES_fy_separate,es,separate,1947,0.3556332899614416,True,0.4233590907363035
603,659,s.08887e64-8b13-4122-a17c-9796858b4e89.txt,CSS10_es_ES_fy_separate_1947:2,41.0,1,2.0,1.0,2.0,CSS10_es_ES_fy_separate,es,separate,1947,0.3556332899614416,True,0.4233590907363035
604,660,s.05e06cce-81a5-4981-98c9-57b78452f0ee.txt,CSS10_es_ES_fy_separate_1947:2,5.0,1,1.0,1.0,2.0,CSS10_es_ES_fy_separate,es,separate,1947,0.3556332899614416,True,0.4233590907363035
605,661,s.6a188812-3275-43c9-9262-4bf77fa17cdc.txt,CSS10_es_ES_fy_separate_1947:2,28.0,2,1.0,1.0,2.0,CSS10_es_ES_fy_separate,es,separate,1947,0.3556332899614416,True,0.4233590907363035
606,662,s.44b9c07f-fe53-4ca6-b230-01bcda2bea10.txt,CSS10_es_ES_fy_separate_1947:2,9.0,2,2.0,1.0,2.0,CSS10_es_ES_fy_separate,es,separate,1947,0.3556332899614416,True,0.4233590907363035
607,663,s.fdb5f1c3-1a11-470b-ab52-ae8735a9bbea.txt,CSS10_es_ES_fy_separate_1947:2,63.0,2,3.0,3.0,2.0,CSS10_es_ES_fy_separate,es,separate,1947,0.3556332899614416,True,0.4233590907363035
608,664,s.5ec22c2c-6a42-4a7e-a4f1-084d8f095323.txt,CSS10_fr_FR_fy_mapped_1947:2,11.0,1,1.0,2.0,2.0,CSS10_fr_FR_fy_mapped,fr,mapped,1947,0.3858417708035707,True,0.4914857822372817
609,665,s.66715fa2-8356-40f9-8aea-6c555da82347.txt,CSS10_fr_FR_fy_mapped_1947:2,22.0,1,2.0,1.0,2.0,CSS10_fr_FR_fy_mapped,fr,mapped,1947,0.3858417708035707,True,0.4914857822372817
610,666,s.5378b2ff-e14c-4239-8c98-af2b3595b703.txt,CSS10_fr_FR_fy_mapped_1947:2,54.0,1,1.0,1.0,2.0,CSS10_fr_FR_fy_mapped,fr,mapped,1947,0.3858417708035707,True,0.4914857822372817
611,667,s.08887e64-8b13-4122-a17c-9796858b4e89.txt,CSS10_fr_FR_fy_mapped_1947:2,39.0,1,2.0,1.0,2.0,CSS10_fr_FR_fy_mapped,fr,mapped,1947,0.3858417708035707,True,0.4914857822372817
612,668,s.05e06cce-81a5-4981-98c9-57b78452f0ee.txt,CSS10_fr_FR_fy_mapped_1947:2,5.0,1,1.0,1.0,2.0,CSS10_fr_FR_fy_mapped,fr,mapped,1947,0.3858417708035707,True,0.4914857822372817
613,669,s.6a188812-3275-43c9-9262-4bf77fa17cdc.txt,CSS10_fr_FR_fy_mapped_1947:2,55.0,2,1.0,1.0,2.0,CSS10_fr_FR_fy_mapped,fr,mapped,1947,0.3858417708035707,True,0.4914857822372817
614,670,s.44b9c07f-fe53-4ca6-b230-01bcda2bea10.txt,CSS10_fr_FR_fy_mapped_1947:2,44.0,2,2.0,1.0,2.0,CSS10_fr_FR_fy_mapped,fr,mapped,1947,0.3858417708035707,True,0.4914857822372817
615,671,s.fdb5f1c3-1a11-470b-ab52-ae8735a9bbea.txt,CSS10_fr_FR_fy_mapped_1947:2,67.0,2,3.0,3.0,2.0,CSS10_fr_FR_fy_mapped,fr,mapped,1947,0.3858417708035707,True,0.4914857822372817
616,672,s.5ec22c2c-6a42-4a7e-a4f1-084d8f095323.txt,CSS10_fr_FR_fy_separate_1947:2,7.0,1,1.0,2.0,2.0,CSS10_fr_FR_fy_separate,fr,separate,1947,0.3858417708035707,True,0.4914857822372817
617,673,s.66715fa2-8356-40f9-8aea-6c555da82347.txt,CSS10_fr_FR_fy_separate_1947:2,20.0,1,2.0,1.0,2.0,CSS10_fr_FR_fy_separate,fr,separate,1947,0.3858417708035707,True,0.4914857822372817
618,674,s.5378b2ff-e14c-4239-8c98-af2b3595b703.txt,CSS10_fr_FR_fy_separate_1947:2,13.0,1,1.0,1.0,2.0,CSS10_fr_FR_fy_separate,fr,separate,1947,0.3858417708035707,True,0.4914857822372817
619,675,s.08887e64-8b13-4122-a17c-9796858b4e89.txt,CSS10_fr_FR_fy_separate_1947:2,47.0,1,2.0,1.0,2.0,CSS10_fr_FR_fy_separate,fr,separate,1947,0.3858417708035707,True,0.4914857822372817
620,676,s.05e06cce-81a5-4981-98c9-57b78452f0ee.txt,CSS10_fr_FR_fy_separate_1947:2,5.0,1,1.0,1.0,2.0,CSS10_fr_FR_fy_separate,fr,separate,1947,0.3858417708035707,True,0.4914857822372817
621,677,s.6a188812-3275-43c9-9262-4bf77fa17cdc.txt,CSS10_fr_FR_fy_separate_1947:2,47.0,2,1.0,1.0,2.0,CSS10_fr_FR_fy_separate,fr,separate,1947,0.3858417708035707,True,0.4914857822372817
622,678,s.44b9c07f-fe53-4ca6-b230-01bcda2bea10.txt,CSS10_fr_FR_fy_separate_1947:2,4.0,2,2.0,1.0,2.0,CSS10_fr_FR_fy_separate,fr,separate,1947,0.3858417708035707,True,0.4914857822372817
623,679,s.fdb5f1c3-1a11-470b-ab52-ae8735a9bbea.txt,CSS10_fr_FR_fy_separate_1947:2,67.0,2,3.0,3.0,2.0,CSS10_fr_FR_fy_separate,fr,separate,1947,0.3858417708035707,True,0.4914857822372817
624,680,s.5ec22c2c-6a42-4a7e-a4f1-084d8f095323.txt,CSS10_ja_fy_mapped_1947:2,3.0,1,1.0,2.0,2.0,CSS10_ja_fy_mapped,ja,mapped,1947,0.3376253301286601,False,0.361432626866991
625,681,s.66715fa2-8356-40f9-8aea-6c555da82347.txt,CSS10_ja_fy_mapped_1947:2,15.0,1,2.0,1.0,2.0,CSS10_ja_fy_mapped,ja,mapped,1947,0.3376253301286601,False,0.361432626866991
626,682,s.5378b2ff-e14c-4239-8c98-af2b3595b703.txt,CSS10_ja_fy_mapped_1947:2,13.0,1,1.0,1.0,2.0,CSS10_ja_fy_mapped,ja,mapped,1947,0.3376253301286601,False,0.361432626866991
627,683,s.08887e64-8b13-4122-a17c-9796858b4e89.txt,CSS10_ja_fy_mapped_1947:2,31.0,1,2.0,1.0,2.0,CSS10_ja_fy_mapped,ja,mapped,1947,0.3376253301286601,False,0.361432626866991
628,684,s.05e06cce-81a5-4981-98c9-57b78452f0ee.txt,CSS10_ja_fy_mapped_1947:2,5.0,1,1.0,1.0,2.0,CSS10_ja_fy_mapped,ja,mapped,1947,0.3376253301286601,False,0.361432626866991
629,685,s.6a188812-3275-43c9-9262-4bf77fa17cdc.txt,CSS10_ja_fy_mapped_1947:2,10.0,2,1.0,1.0,2.0,CSS10_ja_fy_mapped,ja,mapped,1947,0.3376253301286601,False,0.361432626866991
630,686,s.44b9c07f-fe53-4ca6-b230-01bcda2bea10.txt,CSS10_ja_fy_mapped_1947:2,4.0,2,2.0,1.0,2.0,CSS10_ja_fy_mapped,ja,mapped,1947,0.3376253301286601,False,0.361432626866991
631,687,s.fdb5f1c3-1a11-470b-ab52-ae8735a9bbea.txt,CSS10_ja_fy_mapped_1947:2,45.0,2,3.0,3.0,2.0,CSS10_ja_fy_mapped,ja,mapped,1947,0.3376253301286601,False,0.361432626866991
632,688,s.5ec22c2c-6a42-4a7e-a4f1-084d8f095323.txt,CSS10_ja_fy_separate_1947:2,29.0,1,1.0,2.0,2.0,CSS10_ja_fy_separate,ja,separate,1947,0.3376253301286601,False,0.361432626866991
633,689,s.66715fa2-8356-40f9-8aea-6c555da82347.txt,CSS10_ja_fy_separate_1947:2,34.0,1,2.0,1.0,2.0,CSS10_ja_fy_separate,ja,separate,1947,0.3376253301286601,False,0.361432626866991
634,690,s.5378b2ff-e14c-4239-8c98-af2b3595b703.txt,CSS10_ja_fy_separate_1947:2,55.0,1,1.0,1.0,2.0,CSS10_ja_fy_separate,ja,separate,1947,0.3376253301286601,False,0.361432626866991
635,691,s.08887e64-8b13-4122-a17c-9796858b4e89.txt,CSS10_ja_fy_separate_1947:2,48.0,1,2.0,1.0,2.0,CSS10_ja_fy_separate,ja,separate,1947,0.3376253301286601,False,0.361432626866991
636,692,s.05e06cce-81a5-4981-98c9-57b78452f0ee.txt,CSS10_ja_fy_separate_1947:2,5.0,1,1.0,1.0,2.0,CSS10_ja_fy_separate,ja,separate,1947,0.3376253301286601,False,0.361432626866991
637,693,s.6a188812-3275-43c9-9262-4bf77fa17cdc.txt,CSS10_ja_fy_separate_1947:2,88.0,2,1.0,1.0,2.0,CSS10_ja_fy_separate,ja,separate,1947,0.3376253301286601,False,0.361432626866991
638,694,s.44b9c07f-fe53-4ca6-b230-01bcda2bea10.txt,CSS10_ja_fy_separate_1947:2,2.0,2,2.0,1.0,2.0,CSS10_ja_fy_separate,ja,separate,1947,0.3376253301286601,False,0.361432626866991
639,695,s.fdb5f1c3-1a11-470b-ab52-ae8735a9bbea.txt,CSS10_ja_fy_separate_1947:2,60.0,2,3.0,3.0,2.0,CSS10_ja_fy_separate,ja,separate,1947,0.3376253301286601,False,0.361432626866991
640,704,s.5ec22c2c-6a42-4a7e-a4f1-084d8f095323.txt,CSS10_nl_fy_mapped_2544:2,60.0,1,1.0,2.0,2.0,CSS10_nl_fy_mapped,nl,mapped,2544,0.7360212295121642,True,0.8180216687494473
641,705,s.66715fa2-8356-40f9-8aea-6c555da82347.txt,CSS10_nl_fy_mapped_2544:2,71.0,1,2.0,1.0,2.0,CSS10_nl_fy_mapped,nl,mapped,2544,0.7360212295121642,True,0.8180216687494473
642,706,s.5378b2ff-e14c-4239-8c98-af2b3595b703.txt,CSS10_nl_fy_mapped_2544:2,54.0,1,1.0,1.0,2.0,CSS10_nl_fy_mapped,nl,mapped,2544,0.7360212295121642,True,0.8180216687494473
643,707,s.08887e64-8b13-4122-a17c-9796858b4e89.txt,CSS10_nl_fy_mapped_2544:2,57.0,1,2.0,1.0,2.0,CSS10_nl_fy_mapped,nl,mapped,2544,0.7360212295121642,True,0.8180216687494473
644,708,s.05e06cce-81a5-4981-98c9-57b78452f0ee.txt,CSS10_nl_fy_mapped_2544:2,10.0,1,1.0,1.0,2.0,CSS10_nl_fy_mapped,nl,mapped,2544,0.7360212295121642,True,0.8180216687494473
645,709,s.6a188812-3275-43c9-9262-4bf77fa17cdc.txt,CSS10_nl_fy_mapped_2544:2,21.0,2,1.0,1.0,2.0,CSS10_nl_fy_mapped,nl,mapped,2544,0.7360212295121642,True,0.8180216687494473
646,710,s.44b9c07f-fe53-4ca6-b230-01bcda2bea10.txt,CSS10_nl_fy_mapped_2544:2,34.0,2,2.0,1.0,2.0,CSS10_nl_fy_mapped,nl,mapped,2544,0.7360212295121642,True,0.8180216687494473
647,711,s.fdb5f1c3-1a11-470b-ab52-ae8735a9bbea.txt,CSS10_nl_fy_mapped_2544:2,48.0,2,3.0,3.0,2.0,CSS10_nl_fy_mapped,nl,mapped,2544,0.7360212295121642,True,0.8180216687494473
648,712,s.5ec22c2c-6a42-4a7e-a4f1-084d8f095323.txt,CSS10_nl_fy_separate_2544:2,30.0,1,1.0,2.0,2.0,CSS10_nl_fy_separate,nl,separate,2544,0.7360212295121642,True,0.8180216687494473
649,713,s.66715fa2-8356-40f9-8aea-6c555da82347.txt,CSS10_nl_fy_separate_2544:2,41.0,1,2.0,1.0,2.0,CSS10_nl_fy_separate,nl,separate,2544,0.7360212295121642,True,0.8180216687494473
650,714,s.5378b2ff-e14c-4239-8c98-af2b3595b703.txt,CSS10_nl_fy_separate_2544:2,34.0,1,1.0,1.0,2.0,CSS10_nl_fy_separate,nl,separate,2544,0.7360212295121642,True,0.8180216687494473
651,715,s.08887e64-8b13-4122-a17c-9796858b4e89.txt,CSS10_nl_fy_separate_2544:2,52.0,1,2.0,1.0,2.0,CSS10_nl_fy_separate,nl,separate,2544,0.7360212295121642,True,0.8180216687494473
652,716,s.05e06cce-81a5-4981-98c9-57b78452f0ee.txt,CSS10_nl_fy_separate_2544:2,6.0,1,1.0,1.0,2.0,CSS10_nl_fy_separate,nl,separate,2544,0.7360212295121642,True,0.8180216687494473
653,717,s.6a188812-3275-43c9-9262-4bf77fa17cdc.txt,CSS10_nl_fy_separate_2544:2,35.0,2,1.0,1.0,2.0,CSS10_nl_fy_separate,nl,separate,2544,0.7360212295121642,True,0.8180216687494473
654,718,s.44b9c07f-fe53-4ca6-b230-01bcda2bea10.txt,CSS10_nl_fy_separate_2544:2,5.0,2,2.0,1.0,2.0,CSS10_nl_fy_separate,nl,separate,2544,0.7360212295121642,True,0.8180216687494473
655,719,s.fdb5f1c3-1a11-470b-ab52-ae8735a9bbea.txt,CSS10_nl_fy_separate_2544:2,59.0,2,3.0,3.0,2.0,CSS10_nl_fy_separate,nl,separate,2544,0.7360212295121642,True,0.8180216687494473
656,720,s.5ec22c2c-6a42-4a7e-a4f1-084d8f095323.txt,CSS10_fi_fy_mapped_2544:2,26.0,1,1.0,2.0,2.0,CSS10_fi_fy_mapped,fi,mapped,2544,0.4712875776700755,False,0.6087309811169119
657,721,s.66715fa2-8356-40f9-8aea-6c555da82347.txt,CSS10_fi_fy_mapped_2544:2,69.0,1,2.0,1.0,2.0,CSS10_fi_fy_mapped,fi,mapped,2544,0.4712875776700755,False,0.6087309811169119
658,722,s.5378b2ff-e14c-4239-8c98-af2b3595b703.txt,CSS10_fi_fy_mapped_2544:2,51.0,1,1.0,1.0,2.0,CSS10_fi_fy_mapped,fi,mapped,2544,0.4712875776700755,False,0.6087309811169119
659,723,s.08887e64-8b13-4122-a17c-9796858b4e89.txt,CSS10_fi_fy_mapped_2544:2,47.0,1,2.0,1.0,2.0,CSS10_fi_fy_mapped,fi,mapped,2544,0.4712875776700755,False,0.6087309811169119
660,724,s.05e06cce-81a5-4981-98c9-57b78452f0ee.txt,CSS10_fi_fy_mapped_2544:2,75.0,1,1.0,1.0,2.0,CSS10_fi_fy_mapped,fi,mapped,2544,0.4712875776700755,False,0.6087309811169119
661,725,s.6a188812-3275-43c9-9262-4bf77fa17cdc.txt,CSS10_fi_fy_mapped_2544:2,45.0,2,1.0,1.0,2.0,CSS10_fi_fy_mapped,fi,mapped,2544,0.4712875776700755,False,0.6087309811169119
662,726,s.44b9c07f-fe53-4ca6-b230-01bcda2bea10.txt,CSS10_fi_fy_mapped_2544:2,8.0,2,2.0,1.0,2.0,CSS10_fi_fy_mapped,fi,mapped,2544,0.4712875776700755,False,0.6087309811169119
663,727,s.fdb5f1c3-1a11-470b-ab52-ae8735a9bbea.txt,CSS10_fi_fy_mapped_2544:2,53.0,2,3.0,3.0,2.0,CSS10_fi_fy_mapped,fi,mapped,2544,0.4712875776700755,False,0.6087309811169119
664,728,s.5ec22c2c-6a42-4a7e-a4f1-084d8f095323.txt,CSS10_fi_fy_separate_2544:2,10.0,1,1.0,2.0,2.0,CSS10_fi_fy_separate,fi,separate,2544,0.4712875776700755,False,0.6087309811169119
665,729,s.66715fa2-8356-40f9-8aea-6c555da82347.txt,CSS10_fi_fy_separate_2544:2,71.0,1,2.0,1.0,2.0,CSS10_fi_fy_separate,fi,separate,2544,0.4712875776700755,False,0.6087309811169119
666,730,s.5378b2ff-e14c-4239-8c98-af2b3595b703.txt,CSS10_fi_fy_separate_2544:2,31.0,1,1.0,1.0,2.0,CSS10_fi_fy_separate,fi,separate,2544,0.4712875776700755,False,0.6087309811169119
667,731,s.08887e64-8b13-4122-a17c-9796858b4e89.txt,CSS10_fi_fy_separate_2544:2,41.0,1,2.0,1.0,2.0,CSS10_fi_fy_separate,fi,separate,2544,0.4712875776700755,False,0.6087309811169119
668,732,s.05e06cce-81a5-4981-98c9-57b78452f0ee.txt,CSS10_fi_fy_separate_2544:2,15.0,1,1.0,1.0,2.0,CSS10_fi_fy_separate,fi,separate,2544,0.4712875776700755,False,0.6087309811169119
669,733,s.6a188812-3275-43c9-9262-4bf77fa17cdc.txt,CSS10_fi_fy_separate_2544:2,31.0,2,1.0,1.0,2.0,CSS10_fi_fy_separate,fi,separate,2544,0.4712875776700755,False,0.6087309811169119
670,734,s.44b9c07f-fe53-4ca6-b230-01bcda2bea10.txt,CSS10_fi_fy_separate_2544:2,9.0,2,2.0,1.0,2.0,CSS10_fi_fy_separate,fi,separate,2544,0.4712875776700755,False,0.6087309811169119
671,735,s.fdb5f1c3-1a11-470b-ab52-ae8735a9bbea.txt,CSS10_fi_fy_separate_2544:2,46.0,2,3.0,3.0,2.0,CSS10_fi_fy_separate,fi,separate,2544,0.4712875776700755,False,0.6087309811169119
672,736,s.5ec22c2c-6a42-4a7e-a4f1-084d8f095323.txt,CSS10_es_ES_fy_mapped_2544:2,8.0,1,1.0,2.0,2.0,CSS10_es_ES_fy_mapped,es,mapped,2544,0.3556332899614416,True,0.5451464010367635
673,737,s.66715fa2-8356-40f9-8aea-6c555da82347.txt,CSS10_es_ES_fy_mapped_2544:2,12.0,1,2.0,1.0,2.0,CSS10_es_ES_fy_mapped,es,mapped,2544,0.3556332899614416,True,0.5451464010367635
674,738,s.5378b2ff-e14c-4239-8c98-af2b3595b703.txt,CSS10_es_ES_fy_mapped_2544:2,23.0,1,1.0,1.0,2.0,CSS10_es_ES_fy_mapped,es,mapped,2544,0.3556332899614416,True,0.5451464010367635
675,739,s.08887e64-8b13-4122-a17c-9796858b4e89.txt,CSS10_es_ES_fy_mapped_2544:2,41.0,1,2.0,1.0,2.0,CSS10_es_ES_fy_mapped,es,mapped,2544,0.3556332899614416,True,0.5451464010367635
676,740,s.05e06cce-81a5-4981-98c9-57b78452f0ee.txt,CSS10_es_ES_fy_mapped_2544:2,12.0,1,1.0,1.0,2.0,CSS10_es_ES_fy_mapped,es,mapped,2544,0.3556332899614416,True,0.5451464010367635
677,741,s.6a188812-3275-43c9-9262-4bf77fa17cdc.txt,CSS10_es_ES_fy_mapped_2544:2,4.0,2,1.0,1.0,2.0,CSS10_es_ES_fy_mapped,es,mapped,2544,0.3556332899614416,True,0.5451464010367635
678,742,s.44b9c07f-fe53-4ca6-b230-01bcda2bea10.txt,CSS10_es_ES_fy_mapped_2544:2,1.0,2,2.0,1.0,2.0,CSS10_es_ES_fy_mapped,es,mapped,2544,0.3556332899614416,True,0.5451464010367635
679,743,s.fdb5f1c3-1a11-470b-ab52-ae8735a9bbea.txt,CSS10_es_ES_fy_mapped_2544:2,46.0,2,3.0,3.0,2.0,CSS10_es_ES_fy_mapped,es,mapped,2544,0.3556332899614416,True,0.5451464010367635
680,744,s.5ec22c2c-6a42-4a7e-a4f1-084d8f095323.txt,CSS10_es_ES_fy_separate_2544:2,8.0,1,1.0,2.0,2.0,CSS10_es_ES_fy_separate,es,separate,2544,0.3556332899614416,True,0.5451464010367635
681,745,s.66715fa2-8356-40f9-8aea-6c555da82347.txt,CSS10_es_ES_fy_separate_2544:2,19.0,1,2.0,1.0,2.0,CSS10_es_ES_fy_separate,es,separate,2544,0.3556332899614416,True,0.5451464010367635
682,746,s.5378b2ff-e14c-4239-8c98-af2b3595b703.txt,CSS10_es_ES_fy_separate_2544:2,20.0,1,1.0,1.0,2.0,CSS10_es_ES_fy_separate,es,separate,2544,0.3556332899614416,True,0.5451464010367635
683,747,s.08887e64-8b13-4122-a17c-9796858b4e89.txt,CSS10_es_ES_fy_separate_2544:2,53.0,1,2.0,1.0,2.0,CSS10_es_ES_fy_separate,es,separate,2544,0.3556332899614416,True,0.5451464010367635
684,748,s.05e06cce-81a5-4981-98c9-57b78452f0ee.txt,CSS10_es_ES_fy_separate_2544:2,5.0,1,1.0,1.0,2.0,CSS10_es_ES_fy_separate,es,separate,2544,0.3556332899614416,True,0.5451464010367635
685,749,s.6a188812-3275-43c9-9262-4bf77fa17cdc.txt,CSS10_es_ES_fy_separate_2544:2,19.0,2,1.0,1.0,2.0,CSS10_es_ES_fy_separate,es,separate,2544,0.3556332899614416,True,0.5451464010367635
686,750,s.44b9c07f-fe53-4ca6-b230-01bcda2bea10.txt,CSS10_es_ES_fy_separate_2544:2,1.0,2,2.0,1.0,2.0,CSS10_es_ES_fy_separate,es,separate,2544,0.3556332899614416,True,0.5451464010367635
687,751,s.fdb5f1c3-1a11-470b-ab52-ae8735a9bbea.txt,CSS10_es_ES_fy_separate_2544:2,51.0,2,3.0,3.0,2.0,CSS10_es_ES_fy_separate,es,separate,2544,0.3556332899614416,True,0.5451464010367635
688,752,s.5ec22c2c-6a42-4a7e-a4f1-084d8f095323.txt,CSS10_fr_FR_fy_mapped_2544:2,9.0,1,1.0,2.0,2.0,CSS10_fr_FR_fy_mapped,fr,mapped,2544,0.3858417708035707,True,0.5731340044392197
689,753,s.66715fa2-8356-40f9-8aea-6c555da82347.txt,CSS10_fr_FR_fy_mapped_2544:2,14.0,1,2.0,1.0,2.0,CSS10_fr_FR_fy_mapped,fr,mapped,2544,0.3858417708035707,True,0.5731340044392197
690,754,s.5378b2ff-e14c-4239-8c98-af2b3595b703.txt,CSS10_fr_FR_fy_mapped_2544:2,12.0,1,1.0,1.0,2.0,CSS10_fr_FR_fy_mapped,fr,mapped,2544,0.3858417708035707,True,0.5731340044392197
691,755,s.08887e64-8b13-4122-a17c-9796858b4e89.txt,CSS10_fr_FR_fy_mapped_2544:2,30.0,1,2.0,1.0,2.0,CSS10_fr_FR_fy_mapped,fr,mapped,2544,0.3858417708035707,True,0.5731340044392197
692,756,s.05e06cce-81a5-4981-98c9-57b78452f0ee.txt,CSS10_fr_FR_fy_mapped_2544:2,9.0,1,1.0,1.0,2.0,CSS10_fr_FR_fy_mapped,fr,mapped,2544,0.3858417708035707,True,0.5731340044392197
693,757,s.6a188812-3275-43c9-9262-4bf77fa17cdc.txt,CSS10_fr_FR_fy_mapped_2544:2,9.0,2,1.0,1.0,2.0,CSS10_fr_FR_fy_mapped,fr,mapped,2544,0.3858417708035707,True,0.5731340044392197
694,758,s.44b9c07f-fe53-4ca6-b230-01bcda2bea10.txt,CSS10_fr_FR_fy_mapped_2544:2,4.0,2,2.0,1.0,2.0,CSS10_fr_FR_fy_mapped,fr,mapped,2544,0.3858417708035707,True,0.5731340044392197
695,759,s.fdb5f1c3-1a11-470b-ab52-ae8735a9bbea.txt,CSS10_fr_FR_fy_mapped_2544:2,39.0,2,3.0,3.0,2.0,CSS10_fr_FR_fy_mapped,fr,mapped,2544,0.3858417708035707,True,0.5731340044392197
696,760,s.5ec22c2c-6a42-4a7e-a4f1-084d8f095323.txt,CSS10_fr_FR_fy_separate_2544:2,22.0,1,1.0,2.0,2.0,CSS10_fr_FR_fy_separate,fr,separate,2544,0.3858417708035707,True,0.5731340044392197
697,761,s.66715fa2-8356-40f9-8aea-6c555da82347.txt,CSS10_fr_FR_fy_separate_2544:2,63.0,1,2.0,1.0,2.0,CSS10_fr_FR_fy_separate,fr,separate,2544,0.3858417708035707,True,0.5731340044392197
698,762,s.5378b2ff-e14c-4239-8c98-af2b3595b703.txt,CSS10_fr_FR_fy_separate_2544:2,47.0,1,1.0,1.0,2.0,CSS10_fr_FR_fy_separate,fr,separate,2544,0.3858417708035707,True,0.5731340044392197
699,763,s.08887e64-8b13-4122-a17c-9796858b4e89.txt,CSS10_fr_FR_fy_separate_2544:2,52.0,1,2.0,1.0,2.0,CSS10_fr_FR_fy_separate,fr,separate,2544,0.3858417708035707,True,0.5731340044392197
700,764,s.05e06cce-81a5-4981-98c9-57b78452f0ee.txt,CSS10_fr_FR_fy_separate_2544:2,26.0,1,1.0,1.0,2.0,CSS10_fr_FR_fy_separate,fr,separate,2544,0.3858417708035707,True,0.5731340044392197
701,765,s.6a188812-3275-43c9-9262-4bf77fa17cdc.txt,CSS10_fr_FR_fy_separate_2544:2,14.0,2,1.0,1.0,2.0,CSS10_fr_FR_fy_separate,fr,separate,2544,0.3858417708035707,True,0.5731340044392197
702,766,s.44b9c07f-fe53-4ca6-b230-01bcda2bea10.txt,CSS10_fr_FR_fy_separate_2544:2,3.0,2,2.0,1.0,2.0,CSS10_fr_FR_fy_separate,fr,separate,2544,0.3858417708035707,True,0.5731340044392197
703,767,s.fdb5f1c3-1a11-470b-ab52-ae8735a9bbea.txt,CSS10_fr_FR_fy_separate_2544:2,41.0,2,3.0,3.0,2.0,CSS10_fr_FR_fy_separate,fr,separate,2544,0.3858417708035707,True,0.5731340044392197
704,768,s.5ec22c2c-6a42-4a7e-a4f1-084d8f095323.txt,CSS10_ja_fy_mapped_2544:2,11.0,1,1.0,2.0,2.0,CSS10_ja_fy_mapped,ja,mapped,2544,0.3376253301286601,False,0.5117668840753826
705,769,s.66715fa2-8356-40f9-8aea-6c555da82347.txt,CSS10_ja_fy_mapped_2544:2,10.0,1,2.0,1.0,2.0,CSS10_ja_fy_mapped,ja,mapped,2544,0.3376253301286601,False,0.5117668840753826
706,770,s.5378b2ff-e14c-4239-8c98-af2b3595b703.txt,CSS10_ja_fy_mapped_2544:2,30.0,1,1.0,1.0,2.0,CSS10_ja_fy_mapped,ja,mapped,2544,0.3376253301286601,False,0.5117668840753826
707,771,s.08887e64-8b13-4122-a17c-9796858b4e89.txt,CSS10_ja_fy_mapped_2544:2,58.0,1,2.0,1.0,2.0,CSS10_ja_fy_mapped,ja,mapped,2544,0.3376253301286601,False,0.5117668840753826
708,772,s.05e06cce-81a5-4981-98c9-57b78452f0ee.txt,CSS10_ja_fy_mapped_2544:2,5.0,1,1.0,1.0,2.0,CSS10_ja_fy_mapped,ja,mapped,2544,0.3376253301286601,False,0.5117668840753826
709,773,s.6a188812-3275-43c9-9262-4bf77fa17cdc.txt,CSS10_ja_fy_mapped_2544:2,6.0,2,1.0,1.0,2.0,CSS10_ja_fy_mapped,ja,mapped,2544,0.3376253301286601,False,0.5117668840753826
710,774,s.44b9c07f-fe53-4ca6-b230-01bcda2bea10.txt,CSS10_ja_fy_mapped_2544:2,7.0,2,2.0,1.0,2.0,CSS10_ja_fy_mapped,ja,mapped,2544,0.3376253301286601,False,0.5117668840753826
711,775,s.fdb5f1c3-1a11-470b-ab52-ae8735a9bbea.txt,CSS10_ja_fy_mapped_2544:2,38.0,2,3.0,3.0,2.0,CSS10_ja_fy_mapped,ja,mapped,2544,0.3376253301286601,False,0.5117668840753826
712,776,s.5ec22c2c-6a42-4a7e-a4f1-084d8f095323.txt,CSS10_ja_fy_separate_2544:2,13.0,1,1.0,2.0,2.0,CSS10_ja_fy_separate,ja,separate,2544,0.3376253301286601,False,0.5117668840753826
713,777,s.66715fa2-8356-40f9-8aea-6c555da82347.txt,CSS10_ja_fy_separate_2544:2,44.0,1,2.0,1.0,2.0,CSS10_ja_fy_separate,ja,separate,2544,0.3376253301286601,False,0.5117668840753826
714,778,s.5378b2ff-e14c-4239-8c98-af2b3595b703.txt,CSS10_ja_fy_separate_2544:2,45.0,1,1.0,1.0,2.0,CSS10_ja_fy_separate,ja,separate,2544,0.3376253301286601,False,0.5117668840753826
715,779,s.08887e64-8b13-4122-a17c-9796858b4e89.txt,CSS10_ja_fy_separate_2544:2,54.0,1,2.0,1.0,2.0,CSS10_ja_fy_separate,ja,separate,2544,0.3376253301286601,False,0.5117668840753826
716,780,s.05e06cce-81a5-4981-98c9-57b78452f0ee.txt,CSS10_ja_fy_separate_2544:2,26.0,1,1.0,1.0,2.0,CSS10_ja_fy_separate,ja,separate,2544,0.3376253301286601,False,0.5117668840753826
717,781,s.6a188812-3275-43c9-9262-4bf77fa17cdc.txt,CSS10_ja_fy_separate_2544:2,35.0,2,1.0,1.0,2.0,CSS10_ja_fy_separate,ja,separate,2544,0.3376253301286601,False,0.5117668840753826
718,782,s.44b9c07f-fe53-4ca6-b230-01bcda2bea10.txt,CSS10_ja_fy_separate_2544:2,36.0,2,2.0,1.0,2.0,CSS10_ja_fy_separate,ja,separate,2544,0.3376253301286601,False,0.5117668840753826
719,783,s.fdb5f1c3-1a11-470b-ab52-ae8735a9bbea.txt,CSS10_ja_fy_separate_2544:2,48.0,2,3.0,3.0,2.0,CSS10_ja_fy_separate,ja,separate,2544,0.3376253301286601,False,0.5117668840753826
720,792,s.e7ee0439-7169-48d1-a6d5-3ca0e078fb45.txt,CSS10_nl_fy_mapped_1785:2,45.0,1,1.0,1.0,3.0,CSS10_nl_fy_mapped,nl,mapped,1785,0.7360212295121642,True,0.7906266480137556
721,793,s.b29c7394-354d-4bf1-a6c2-cf3a942e72ff.txt,CSS10_nl_fy_mapped_1785:2,55.0,1,1.0,1.0,3.0,CSS10_nl_fy_mapped,nl,mapped,1785,0.7360212295121642,True,0.7906266480137556
722,794,s.c6adb4e0-851b-4c71-a129-678cdae5f927.txt,CSS10_nl_fy_mapped_1785:2,64.0,1,1.0,3.0,3.0,CSS10_nl_fy_mapped,nl,mapped,1785,0.7360212295121642,True,0.7906266480137556
723,795,s.b5dbf90f-aa47-4af9-9381-24b119e83815.txt,CSS10_nl_fy_mapped_1785:2,8.0,1,1.0,1.0,3.0,CSS10_nl_fy_mapped,nl,mapped,1785,0.7360212295121642,True,0.7906266480137556
724,796,s.ae6e63d2-2da6-4a8b-858d-522f05e63486.txt,CSS10_nl_fy_mapped_1785:2,66.0,1,1.0,2.0,3.0,CSS10_nl_fy_mapped,nl,mapped,1785,0.7360212295121642,True,0.7906266480137556
725,797,s.5134e591-c65f-4fe4-829d-dc3a35d783b7.txt,CSS10_nl_fy_mapped_1785:2,48.0,1,2.0,3.0,3.0,CSS10_nl_fy_mapped,nl,mapped,1785,0.7360212295121642,True,0.7906266480137556
726,798,s.ddc5b801-8515-442f-ab20-186d3ce15526.txt,CSS10_nl_fy_mapped_1785:2,45.0,1,1.0,2.0,3.0,CSS10_nl_fy_mapped,nl,mapped,1785,0.7360212295121642,True,0.7906266480137556
727,799,s.f0f38d92-ddca-4ae9-b7b3-3813ec962c2b.txt,CSS10_nl_fy_mapped_1785:2,16.0,2,1.0,3.0,3.0,CSS10_nl_fy_mapped,nl,mapped,1785,0.7360212295121642,True,0.7906266480137556
728,800,s.e7ee0439-7169-48d1-a6d5-3ca0e078fb45.txt,CSS10_nl_fy_separate_1785:2,40.0,1,1.0,1.0,3.0,CSS10_nl_fy_separate,nl,separate,1785,0.7360212295121642,True,0.7906266480137556
729,801,s.b29c7394-354d-4bf1-a6c2-cf3a942e72ff.txt,CSS10_nl_fy_separate_1785:2,1.0,1,1.0,1.0,3.0,CSS10_nl_fy_separate,nl,separate,1785,0.7360212295121642,True,0.7906266480137556
730,802,s.c6adb4e0-851b-4c71-a129-678cdae5f927.txt,CSS10_nl_fy_separate_1785:2,7.0,1,1.0,3.0,3.0,CSS10_nl_fy_separate,nl,separate,1785,0.7360212295121642,True,0.7906266480137556
731,803,s.b5dbf90f-aa47-4af9-9381-24b119e83815.txt,CSS10_nl_fy_separate_1785:2,71.0,1,1.0,1.0,3.0,CSS10_nl_fy_separate,nl,separate,1785,0.7360212295121642,True,0.7906266480137556
732,804,s.ae6e63d2-2da6-4a8b-858d-522f05e63486.txt,CSS10_nl_fy_separate_1785:2,45.0,1,1.0,2.0,3.0,CSS10_nl_fy_separate,nl,separate,1785,0.7360212295121642,True,0.7906266480137556
733,805,s.5134e591-c65f-4fe4-829d-dc3a35d783b7.txt,CSS10_nl_fy_separate_1785:2,26.0,1,2.0,3.0,3.0,CSS10_nl_fy_separate,nl,separate,1785,0.7360212295121642,True,0.7906266480137556
734,806,s.ddc5b801-8515-442f-ab20-186d3ce15526.txt,CSS10_nl_fy_separate_1785:2,28.0,1,1.0,2.0,3.0,CSS10_nl_fy_separate,nl,separate,1785,0.7360212295121642,True,0.7906266480137556
735,807,s.f0f38d92-ddca-4ae9-b7b3-3813ec962c2b.txt,CSS10_nl_fy_separate_1785:2,8.0,2,1.0,3.0,3.0,CSS10_nl_fy_separate,nl,separate,1785,0.7360212295121642,True,0.7906266480137556
736,808,s.e7ee0439-7169-48d1-a6d5-3ca0e078fb45.txt,CSS10_fi_fy_mapped_1785:2,50.0,1,1.0,1.0,3.0,CSS10_fi_fy_mapped,fi,mapped,1785,0.4712875776700755,False,0.532913424369468
737,809,s.b29c7394-354d-4bf1-a6c2-cf3a942e72ff.txt,CSS10_fi_fy_mapped_1785:2,8.0,1,1.0,1.0,3.0,CSS10_fi_fy_mapped,fi,mapped,1785,0.4712875776700755,False,0.532913424369468
738,810,s.c6adb4e0-851b-4c71-a129-678cdae5f927.txt,CSS10_fi_fy_mapped_1785:2,57.0,1,1.0,3.0,3.0,CSS10_fi_fy_mapped,fi,mapped,1785,0.4712875776700755,False,0.532913424369468
739,811,s.b5dbf90f-aa47-4af9-9381-24b119e83815.txt,CSS10_fi_fy_mapped_1785:2,3.0,1,1.0,1.0,3.0,CSS10_fi_fy_mapped,fi,mapped,1785,0.4712875776700755,False,0.532913424369468
740,812,s.ae6e63d2-2da6-4a8b-858d-522f05e63486.txt,CSS10_fi_fy_mapped_1785:2,40.0,1,1.0,2.0,3.0,CSS10_fi_fy_mapped,fi,mapped,1785,0.4712875776700755,False,0.532913424369468
741,813,s.5134e591-c65f-4fe4-829d-dc3a35d783b7.txt,CSS10_fi_fy_mapped_1785:2,60.0,1,2.0,3.0,3.0,CSS10_fi_fy_mapped,fi,mapped,1785,0.4712875776700755,False,0.532913424369468
742,814,s.ddc5b801-8515-442f-ab20-186d3ce15526.txt,CSS10_fi_fy_mapped_1785:2,19.0,1,1.0,2.0,3.0,CSS10_fi_fy_mapped,fi,mapped,1785,0.4712875776700755,False,0.532913424369468
743,815,s.f0f38d92-ddca-4ae9-b7b3-3813ec962c2b.txt,CSS10_fi_fy_mapped_1785:2,8.0,2,1.0,3.0,3.0,CSS10_fi_fy_mapped,fi,mapped,1785,0.4712875776700755,False,0.532913424369468
744,816,s.e7ee0439-7169-48d1-a6d5-3ca0e078fb45.txt,CSS10_fi_fy_separate_1785:2,55.0,1,1.0,1.0,3.0,CSS10_fi_fy_separate,fi,separate,1785,0.4712875776700755,False,0.532913424369468
745,817,s.b29c7394-354d-4bf1-a6c2-cf3a942e72ff.txt,CSS10_fi_fy_separate_1785:2,16.0,1,1.0,1.0,3.0,CSS10_fi_fy_separate,fi,separate,1785,0.4712875776700755,False,0.532913424369468
746,818,s.c6adb4e0-851b-4c71-a129-678cdae5f927.txt,CSS10_fi_fy_separate_1785:2,32.0,1,1.0,3.0,3.0,CSS10_fi_fy_separate,fi,separate,1785,0.4712875776700755,False,0.532913424369468
747,819,s.b5dbf90f-aa47-4af9-9381-24b119e83815.txt,CSS10_fi_fy_separate_1785:2,6.0,1,1.0,1.0,3.0,CSS10_fi_fy_separate,fi,separate,1785,0.4712875776700755,False,0.532913424369468
748,820,s.ae6e63d2-2da6-4a8b-858d-522f05e63486.txt,CSS10_fi_fy_separate_1785:2,9.0,1,1.0,2.0,3.0,CSS10_fi_fy_separate,fi,separate,1785,0.4712875776700755,False,0.532913424369468
749,821,s.5134e591-c65f-4fe4-829d-dc3a35d783b7.txt,CSS10_fi_fy_separate_1785:2,49.0,1,2.0,3.0,3.0,CSS10_fi_fy_separate,fi,separate,1785,0.4712875776700755,False,0.532913424369468
750,822,s.ddc5b801-8515-442f-ab20-186d3ce15526.txt,CSS10_fi_fy_separate_1785:2,9.0,1,1.0,2.0,3.0,CSS10_fi_fy_separate,fi,separate,1785,0.4712875776700755,False,0.532913424369468
751,823,s.f0f38d92-ddca-4ae9-b7b3-3813ec962c2b.txt,CSS10_fi_fy_separate_1785:2,14.0,2,1.0,3.0,3.0,CSS10_fi_fy_separate,fi,separate,1785,0.4712875776700755,False,0.532913424369468
752,824,s.e7ee0439-7169-48d1-a6d5-3ca0e078fb45.txt,CSS10_es_ES_fy_mapped_1785:2,5.0,1,1.0,1.0,3.0,CSS10_es_ES_fy_mapped,es,mapped,1785,0.3556332899614416,True,0.479102178224862
753,825,s.b29c7394-354d-4bf1-a6c2-cf3a942e72ff.txt,CSS10_es_ES_fy_mapped_1785:2,1.0,1,1.0,1.0,3.0,CSS10_es_ES_fy_mapped,es,mapped,1785,0.3556332899614416,True,0.479102178224862
754,826,s.c6adb4e0-851b-4c71-a129-678cdae5f927.txt,CSS10_es_ES_fy_mapped_1785:2,9.0,1,1.0,3.0,3.0,CSS10_es_ES_fy_mapped,es,mapped,1785,0.3556332899614416,True,0.479102178224862
755,827,s.b5dbf90f-aa47-4af9-9381-24b119e83815.txt,CSS10_es_ES_fy_mapped_1785:2,4.0,1,1.0,1.0,3.0,CSS10_es_ES_fy_mapped,es,mapped,1785,0.3556332899614416,True,0.479102178224862
756,828,s.ae6e63d2-2da6-4a8b-858d-522f05e63486.txt,CSS10_es_ES_fy_mapped_1785:2,12.0,1,1.0,2.0,3.0,CSS10_es_ES_fy_mapped,es,mapped,1785,0.3556332899614416,True,0.479102178224862
757,829,s.5134e591-c65f-4fe4-829d-dc3a35d783b7.txt,CSS10_es_ES_fy_mapped_1785:2,24.0,1,2.0,3.0,3.0,CSS10_es_ES_fy_mapped,es,mapped,1785,0.3556332899614416,True,0.479102178224862
758,830,s.ddc5b801-8515-442f-ab20-186d3ce15526.txt,CSS10_es_ES_fy_mapped_1785:2,10.0,1,1.0,2.0,3.0,CSS10_es_ES_fy_mapped,es,mapped,1785,0.3556332899614416,True,0.479102178224862
759,831,s.f0f38d92-ddca-4ae9-b7b3-3813ec962c2b.txt,CSS10_es_ES_fy_mapped_1785:2,7.0,2,1.0,3.0,3.0,CSS10_es_ES_fy_mapped,es,mapped,1785,0.3556332899614416,True,0.479102178224862
760,832,s.e7ee0439-7169-48d1-a6d5-3ca0e078fb45.txt,CSS10_es_ES_fy_separate_1785:2,40.0,1,1.0,1.0,3.0,CSS10_es_ES_fy_separate,es,separate,1785,0.3556332899614416,True,0.479102178224862
761,833,s.b29c7394-354d-4bf1-a6c2-cf3a942e72ff.txt,CSS10_es_ES_fy_separate_1785:2,1.0,1,1.0,1.0,3.0,CSS10_es_ES_fy_separate,es,separate,1785,0.3556332899614416,True,0.479102178224862
762,834,s.c6adb4e0-851b-4c71-a129-678cdae5f927.txt,CSS10_es_ES_fy_separate_1785:2,63.0,1,1.0,3.0,3.0,CSS10_es_ES_fy_separate,es,separate,1785,0.3556332899614416,True,0.479102178224862
763,835,s.b5dbf90f-aa47-4af9-9381-24b119e83815.txt,CSS10_es_ES_fy_separate_1785:2,3.0,1,1.0,1.0,3.0,CSS10_es_ES_fy_separate,es,separate,1785,0.3556332899614416,True,0.479102178224862
764,836,s.ae6e63d2-2da6-4a8b-858d-522f05e63486.txt,CSS10_es_ES_fy_separate_1785:2,29.0,1,1.0,2.0,3.0,CSS10_es_ES_fy_separate,es,separate,1785,0.3556332899614416,True,0.479102178224862
765,837,s.5134e591-c65f-4fe4-829d-dc3a35d783b7.txt,CSS10_es_ES_fy_separate_1785:2,23.0,1,2.0,3.0,3.0,CSS10_es_ES_fy_separate,es,separate,1785,0.3556332899614416,True,0.479102178224862
766,838,s.ddc5b801-8515-442f-ab20-186d3ce15526.txt,CSS10_es_ES_fy_separate_1785:2,10.0,1,1.0,2.0,3.0,CSS10_es_ES_fy_separate,es,separate,1785,0.3556332899614416,True,0.479102178224862
767,839,s.f0f38d92-ddca-4ae9-b7b3-3813ec962c2b.txt,CSS10_es_ES_fy_separate_1785:2,30.0,2,1.0,3.0,3.0,CSS10_es_ES_fy_separate,es,separate,1785,0.3556332899614416,True,0.479102178224862
768,840,s.e7ee0439-7169-48d1-a6d5-3ca0e078fb45.txt,CSS10_fr_FR_fy_mapped_1785:2,30.0,1,1.0,1.0,3.0,CSS10_fr_FR_fy_mapped,fr,mapped,1785,0.3858417708035707,True,0.6040152987322769
769,841,s.b29c7394-354d-4bf1-a6c2-cf3a942e72ff.txt,CSS10_fr_FR_fy_mapped_1785:2,1.0,1,1.0,1.0,3.0,CSS10_fr_FR_fy_mapped,fr,mapped,1785,0.3858417708035707,True,0.6040152987322769
770,842,s.c6adb4e0-851b-4c71-a129-678cdae5f927.txt,CSS10_fr_FR_fy_mapped_1785:2,19.0,1,1.0,3.0,3.0,CSS10_fr_FR_fy_mapped,fr,mapped,1785,0.3858417708035707,True,0.6040152987322769
771,843,s.b5dbf90f-aa47-4af9-9381-24b119e83815.txt,CSS10_fr_FR_fy_mapped_1785:2,7.0,1,1.0,1.0,3.0,CSS10_fr_FR_fy_mapped,fr,mapped,1785,0.3858417708035707,True,0.6040152987322769
772,844,s.ae6e63d2-2da6-4a8b-858d-522f05e63486.txt,CSS10_fr_FR_fy_mapped_1785:2,32.0,1,1.0,2.0,3.0,CSS10_fr_FR_fy_mapped,fr,mapped,1785,0.3858417708035707,True,0.6040152987322769
773,845,s.5134e591-c65f-4fe4-829d-dc3a35d783b7.txt,CSS10_fr_FR_fy_mapped_1785:2,32.0,1,2.0,3.0,3.0,CSS10_fr_FR_fy_mapped,fr,mapped,1785,0.3858417708035707,True,0.6040152987322769
774,846,s.ddc5b801-8515-442f-ab20-186d3ce15526.txt,CSS10_fr_FR_fy_mapped_1785:2,11.0,1,1.0,2.0,3.0,CSS10_fr_FR_fy_mapped,fr,mapped,1785,0.3858417708035707,True,0.6040152987322769
775,847,s.f0f38d92-ddca-4ae9-b7b3-3813ec962c2b.txt,CSS10_fr_FR_fy_mapped_1785:2,3.0,2,1.0,3.0,3.0,CSS10_fr_FR_fy_mapped,fr,mapped,1785,0.3858417708035707,True,0.6040152987322769
776,848,s.e7ee0439-7169-48d1-a6d5-3ca0e078fb45.txt,CSS10_fr_FR_fy_separate_1785:2,50.0,1,1.0,1.0,3.0,CSS10_fr_FR_fy_separate,fr,separate,1785,0.3858417708035707,True,0.6040152987322769
777,849,s.b29c7394-354d-4bf1-a6c2-cf3a942e72ff.txt,CSS10_fr_FR_fy_separate_1785:2,31.0,1,1.0,1.0,3.0,CSS10_fr_FR_fy_separate,fr,separate,1785,0.3858417708035707,True,0.6040152987322769
778,850,s.c6adb4e0-851b-4c71-a129-678cdae5f927.txt,CSS10_fr_FR_fy_separate_1785:2,12.0,1,1.0,3.0,3.0,CSS10_fr_FR_fy_separate,fr,separate,1785,0.3858417708035707,True,0.6040152987322769
779,851,s.b5dbf90f-aa47-4af9-9381-24b119e83815.txt,CSS10_fr_FR_fy_separate_1785:2,3.0,1,1.0,1.0,3.0,CSS10_fr_FR_fy_separate,fr,separate,1785,0.3858417708035707,True,0.6040152987322769
780,852,s.ae6e63d2-2da6-4a8b-858d-522f05e63486.txt,CSS10_fr_FR_fy_separate_1785:2,25.0,1,1.0,2.0,3.0,CSS10_fr_FR_fy_separate,fr,separate,1785,0.3858417708035707,True,0.6040152987322769
781,853,s.5134e591-c65f-4fe4-829d-dc3a35d783b7.txt,CSS10_fr_FR_fy_separate_1785:2,35.0,1,2.0,3.0,3.0,CSS10_fr_FR_fy_separate,fr,separate,1785,0.3858417708035707,True,0.6040152987322769
782,854,s.ddc5b801-8515-442f-ab20-186d3ce15526.txt,CSS10_fr_FR_fy_separate_1785:2,40.0,1,1.0,2.0,3.0,CSS10_fr_FR_fy_separate,fr,separate,1785,0.3858417708035707,True,0.6040152987322769
783,855,s.f0f38d92-ddca-4ae9-b7b3-3813ec962c2b.txt,CSS10_fr_FR_fy_separate_1785:2,13.0,2,1.0,3.0,3.0,CSS10_fr_FR_fy_separate,fr,separate,1785,0.3858417708035707,True,0.6040152987322769
784,856,s.e7ee0439-7169-48d1-a6d5-3ca0e078fb45.txt,CSS10_ja_fy_mapped_1785:2,20.0,1,1.0,1.0,3.0,CSS10_ja_fy_mapped,ja,mapped,1785,0.3376253301286601,False,0.4276570980004834
785,857,s.b29c7394-354d-4bf1-a6c2-cf3a942e72ff.txt,CSS10_ja_fy_mapped_1785:2,1.0,1,1.0,1.0,3.0,CSS10_ja_fy_mapped,ja,mapped,1785,0.3376253301286601,False,0.4276570980004834
786,858,s.c6adb4e0-851b-4c71-a129-678cdae5f927.txt,CSS10_ja_fy_mapped_1785:2,9.0,1,1.0,3.0,3.0,CSS10_ja_fy_mapped,ja,mapped,1785,0.3376253301286601,False,0.4276570980004834
787,859,s.b5dbf90f-aa47-4af9-9381-24b119e83815.txt,CSS10_ja_fy_mapped_1785:2,6.0,1,1.0,1.0,3.0,CSS10_ja_fy_mapped,ja,mapped,1785,0.3376253301286601,False,0.4276570980004834
788,860,s.ae6e63d2-2da6-4a8b-858d-522f05e63486.txt,CSS10_ja_fy_mapped_1785:2,25.0,1,1.0,2.0,3.0,CSS10_ja_fy_mapped,ja,mapped,1785,0.3376253301286601,False,0.4276570980004834
789,861,s.5134e591-c65f-4fe4-829d-dc3a35d783b7.txt,CSS10_ja_fy_mapped_1785:2,22.0,1,2.0,3.0,3.0,CSS10_ja_fy_mapped,ja,mapped,1785,0.3376253301286601,False,0.4276570980004834
790,862,s.ddc5b801-8515-442f-ab20-186d3ce15526.txt,CSS10_ja_fy_mapped_1785:2,13.0,1,1.0,2.0,3.0,CSS10_ja_fy_mapped,ja,mapped,1785,0.3376253301286601,False,0.4276570980004834
791,863,s.f0f38d92-ddca-4ae9-b7b3-3813ec962c2b.txt,CSS10_ja_fy_mapped_1785:2,9.0,2,1.0,3.0,3.0,CSS10_ja_fy_mapped,ja,mapped,1785,0.3376253301286601,False,0.4276570980004834
792,864,s.e7ee0439-7169-48d1-a6d5-3ca0e078fb45.txt,CSS10_ja_fy_separate_1785:2,10.0,1,1.0,1.0,3.0,CSS10_ja_fy_separate,ja,separate,1785,0.3376253301286601,False,0.4276570980004834
793,865,s.b29c7394-354d-4bf1-a6c2-cf3a942e72ff.txt,CSS10_ja_fy_separate_1785:2,1.0,1,1.0,1.0,3.0,CSS10_ja_fy_separate,ja,separate,1785,0.3376253301286601,False,0.4276570980004834
794,866,s.c6adb4e0-851b-4c71-a129-678cdae5f927.txt,CSS10_ja_fy_separate_1785:2,20.0,1,1.0,3.0,3.0,CSS10_ja_fy_separate,ja,separate,1785,0.3376253301286601,False,0.4276570980004834
795,867,s.b5dbf90f-aa47-4af9-9381-24b119e83815.txt,CSS10_ja_fy_separate_1785:2,4.0,1,1.0,1.0,3.0,CSS10_ja_fy_separate,ja,separate,1785,0.3376253301286601,False,0.4276570980004834
796,868,s.ae6e63d2-2da6-4a8b-858d-522f05e63486.txt,CSS10_ja_fy_separate_1785:2,18.0,1,1.0,2.0,3.0,CSS10_ja_fy_separate,ja,separate,1785,0.3376253301286601,False,0.4276570980004834
797,869,s.5134e591-c65f-4fe4-829d-dc3a35d783b7.txt,CSS10_ja_fy_separate_1785:2,16.0,1,2.0,3.0,3.0,CSS10_ja_fy_separate,ja,separate,1785,0.3376253301286601,False,0.4276570980004834
798,870,s.ddc5b801-8515-442f-ab20-186d3ce15526.txt,CSS10_ja_fy_separate_1785:2,10.0,1,1.0,2.0,3.0,CSS10_ja_fy_separate,ja,separate,1785,0.3376253301286601,False,0.4276570980004834
799,871,s.f0f38d92-ddca-4ae9-b7b3-3813ec962c2b.txt,CSS10_ja_fy_separate_1785:2,5.0,2,1.0,3.0,3.0,CSS10_ja_fy_separate,ja,separate,1785,0.3376253301286601,False,0.4276570980004834
800,880,s.e7ee0439-7169-48d1-a6d5-3ca0e078fb45.txt,CSS10_nl_fy_mapped_1126:2,91.0,1,1.0,1.0,3.0,CSS10_nl_fy_mapped,nl,mapped,1126,0.7360212295121642,True,0.8067112378667501
801,881,s.b29c7394-354d-4bf1-a6c2-cf3a942e72ff.txt,CSS10_nl_fy_mapped_1126:2,60.0,1,1.0,1.0,3.0,CSS10_nl_fy_mapped,nl,mapped,1126,0.7360212295121642,True,0.8067112378667501
802,882,s.c6adb4e0-851b-4c71-a129-678cdae5f927.txt,CSS10_nl_fy_mapped_1126:2,69.0,1,1.0,3.0,3.0,CSS10_nl_fy_mapped,nl,mapped,1126,0.7360212295121642,True,0.8067112378667501
803,883,s.b5dbf90f-aa47-4af9-9381-24b119e83815.txt,CSS10_nl_fy_mapped_1126:2,62.0,1,1.0,1.0,3.0,CSS10_nl_fy_mapped,nl,mapped,1126,0.7360212295121642,True,0.8067112378667501
804,884,s.ae6e63d2-2da6-4a8b-858d-522f05e63486.txt,CSS10_nl_fy_mapped_1126:2,59.0,1,1.0,2.0,3.0,CSS10_nl_fy_mapped,nl,mapped,1126,0.7360212295121642,True,0.8067112378667501
805,885,s.5134e591-c65f-4fe4-829d-dc3a35d783b7.txt,CSS10_nl_fy_mapped_1126:2,98.0,1,2.0,3.0,3.0,CSS10_nl_fy_mapped,nl,mapped,1126,0.7360212295121642,True,0.8067112378667501
806,886,s.ddc5b801-8515-442f-ab20-186d3ce15526.txt,CSS10_nl_fy_mapped_1126:2,72.0,1,1.0,2.0,3.0,CSS10_nl_fy_mapped,nl,mapped,1126,0.7360212295121642,True,0.8067112378667501
807,887,s.f0f38d92-ddca-4ae9-b7b3-3813ec962c2b.txt,CSS10_nl_fy_mapped_1126:2,81.0,2,1.0,3.0,3.0,CSS10_nl_fy_mapped,nl,mapped,1126,0.7360212295121642,True,0.8067112378667501
808,888,s.e7ee0439-7169-48d1-a6d5-3ca0e078fb45.txt,CSS10_nl_fy_separate_1126:2,100.0,1,1.0,1.0,3.0,CSS10_nl_fy_separate,nl,separate,1126,0.7360212295121642,True,0.8067112378667501
809,889,s.b29c7394-354d-4bf1-a6c2-cf3a942e72ff.txt,CSS10_nl_fy_separate_1126:2,60.0,1,1.0,1.0,3.0,CSS10_nl_fy_separate,nl,separate,1126,0.7360212295121642,True,0.8067112378667501
810,890,s.c6adb4e0-851b-4c71-a129-678cdae5f927.txt,CSS10_nl_fy_separate_1126:2,49.0,1,1.0,3.0,3.0,CSS10_nl_fy_separate,nl,separate,1126,0.7360212295121642,True,0.8067112378667501
811,891,s.b5dbf90f-aa47-4af9-9381-24b119e83815.txt,CSS10_nl_fy_separate_1126:2,63.0,1,1.0,1.0,3.0,CSS10_nl_fy_separate,nl,separate,1126,0.7360212295121642,True,0.8067112378667501
812,892,s.ae6e63d2-2da6-4a8b-858d-522f05e63486.txt,CSS10_nl_fy_separate_1126:2,51.0,1,1.0,2.0,3.0,CSS10_nl_fy_separate,nl,separate,1126,0.7360212295121642,True,0.8067112378667501
813,893,s.5134e591-c65f-4fe4-829d-dc3a35d783b7.txt,CSS10_nl_fy_separate_1126:2,61.0,1,2.0,3.0,3.0,CSS10_nl_fy_separate,nl,separate,1126,0.7360212295121642,True,0.8067112378667501
814,894,s.ddc5b801-8515-442f-ab20-186d3ce15526.txt,CSS10_nl_fy_separate_1126:2,83.0,1,1.0,2.0,3.0,CSS10_nl_fy_separate,nl,separate,1126,0.7360212295121642,True,0.8067112378667501
815,895,s.f0f38d92-ddca-4ae9-b7b3-3813ec962c2b.txt,CSS10_nl_fy_separate_1126:2,80.0,2,1.0,3.0,3.0,CSS10_nl_fy_separate,nl,separate,1126,0.7360212295121642,True,0.8067112378667501
816,896,s.e7ee0439-7169-48d1-a6d5-3ca0e078fb45.txt,CSS10_fi_fy_mapped_1126:2,92.0,1,1.0,1.0,3.0,CSS10_fi_fy_mapped,fi,mapped,1126,0.4712875776700755,False,0.5854466077728037
817,897,s.b29c7394-354d-4bf1-a6c2-cf3a942e72ff.txt,CSS10_fi_fy_mapped_1126:2,61.0,1,1.0,1.0,3.0,CSS10_fi_fy_mapped,fi,mapped,1126,0.4712875776700755,False,0.5854466077728037
818,898,s.c6adb4e0-851b-4c71-a129-678cdae5f927.txt,CSS10_fi_fy_mapped_1126:2,74.0,1,1.0,3.0,3.0,CSS10_fi_fy_mapped,fi,mapped,1126,0.4712875776700755,False,0.5854466077728037
819,899,s.b5dbf90f-aa47-4af9-9381-24b119e83815.txt,CSS10_fi_fy_mapped_1126:2,61.0,1,1.0,1.0,3.0,CSS10_fi_fy_mapped,fi,mapped,1126,0.4712875776700755,False,0.5854466077728037
820,900,s.ae6e63d2-2da6-4a8b-858d-522f05e63486.txt,CSS10_fi_fy_mapped_1126:2,68.0,1,1.0,2.0,3.0,CSS10_fi_fy_mapped,fi,mapped,1126,0.4712875776700755,False,0.5854466077728037
821,901,s.5134e591-c65f-4fe4-829d-dc3a35d783b7.txt,CSS10_fi_fy_mapped_1126:2,95.0,1,2.0,3.0,3.0,CSS10_fi_fy_mapped,fi,mapped,1126,0.4712875776700755,False,0.5854466077728037
822,902,s.ddc5b801-8515-442f-ab20-186d3ce15526.txt,CSS10_fi_fy_mapped_1126:2,63.0,1,1.0,2.0,3.0,CSS10_fi_fy_mapped,fi,mapped,1126,0.4712875776700755,False,0.5854466077728037
823,903,s.f0f38d92-ddca-4ae9-b7b3-3813ec962c2b.txt,CSS10_fi_fy_mapped_1126:2,78.0,2,1.0,3.0,3.0,CSS10_fi_fy_mapped,fi,mapped,1126,0.4712875776700755,False,0.5854466077728037
824,904,s.e7ee0439-7169-48d1-a6d5-3ca0e078fb45.txt,CSS10_fi_fy_separate_1126:2,91.0,1,1.0,1.0,3.0,CSS10_fi_fy_separate,fi,separate,1126,0.4712875776700755,False,0.5854466077728037
825,905,s.b29c7394-354d-4bf1-a6c2-cf3a942e72ff.txt,CSS10_fi_fy_separate_1126:2,39.0,1,1.0,1.0,3.0,CSS10_fi_fy_separate,fi,separate,1126,0.4712875776700755,False,0.5854466077728037
826,906,s.c6adb4e0-851b-4c71-a129-678cdae5f927.txt,CSS10_fi_fy_separate_1126:2,41.0,1,1.0,3.0,3.0,CSS10_fi_fy_separate,fi,separate,1126,0.4712875776700755,False,0.5854466077728037
827,907,s.b5dbf90f-aa47-4af9-9381-24b119e83815.txt,CSS10_fi_fy_separate_1126:2,61.0,1,1.0,1.0,3.0,CSS10_fi_fy_separate,fi,separate,1126,0.4712875776700755,False,0.5854466077728037
828,908,s.ae6e63d2-2da6-4a8b-858d-522f05e63486.txt,CSS10_fi_fy_separate_1126:2,53.0,1,1.0,2.0,3.0,CSS10_fi_fy_separate,fi,separate,1126,0.4712875776700755,False,0.5854466077728037
829,909,s.5134e591-c65f-4fe4-829d-dc3a35d783b7.txt,CSS10_fi_fy_separate_1126:2,79.0,1,2.0,3.0,3.0,CSS10_fi_fy_separate,fi,separate,1126,0.4712875776700755,False,0.5854466077728037
830,910,s.ddc5b801-8515-442f-ab20-186d3ce15526.txt,CSS10_fi_fy_separate_1126:2,75.0,1,1.0,2.0,3.0,CSS10_fi_fy_separate,fi,separate,1126,0.4712875776700755,False,0.5854466077728037
831,911,s.f0f38d92-ddca-4ae9-b7b3-3813ec962c2b.txt,CSS10_fi_fy_separate_1126:2,81.0,2,1.0,3.0,3.0,CSS10_fi_fy_separate,fi,separate,1126,0.4712875776700755,False,0.5854466077728037
832,912,s.e7ee0439-7169-48d1-a6d5-3ca0e078fb45.txt,CSS10_es_ES_fy_mapped_1126:2,91.0,1,1.0,1.0,3.0,CSS10_es_ES_fy_mapped,es,mapped,1126,0.3556332899614416,True,0.4764399076007042
833,913,s.b29c7394-354d-4bf1-a6c2-cf3a942e72ff.txt,CSS10_es_ES_fy_mapped_1126:2,61.0,1,1.0,1.0,3.0,CSS10_es_ES_fy_mapped,es,mapped,1126,0.3556332899614416,True,0.4764399076007042
834,914,s.c6adb4e0-851b-4c71-a129-678cdae5f927.txt,CSS10_es_ES_fy_mapped_1126:2,50.0,1,1.0,3.0,3.0,CSS10_es_ES_fy_mapped,es,mapped,1126,0.3556332899614416,True,0.4764399076007042
835,915,s.b5dbf90f-aa47-4af9-9381-24b119e83815.txt,CSS10_es_ES_fy_mapped_1126:2,60.0,1,1.0,1.0,3.0,CSS10_es_ES_fy_mapped,es,mapped,1126,0.3556332899614416,True,0.4764399076007042
836,916,s.ae6e63d2-2da6-4a8b-858d-522f05e63486.txt,CSS10_es_ES_fy_mapped_1126:2,48.0,1,1.0,2.0,3.0,CSS10_es_ES_fy_mapped,es,mapped,1126,0.3556332899614416,True,0.4764399076007042
837,917,s.5134e591-c65f-4fe4-829d-dc3a35d783b7.txt,CSS10_es_ES_fy_mapped_1126:2,87.0,1,2.0,3.0,3.0,CSS10_es_ES_fy_mapped,es,mapped,1126,0.3556332899614416,True,0.4764399076007042
838,918,s.ddc5b801-8515-442f-ab20-186d3ce15526.txt,CSS10_es_ES_fy_mapped_1126:2,42.0,1,1.0,2.0,3.0,CSS10_es_ES_fy_mapped,es,mapped,1126,0.3556332899614416,True,0.4764399076007042
839,919,s.f0f38d92-ddca-4ae9-b7b3-3813ec962c2b.txt,CSS10_es_ES_fy_mapped_1126:2,83.0,2,1.0,3.0,3.0,CSS10_es_ES_fy_mapped,es,mapped,1126,0.3556332899614416,True,0.4764399076007042
840,920,s.e7ee0439-7169-48d1-a6d5-3ca0e078fb45.txt,CSS10_es_ES_fy_separate_1126:2,92.0,1,1.0,1.0,3.0,CSS10_es_ES_fy_separate,es,separate,1126,0.3556332899614416,True,0.4764399076007042
841,921,s.b29c7394-354d-4bf1-a6c2-cf3a942e72ff.txt,CSS10_es_ES_fy_separate_1126:2,60.0,1,1.0,1.0,3.0,CSS10_es_ES_fy_separate,es,separate,1126,0.3556332899614416,True,0.4764399076007042
842,922,s.c6adb4e0-851b-4c71-a129-678cdae5f927.txt,CSS10_es_ES_fy_separate_1126:2,54.0,1,1.0,3.0,3.0,CSS10_es_ES_fy_separate,es,separate,1126,0.3556332899614416,True,0.4764399076007042
843,923,s.b5dbf90f-aa47-4af9-9381-24b119e83815.txt,CSS10_es_ES_fy_separate_1126:2,64.0,1,1.0,1.0,3.0,CSS10_es_ES_fy_separate,es,separate,1126,0.3556332899614416,True,0.4764399076007042
844,924,s.ae6e63d2-2da6-4a8b-858d-522f05e63486.txt,CSS10_es_ES_fy_separate_1126:2,46.0,1,1.0,2.0,3.0,CSS10_es_ES_fy_separate,es,separate,1126,0.3556332899614416,True,0.4764399076007042
845,925,s.5134e591-c65f-4fe4-829d-dc3a35d783b7.txt,CSS10_es_ES_fy_separate_1126:2,81.0,1,2.0,3.0,3.0,CSS10_es_ES_fy_separate,es,separate,1126,0.3556332899614416,True,0.4764399076007042
846,926,s.ddc5b801-8515-442f-ab20-186d3ce15526.txt,CSS10_es_ES_fy_separate_1126:2,35.0,1,1.0,2.0,3.0,CSS10_es_ES_fy_separate,es,separate,1126,0.3556332899614416,True,0.4764399076007042
847,927,s.f0f38d92-ddca-4ae9-b7b3-3813ec962c2b.txt,CSS10_es_ES_fy_separate_1126:2,85.0,2,1.0,3.0,3.0,CSS10_es_ES_fy_separate,es,separate,1126,0.3556332899614416,True,0.4764399076007042
848,928,s.e7ee0439-7169-48d1-a6d5-3ca0e078fb45.txt,CSS10_fr_FR_fy_mapped_1126:2,90.0,1,1.0,1.0,3.0,CSS10_fr_FR_fy_mapped,fr,mapped,1126,0.3858417708035707,True,0.4989970279485303
849,929,s.b29c7394-354d-4bf1-a6c2-cf3a942e72ff.txt,CSS10_fr_FR_fy_mapped_1126:2,83.0,1,1.0,1.0,3.0,CSS10_fr_FR_fy_mapped,fr,mapped,1126,0.3858417708035707,True,0.4989970279485303
850,930,s.c6adb4e0-851b-4c71-a129-678cdae5f927.txt,CSS10_fr_FR_fy_mapped_1126:2,64.0,1,1.0,3.0,3.0,CSS10_fr_FR_fy_mapped,fr,mapped,1126,0.3858417708035707,True,0.4989970279485303
851,931,s.b5dbf90f-aa47-4af9-9381-24b119e83815.txt,CSS10_fr_FR_fy_mapped_1126:2,68.0,1,1.0,1.0,3.0,CSS10_fr_FR_fy_mapped,fr,mapped,1126,0.3858417708035707,True,0.4989970279485303
852,932,s.ae6e63d2-2da6-4a8b-858d-522f05e63486.txt,CSS10_fr_FR_fy_mapped_1126:2,97.0,1,1.0,2.0,3.0,CSS10_fr_FR_fy_mapped,fr,mapped,1126,0.3858417708035707,True,0.4989970279485303
853,933,s.5134e591-c65f-4fe4-829d-dc3a35d783b7.txt,CSS10_fr_FR_fy_mapped_1126:2,94.0,1,2.0,3.0,3.0,CSS10_fr_FR_fy_mapped,fr,mapped,1126,0.3858417708035707,True,0.4989970279485303
854,934,s.ddc5b801-8515-442f-ab20-186d3ce15526.txt,CSS10_fr_FR_fy_mapped_1126:2,77.0,1,1.0,2.0,3.0,CSS10_fr_FR_fy_mapped,fr,mapped,1126,0.3858417708035707,True,0.4989970279485303
855,935,s.f0f38d92-ddca-4ae9-b7b3-3813ec962c2b.txt,CSS10_fr_FR_fy_mapped_1126:2,81.0,2,1.0,3.0,3.0,CSS10_fr_FR_fy_mapped,fr,mapped,1126,0.3858417708035707,True,0.4989970279485303
856,936,s.e7ee0439-7169-48d1-a6d5-3ca0e078fb45.txt,CSS10_fr_FR_fy_separate_1126:2,91.0,1,1.0,1.0,3.0,CSS10_fr_FR_fy_separate,fr,separate,1126,0.3858417708035707,True,0.4989970279485303
857,937,s.b29c7394-354d-4bf1-a6c2-cf3a942e72ff.txt,CSS10_fr_FR_fy_separate_1126:2,41.0,1,1.0,1.0,3.0,CSS10_fr_FR_fy_separate,fr,separate,1126,0.3858417708035707,True,0.4989970279485303
858,938,s.c6adb4e0-851b-4c71-a129-678cdae5f927.txt,CSS10_fr_FR_fy_separate_1126:2,50.0,1,1.0,3.0,3.0,CSS10_fr_FR_fy_separate,fr,separate,1126,0.3858417708035707,True,0.4989970279485303
859,939,s.b5dbf90f-aa47-4af9-9381-24b119e83815.txt,CSS10_fr_FR_fy_separate_1126:2,51.0,1,1.0,1.0,3.0,CSS10_fr_FR_fy_separate,fr,separate,1126,0.3858417708035707,True,0.4989970279485303
860,940,s.ae6e63d2-2da6-4a8b-858d-522f05e63486.txt,CSS10_fr_FR_fy_separate_1126:2,50.0,1,1.0,2.0,3.0,CSS10_fr_FR_fy_separate,fr,separate,1126,0.3858417708035707,True,0.4989970279485303
861,941,s.5134e591-c65f-4fe4-829d-dc3a35d783b7.txt,CSS10_fr_FR_fy_separate_1126:2,72.0,1,2.0,3.0,3.0,CSS10_fr_FR_fy_separate,fr,separate,1126,0.3858417708035707,True,0.4989970279485303
862,942,s.ddc5b801-8515-442f-ab20-186d3ce15526.txt,CSS10_fr_FR_fy_separate_1126:2,55.0,1,1.0,2.0,3.0,CSS10_fr_FR_fy_separate,fr,separate,1126,0.3858417708035707,True,0.4989970279485303
863,943,s.f0f38d92-ddca-4ae9-b7b3-3813ec962c2b.txt,CSS10_fr_FR_fy_separate_1126:2,79.0,2,1.0,3.0,3.0,CSS10_fr_FR_fy_separate,fr,separate,1126,0.3858417708035707,True,0.4989970279485303
864,944,s.e7ee0439-7169-48d1-a6d5-3ca0e078fb45.txt,CSS10_ja_fy_mapped_1126:2,92.0,1,1.0,1.0,3.0,CSS10_ja_fy_mapped,ja,mapped,1126,0.3376253301286601,False,0.3974860643899147
865,945,s.b29c7394-354d-4bf1-a6c2-cf3a942e72ff.txt,CSS10_ja_fy_mapped_1126:2,61.0,1,1.0,1.0,3.0,CSS10_ja_fy_mapped,ja,mapped,1126,0.3376253301286601,False,0.3974860643899147
866,946,s.c6adb4e0-851b-4c71-a129-678cdae5f927.txt,CSS10_ja_fy_mapped_1126:2,75.0,1,1.0,3.0,3.0,CSS10_ja_fy_mapped,ja,mapped,1126,0.3376253301286601,False,0.3974860643899147
867,947,s.b5dbf90f-aa47-4af9-9381-24b119e83815.txt,CSS10_ja_fy_mapped_1126:2,62.0,1,1.0,1.0,3.0,CSS10_ja_fy_mapped,ja,mapped,1126,0.3376253301286601,False,0.3974860643899147
868,948,s.ae6e63d2-2da6-4a8b-858d-522f05e63486.txt,CSS10_ja_fy_mapped_1126:2,48.0,1,1.0,2.0,3.0,CSS10_ja_fy_mapped,ja,mapped,1126,0.3376253301286601,False,0.3974860643899147
869,949,s.5134e591-c65f-4fe4-829d-dc3a35d783b7.txt,CSS10_ja_fy_mapped_1126:2,74.0,1,2.0,3.0,3.0,CSS10_ja_fy_mapped,ja,mapped,1126,0.3376253301286601,False,0.3974860643899147
870,950,s.ddc5b801-8515-442f-ab20-186d3ce15526.txt,CSS10_ja_fy_mapped_1126:2,58.0,1,1.0,2.0,3.0,CSS10_ja_fy_mapped,ja,mapped,1126,0.3376253301286601,False,0.3974860643899147
871,951,s.f0f38d92-ddca-4ae9-b7b3-3813ec962c2b.txt,CSS10_ja_fy_mapped_1126:2,81.0,2,1.0,3.0,3.0,CSS10_ja_fy_mapped,ja,mapped,1126,0.3376253301286601,False,0.3974860643899147
872,952,s.e7ee0439-7169-48d1-a6d5-3ca0e078fb45.txt,CSS10_ja_fy_separate_1126:2,100.0,1,1.0,1.0,3.0,CSS10_ja_fy_separate,ja,separate,1126,0.3376253301286601,False,0.3974860643899147
873,953,s.b29c7394-354d-4bf1-a6c2-cf3a942e72ff.txt,CSS10_ja_fy_separate_1126:2,61.0,1,1.0,1.0,3.0,CSS10_ja_fy_separate,ja,separate,1126,0.3376253301286601,False,0.3974860643899147
874,954,s.c6adb4e0-851b-4c71-a129-678cdae5f927.txt,CSS10_ja_fy_separate_1126:2,61.0,1,1.0,3.0,3.0,CSS10_ja_fy_separate,ja,separate,1126,0.3376253301286601,False,0.3974860643899147
875,955,s.b5dbf90f-aa47-4af9-9381-24b119e83815.txt,CSS10_ja_fy_separate_1126:2,54.0,1,1.0,1.0,3.0,CSS10_ja_fy_separate,ja,separate,1126,0.3376253301286601,False,0.3974860643899147
876,956,s.ae6e63d2-2da6-4a8b-858d-522f05e63486.txt,CSS10_ja_fy_separate_1126:2,48.0,1,1.0,2.0,3.0,CSS10_ja_fy_separate,ja,separate,1126,0.3376253301286601,False,0.3974860643899147
877,957,s.5134e591-c65f-4fe4-829d-dc3a35d783b7.txt,CSS10_ja_fy_separate_1126:2,61.0,1,2.0,3.0,3.0,CSS10_ja_fy_separate,ja,separate,1126,0.3376253301286601,False,0.3974860643899147
878,958,s.ddc5b801-8515-442f-ab20-186d3ce15526.txt,CSS10_ja_fy_separate_1126:2,61.0,1,1.0,2.0,3.0,CSS10_ja_fy_separate,ja,separate,1126,0.3376253301286601,False,0.3974860643899147
879,959,s.f0f38d92-ddca-4ae9-b7b3-3813ec962c2b.txt,CSS10_ja_fy_separate_1126:2,79.0,2,1.0,3.0,3.0,CSS10_ja_fy_separate,ja,separate,1126,0.3376253301286601,False,0.3974860643899147
880,968,s.e7ee0439-7169-48d1-a6d5-3ca0e078fb45.txt,CSS10_nl_fy_mapped_1996:2,10.0,1,1.0,1.0,3.0,CSS10_nl_fy_mapped,nl,mapped,1996,0.7360212295121642,True,0.8048085150557671
881,969,s.b29c7394-354d-4bf1-a6c2-cf3a942e72ff.txt,CSS10_nl_fy_mapped_1996:2,18.0,1,1.0,1.0,3.0,CSS10_nl_fy_mapped,nl,mapped,1996,0.7360212295121642,True,0.8048085150557671
882,970,s.c6adb4e0-851b-4c71-a129-678cdae5f927.txt,CSS10_nl_fy_mapped_1996:2,50.0,1,1.0,3.0,3.0,CSS10_nl_fy_mapped,nl,mapped,1996,0.7360212295121642,True,0.8048085150557671
883,971,s.b5dbf90f-aa47-4af9-9381-24b119e83815.txt,CSS10_nl_fy_mapped_1996:2,6.0,1,1.0,1.0,3.0,CSS10_nl_fy_mapped,nl,mapped,1996,0.7360212295121642,True,0.8048085150557671
884,972,s.ae6e63d2-2da6-4a8b-858d-522f05e63486.txt,CSS10_nl_fy_mapped_1996:2,55.0,1,1.0,2.0,3.0,CSS10_nl_fy_mapped,nl,mapped,1996,0.7360212295121642,True,0.8048085150557671
885,973,s.5134e591-c65f-4fe4-829d-dc3a35d783b7.txt,CSS10_nl_fy_mapped_1996:2,42.0,1,2.0,3.0,3.0,CSS10_nl_fy_mapped,nl,mapped,1996,0.7360212295121642,True,0.8048085150557671
886,974,s.ddc5b801-8515-442f-ab20-186d3ce15526.txt,CSS10_nl_fy_mapped_1996:2,40.0,1,1.0,2.0,3.0,CSS10_nl_fy_mapped,nl,mapped,1996,0.7360212295121642,True,0.8048085150557671
887,975,s.f0f38d92-ddca-4ae9-b7b3-3813ec962c2b.txt,CSS10_nl_fy_mapped_1996:2,28.0,2,1.0,3.0,3.0,CSS10_nl_fy_mapped,nl,mapped,1996,0.7360212295121642,True,0.8048085150557671
888,976,s.e7ee0439-7169-48d1-a6d5-3ca0e078fb45.txt,CSS10_nl_fy_separate_1996:2,20.0,1,1.0,1.0,3.0,CSS10_nl_fy_separate,nl,separate,1996,0.7360212295121642,True,0.8048085150557671
889,977,s.b29c7394-354d-4bf1-a6c2-cf3a942e72ff.txt,CSS10_nl_fy_separate_1996:2,87.0,1,1.0,1.0,3.0,CSS10_nl_fy_separate,nl,separate,1996,0.7360212295121642,True,0.8048085150557671
890,978,s.c6adb4e0-851b-4c71-a129-678cdae5f927.txt,CSS10_nl_fy_separate_1996:2,54.0,1,1.0,3.0,3.0,CSS10_nl_fy_separate,nl,separate,1996,0.7360212295121642,True,0.8048085150557671
891,979,s.b5dbf90f-aa47-4af9-9381-24b119e83815.txt,CSS10_nl_fy_separate_1996:2,20.0,1,1.0,1.0,3.0,CSS10_nl_fy_separate,nl,separate,1996,0.7360212295121642,True,0.8048085150557671
892,980,s.ae6e63d2-2da6-4a8b-858d-522f05e63486.txt,CSS10_nl_fy_separate_1996:2,60.0,1,1.0,2.0,3.0,CSS10_nl_fy_separate,nl,separate,1996,0.7360212295121642,True,0.8048085150557671
893,981,s.5134e591-c65f-4fe4-829d-dc3a35d783b7.txt,CSS10_nl_fy_separate_1996:2,74.0,1,2.0,3.0,3.0,CSS10_nl_fy_separate,nl,separate,1996,0.7360212295121642,True,0.8048085150557671
894,982,s.ddc5b801-8515-442f-ab20-186d3ce15526.txt,CSS10_nl_fy_separate_1996:2,49.0,1,1.0,2.0,3.0,CSS10_nl_fy_separate,nl,separate,1996,0.7360212295121642,True,0.8048085150557671
895,983,s.f0f38d92-ddca-4ae9-b7b3-3813ec962c2b.txt,CSS10_nl_fy_separate_1996:2,14.0,2,1.0,3.0,3.0,CSS10_nl_fy_separate,nl,separate,1996,0.7360212295121642,True,0.8048085150557671
896,984,s.e7ee0439-7169-48d1-a6d5-3ca0e078fb45.txt,CSS10_fi_fy_mapped_1996:2,10.0,1,1.0,1.0,3.0,CSS10_fi_fy_mapped,fi,mapped,1996,0.4712875776700755,False,0.5869134593258396
897,985,s.b29c7394-354d-4bf1-a6c2-cf3a942e72ff.txt,CSS10_fi_fy_mapped_1996:2,53.0,1,1.0,1.0,3.0,CSS10_fi_fy_mapped,fi,mapped,1996,0.4712875776700755,False,0.5869134593258396
898,986,s.c6adb4e0-851b-4c71-a129-678cdae5f927.txt,CSS10_fi_fy_mapped_1996:2,49.0,1,1.0,3.0,3.0,CSS10_fi_fy_mapped,fi,mapped,1996,0.4712875776700755,False,0.5869134593258396
899,987,s.b5dbf90f-aa47-4af9-9381-24b119e83815.txt,CSS10_fi_fy_mapped_1996:2,10.0,1,1.0,1.0,3.0,CSS10_fi_fy_mapped,fi,mapped,1996,0.4712875776700755,False,0.5869134593258396
900,988,s.ae6e63d2-2da6-4a8b-858d-522f05e63486.txt,CSS10_fi_fy_mapped_1996:2,74.0,1,1.0,2.0,3.0,CSS10_fi_fy_mapped,fi,mapped,1996,0.4712875776700755,False,0.5869134593258396
901,989,s.5134e591-c65f-4fe4-829d-dc3a35d783b7.txt,CSS10_fi_fy_mapped_1996:2,63.0,1,2.0,3.0,3.0,CSS10_fi_fy_mapped,fi,mapped,1996,0.4712875776700755,False,0.5869134593258396
902,990,s.ddc5b801-8515-442f-ab20-186d3ce15526.txt,CSS10_fi_fy_mapped_1996:2,60.0,1,1.0,2.0,3.0,CSS10_fi_fy_mapped,fi,mapped,1996,0.4712875776700755,False,0.5869134593258396
903,991,s.f0f38d92-ddca-4ae9-b7b3-3813ec962c2b.txt,CSS10_fi_fy_mapped_1996:2,16.0,2,1.0,3.0,3.0,CSS10_fi_fy_mapped,fi,mapped,1996,0.4712875776700755,False,0.5869134593258396
904,992,s.e7ee0439-7169-48d1-a6d5-3ca0e078fb45.txt,CSS10_fi_fy_separate_1996:2,0.0,1,1.0,1.0,3.0,CSS10_fi_fy_separate,fi,separate,1996,0.4712875776700755,False,0.5869134593258396
905,993,s.b29c7394-354d-4bf1-a6c2-cf3a942e72ff.txt,CSS10_fi_fy_separate_1996:2,5.0,1,1.0,1.0,3.0,CSS10_fi_fy_separate,fi,separate,1996,0.4712875776700755,False,0.5869134593258396
906,994,s.c6adb4e0-851b-4c71-a129-678cdae5f927.txt,CSS10_fi_fy_separate_1996:2,55.0,1,1.0,3.0,3.0,CSS10_fi_fy_separate,fi,separate,1996,0.4712875776700755,False,0.5869134593258396
907,995,s.b5dbf90f-aa47-4af9-9381-24b119e83815.txt,CSS10_fi_fy_separate_1996:2,41.0,1,1.0,1.0,3.0,CSS10_fi_fy_separate,fi,separate,1996,0.4712875776700755,False,0.5869134593258396
908,996,s.ae6e63d2-2da6-4a8b-858d-522f05e63486.txt,CSS10_fi_fy_separate_1996:2,37.0,1,1.0,2.0,3.0,CSS10_fi_fy_separate,fi,separate,1996,0.4712875776700755,False,0.5869134593258396
909,997,s.5134e591-c65f-4fe4-829d-dc3a35d783b7.txt,CSS10_fi_fy_separate_1996:2,68.0,1,2.0,3.0,3.0,CSS10_fi_fy_separate,fi,separate,1996,0.4712875776700755,False,0.5869134593258396
910,998,s.ddc5b801-8515-442f-ab20-186d3ce15526.txt,CSS10_fi_fy_separate_1996:2,56.0,1,1.0,2.0,3.0,CSS10_fi_fy_separate,fi,separate,1996,0.4712875776700755,False,0.5869134593258396
911,999,s.f0f38d92-ddca-4ae9-b7b3-3813ec962c2b.txt,CSS10_fi_fy_separate_1996:2,18.0,2,1.0,3.0,3.0,CSS10_fi_fy_separate,fi,separate,1996,0.4712875776700755,False,0.5869134593258396
912,1000,s.e7ee0439-7169-48d1-a6d5-3ca0e078fb45.txt,CSS10_es_ES_fy_mapped_1996:2,20.0,1,1.0,1.0,3.0,CSS10_es_ES_fy_mapped,es,mapped,1996,0.3556332899614416,True,0.4730606073164977
913,1001,s.b29c7394-354d-4bf1-a6c2-cf3a942e72ff.txt,CSS10_es_ES_fy_mapped_1996:2,2.0,1,1.0,1.0,3.0,CSS10_es_ES_fy_mapped,es,mapped,1996,0.3556332899614416,True,0.4730606073164977
914,1002,s.c6adb4e0-851b-4c71-a129-678cdae5f927.txt,CSS10_es_ES_fy_mapped_1996:2,48.0,1,1.0,3.0,3.0,CSS10_es_ES_fy_mapped,es,mapped,1996,0.3556332899614416,True,0.4730606073164977
915,1003,s.b5dbf90f-aa47-4af9-9381-24b119e83815.txt,CSS10_es_ES_fy_mapped_1996:2,5.0,1,1.0,1.0,3.0,CSS10_es_ES_fy_mapped,es,mapped,1996,0.3556332899614416,True,0.4730606073164977
916,1004,s.ae6e63d2-2da6-4a8b-858d-522f05e63486.txt,CSS10_es_ES_fy_mapped_1996:2,37.0,1,1.0,2.0,3.0,CSS10_es_ES_fy_mapped,es,mapped,1996,0.3556332899614416,True,0.4730606073164977
917,1005,s.5134e591-c65f-4fe4-829d-dc3a35d783b7.txt,CSS10_es_ES_fy_mapped_1996:2,73.0,1,2.0,3.0,3.0,CSS10_es_ES_fy_mapped,es,mapped,1996,0.3556332899614416,True,0.4730606073164977
918,1006,s.ddc5b801-8515-442f-ab20-186d3ce15526.txt,CSS10_es_ES_fy_mapped_1996:2,64.0,1,1.0,2.0,3.0,CSS10_es_ES_fy_mapped,es,mapped,1996,0.3556332899614416,True,0.4730606073164977
919,1007,s.f0f38d92-ddca-4ae9-b7b3-3813ec962c2b.txt,CSS10_es_ES_fy_mapped_1996:2,34.0,2,1.0,3.0,3.0,CSS10_es_ES_fy_mapped,es,mapped,1996,0.3556332899614416,True,0.4730606073164977
920,1008,s.e7ee0439-7169-48d1-a6d5-3ca0e078fb45.txt,CSS10_es_ES_fy_separate_1996:2,10.0,1,1.0,1.0,3.0,CSS10_es_ES_fy_separate,es,separate,1996,0.3556332899614416,True,0.4730606073164977
921,1009,s.b29c7394-354d-4bf1-a6c2-cf3a942e72ff.txt,CSS10_es_ES_fy_separate_1996:2,18.0,1,1.0,1.0,3.0,CSS10_es_ES_fy_separate,es,separate,1996,0.3556332899614416,True,0.4730606073164977
922,1010,s.c6adb4e0-851b-4c71-a129-678cdae5f927.txt,CSS10_es_ES_fy_separate_1996:2,49.0,1,1.0,3.0,3.0,CSS10_es_ES_fy_separate,es,separate,1996,0.3556332899614416,True,0.4730606073164977
923,1011,s.b5dbf90f-aa47-4af9-9381-24b119e83815.txt,CSS10_es_ES_fy_separate_1996:2,14.0,1,1.0,1.0,3.0,CSS10_es_ES_fy_separate,es,separate,1996,0.3556332899614416,True,0.4730606073164977
924,1012,s.ae6e63d2-2da6-4a8b-858d-522f05e63486.txt,CSS10_es_ES_fy_separate_1996:2,61.0,1,1.0,2.0,3.0,CSS10_es_ES_fy_separate,es,separate,1996,0.3556332899614416,True,0.4730606073164977
925,1013,s.5134e591-c65f-4fe4-829d-dc3a35d783b7.txt,CSS10_es_ES_fy_separate_1996:2,64.0,1,2.0,3.0,3.0,CSS10_es_ES_fy_separate,es,separate,1996,0.3556332899614416,True,0.4730606073164977
926,1014,s.ddc5b801-8515-442f-ab20-186d3ce15526.txt,CSS10_es_ES_fy_separate_1996:2,53.0,1,1.0,2.0,3.0,CSS10_es_ES_fy_separate,es,separate,1996,0.3556332899614416,True,0.4730606073164977
927,1015,s.f0f38d92-ddca-4ae9-b7b3-3813ec962c2b.txt,CSS10_es_ES_fy_separate_1996:2,11.0,2,1.0,3.0,3.0,CSS10_es_ES_fy_separate,es,separate,1996,0.3556332899614416,True,0.4730606073164977
928,1016,s.e7ee0439-7169-48d1-a6d5-3ca0e078fb45.txt,CSS10_fr_FR_fy_mapped_1996:2,90.0,1,1.0,1.0,3.0,CSS10_fr_FR_fy_mapped,fr,mapped,1996,0.3858417708035707,True,0.472786970786807
929,1017,s.b29c7394-354d-4bf1-a6c2-cf3a942e72ff.txt,CSS10_fr_FR_fy_mapped_1996:2,6.0,1,1.0,1.0,3.0,CSS10_fr_FR_fy_mapped,fr,mapped,1996,0.3858417708035707,True,0.472786970786807
930,1018,s.c6adb4e0-851b-4c71-a129-678cdae5f927.txt,CSS10_fr_FR_fy_mapped_1996:2,49.0,1,1.0,3.0,3.0,CSS10_fr_FR_fy_mapped,fr,mapped,1996,0.3858417708035707,True,0.472786970786807
931,1019,s.b5dbf90f-aa47-4af9-9381-24b119e83815.txt,CSS10_fr_FR_fy_mapped_1996:2,13.0,1,1.0,1.0,3.0,CSS10_fr_FR_fy_mapped,fr,mapped,1996,0.3858417708035707,True,0.472786970786807
932,1020,s.ae6e63d2-2da6-4a8b-858d-522f05e63486.txt,CSS10_fr_FR_fy_mapped_1996:2,41.0,1,1.0,2.0,3.0,CSS10_fr_FR_fy_mapped,fr,mapped,1996,0.3858417708035707,True,0.472786970786807
933,1021,s.5134e591-c65f-4fe4-829d-dc3a35d783b7.txt,CSS10_fr_FR_fy_mapped_1996:2,74.0,1,2.0,3.0,3.0,CSS10_fr_FR_fy_mapped,fr,mapped,1996,0.3858417708035707,True,0.472786970786807
934,1022,s.ddc5b801-8515-442f-ab20-186d3ce15526.txt,CSS10_fr_FR_fy_mapped_1996:2,74.0,1,1.0,2.0,3.0,CSS10_fr_FR_fy_mapped,fr,mapped,1996,0.3858417708035707,True,0.472786970786807
935,1023,s.f0f38d92-ddca-4ae9-b7b3-3813ec962c2b.txt,CSS10_fr_FR_fy_mapped_1996:2,15.0,2,1.0,3.0,3.0,CSS10_fr_FR_fy_mapped,fr,mapped,1996,0.3858417708035707,True,0.472786970786807
936,1024,s.e7ee0439-7169-48d1-a6d5-3ca0e078fb45.txt,CSS10_fr_FR_fy_separate_1996:2,10.0,1,1.0,1.0,3.0,CSS10_fr_FR_fy_separate,fr,separate,1996,0.3858417708035707,True,0.472786970786807
937,1025,s.b29c7394-354d-4bf1-a6c2-cf3a942e72ff.txt,CSS10_fr_FR_fy_separate_1996:2,6.0,1,1.0,1.0,3.0,CSS10_fr_FR_fy_separate,fr,separate,1996,0.3858417708035707,True,0.472786970786807
938,1026,s.c6adb4e0-851b-4c71-a129-678cdae5f927.txt,CSS10_fr_FR_fy_separate_1996:2,49.0,1,1.0,3.0,3.0,CSS10_fr_FR_fy_separate,fr,separate,1996,0.3858417708035707,True,0.472786970786807
939,1027,s.b5dbf90f-aa47-4af9-9381-24b119e83815.txt,CSS10_fr_FR_fy_separate_1996:2,44.0,1,1.0,1.0,3.0,CSS10_fr_FR_fy_separate,fr,separate,1996,0.3858417708035707,True,0.472786970786807
940,1028,s.ae6e63d2-2da6-4a8b-858d-522f05e63486.txt,CSS10_fr_FR_fy_separate_1996:2,61.0,1,1.0,2.0,3.0,CSS10_fr_FR_fy_separate,fr,separate,1996,0.3858417708035707,True,0.472786970786807
941,1029,s.5134e591-c65f-4fe4-829d-dc3a35d783b7.txt,CSS10_fr_FR_fy_separate_1996:2,52.0,1,2.0,3.0,3.0,CSS10_fr_FR_fy_separate,fr,separate,1996,0.3858417708035707,True,0.472786970786807
942,1030,s.ddc5b801-8515-442f-ab20-186d3ce15526.txt,CSS10_fr_FR_fy_separate_1996:2,15.0,1,1.0,2.0,3.0,CSS10_fr_FR_fy_separate,fr,separate,1996,0.3858417708035707,True,0.472786970786807
943,1031,s.f0f38d92-ddca-4ae9-b7b3-3813ec962c2b.txt,CSS10_fr_FR_fy_separate_1996:2,18.0,2,1.0,3.0,3.0,CSS10_fr_FR_fy_separate,fr,separate,1996,0.3858417708035707,True,0.472786970786807
944,1032,s.e7ee0439-7169-48d1-a6d5-3ca0e078fb45.txt,CSS10_ja_fy_mapped_1996:2,6.0,1,1.0,1.0,3.0,CSS10_ja_fy_mapped,ja,mapped,1996,0.3376253301286601,False,0.3992303035568022
945,1033,s.b29c7394-354d-4bf1-a6c2-cf3a942e72ff.txt,CSS10_ja_fy_mapped_1996:2,48.0,1,1.0,1.0,3.0,CSS10_ja_fy_mapped,ja,mapped,1996,0.3376253301286601,False,0.3992303035568022
946,1034,s.c6adb4e0-851b-4c71-a129-678cdae5f927.txt,CSS10_ja_fy_mapped_1996:2,24.0,1,1.0,3.0,3.0,CSS10_ja_fy_mapped,ja,mapped,1996,0.3376253301286601,False,0.3992303035568022
947,1035,s.b5dbf90f-aa47-4af9-9381-24b119e83815.txt,CSS10_ja_fy_mapped_1996:2,7.0,1,1.0,1.0,3.0,CSS10_ja_fy_mapped,ja,mapped,1996,0.3376253301286601,False,0.3992303035568022
948,1036,s.ae6e63d2-2da6-4a8b-858d-522f05e63486.txt,CSS10_ja_fy_mapped_1996:2,45.0,1,1.0,2.0,3.0,CSS10_ja_fy_mapped,ja,mapped,1996,0.3376253301286601,False,0.3992303035568022
949,1037,s.5134e591-c65f-4fe4-829d-dc3a35d783b7.txt,CSS10_ja_fy_mapped_1996:2,59.0,1,2.0,3.0,3.0,CSS10_ja_fy_mapped,ja,mapped,1996,0.3376253301286601,False,0.3992303035568022
950,1038,s.ddc5b801-8515-442f-ab20-186d3ce15526.txt,CSS10_ja_fy_mapped_1996:2,30.0,1,1.0,2.0,3.0,CSS10_ja_fy_mapped,ja,mapped,1996,0.3376253301286601,False,0.3992303035568022
951,1039,s.f0f38d92-ddca-4ae9-b7b3-3813ec962c2b.txt,CSS10_ja_fy_mapped_1996:2,17.0,2,1.0,3.0,3.0,CSS10_ja_fy_mapped,ja,mapped,1996,0.3376253301286601,False,0.3992303035568022
952,1040,s.e7ee0439-7169-48d1-a6d5-3ca0e078fb45.txt,CSS10_ja_fy_separate_1996:2,10.0,1,1.0,1.0,3.0,CSS10_ja_fy_separate,ja,separate,1996,0.3376253301286601,False,0.3992303035568022
953,1041,s.b29c7394-354d-4bf1-a6c2-cf3a942e72ff.txt,CSS10_ja_fy_separate_1996:2,52.0,1,1.0,1.0,3.0,CSS10_ja_fy_separate,ja,separate,1996,0.3376253301286601,False,0.3992303035568022
954,1042,s.c6adb4e0-851b-4c71-a129-678cdae5f927.txt,CSS10_ja_fy_separate_1996:2,56.0,1,1.0,3.0,3.0,CSS10_ja_fy_separate,ja,separate,1996,0.3376253301286601,False,0.3992303035568022
955,1043,s.b5dbf90f-aa47-4af9-9381-24b119e83815.txt,CSS10_ja_fy_separate_1996:2,46.0,1,1.0,1.0,3.0,CSS10_ja_fy_separate,ja,separate,1996,0.3376253301286601,False,0.3992303035568022
956,1044,s.ae6e63d2-2da6-4a8b-858d-522f05e63486.txt,CSS10_ja_fy_separate_1996:2,51.0,1,1.0,2.0,3.0,CSS10_ja_fy_separate,ja,separate,1996,0.3376253301286601,False,0.3992303035568022
957,1045,s.5134e591-c65f-4fe4-829d-dc3a35d783b7.txt,CSS10_ja_fy_separate_1996:2,63.0,1,2.0,3.0,3.0,CSS10_ja_fy_separate,ja,separate,1996,0.3376253301286601,False,0.3992303035568022
958,1046,s.ddc5b801-8515-442f-ab20-186d3ce15526.txt,CSS10_ja_fy_separate_1996:2,34.0,1,1.0,2.0,3.0,CSS10_ja_fy_separate,ja,separate,1996,0.3376253301286601,False,0.3992303035568022
959,1047,s.f0f38d92-ddca-4ae9-b7b3-3813ec962c2b.txt,CSS10_ja_fy_separate_1996:2,18.0,2,1.0,3.0,3.0,CSS10_ja_fy_separate,ja,separate,1996,0.3376253301286601,False,0.3992303035568022
960,1056,s.e7ee0439-7169-48d1-a6d5-3ca0e078fb45.txt,CSS10_nl_fy_mapped_1997:2,0.0,1,1.0,1.0,3.0,CSS10_nl_fy_mapped,nl,mapped,1997,0.7360212295121642,True,0.8359604291407263
961,1057,s.b29c7394-354d-4bf1-a6c2-cf3a942e72ff.txt,CSS10_nl_fy_mapped_1997:2,7.0,1,1.0,1.0,3.0,CSS10_nl_fy_mapped,nl,mapped,1997,0.7360212295121642,True,0.8359604291407263
962,1058,s.c6adb4e0-851b-4c71-a129-678cdae5f927.txt,CSS10_nl_fy_mapped_1997:2,11.0,1,1.0,3.0,3.0,CSS10_nl_fy_mapped,nl,mapped,1997,0.7360212295121642,True,0.8359604291407263
963,1059,s.b5dbf90f-aa47-4af9-9381-24b119e83815.txt,CSS10_nl_fy_mapped_1997:2,9.0,1,1.0,1.0,3.0,CSS10_nl_fy_mapped,nl,mapped,1997,0.7360212295121642,True,0.8359604291407263
964,1060,s.ae6e63d2-2da6-4a8b-858d-522f05e63486.txt,CSS10_nl_fy_mapped_1997:2,24.0,1,1.0,2.0,3.0,CSS10_nl_fy_mapped,nl,mapped,1997,0.7360212295121642,True,0.8359604291407263
965,1061,s.5134e591-c65f-4fe4-829d-dc3a35d783b7.txt,CSS10_nl_fy_mapped_1997:2,56.0,1,2.0,3.0,3.0,CSS10_nl_fy_mapped,nl,mapped,1997,0.7360212295121642,True,0.8359604291407263
966,1062,s.ddc5b801-8515-442f-ab20-186d3ce15526.txt,CSS10_nl_fy_mapped_1997:2,16.0,1,1.0,2.0,3.0,CSS10_nl_fy_mapped,nl,mapped,1997,0.7360212295121642,True,0.8359604291407263
967,1063,s.f0f38d92-ddca-4ae9-b7b3-3813ec962c2b.txt,CSS10_nl_fy_mapped_1997:2,8.0,2,1.0,3.0,3.0,CSS10_nl_fy_mapped,nl,mapped,1997,0.7360212295121642,True,0.8359604291407263
968,1064,s.e7ee0439-7169-48d1-a6d5-3ca0e078fb45.txt,CSS10_nl_fy_separate_1997:2,10.0,1,1.0,1.0,3.0,CSS10_nl_fy_separate,nl,separate,1997,0.7360212295121642,True,0.8359604291407263
969,1065,s.b29c7394-354d-4bf1-a6c2-cf3a942e72ff.txt,CSS10_nl_fy_separate_1997:2,34.0,1,1.0,1.0,3.0,CSS10_nl_fy_separate,nl,separate,1997,0.7360212295121642,True,0.8359604291407263
970,1066,s.c6adb4e0-851b-4c71-a129-678cdae5f927.txt,CSS10_nl_fy_separate_1997:2,46.0,1,1.0,3.0,3.0,CSS10_nl_fy_separate,nl,separate,1997,0.7360212295121642,True,0.8359604291407263
971,1067,s.b5dbf90f-aa47-4af9-9381-24b119e83815.txt,CSS10_nl_fy_separate_1997:2,9.0,1,1.0,1.0,3.0,CSS10_nl_fy_separate,nl,separate,1997,0.7360212295121642,True,0.8359604291407263
972,1068,s.ae6e63d2-2da6-4a8b-858d-522f05e63486.txt,CSS10_nl_fy_separate_1997:2,34.0,1,1.0,2.0,3.0,CSS10_nl_fy_separate,nl,separate,1997,0.7360212295121642,True,0.8359604291407263
973,1069,s.5134e591-c65f-4fe4-829d-dc3a35d783b7.txt,CSS10_nl_fy_separate_1997:2,57.0,1,2.0,3.0,3.0,CSS10_nl_fy_separate,nl,separate,1997,0.7360212295121642,True,0.8359604291407263
974,1070,s.ddc5b801-8515-442f-ab20-186d3ce15526.txt,CSS10_nl_fy_separate_1997:2,8.0,1,1.0,2.0,3.0,CSS10_nl_fy_separate,nl,separate,1997,0.7360212295121642,True,0.8359604291407263
975,1071,s.f0f38d92-ddca-4ae9-b7b3-3813ec962c2b.txt,CSS10_nl_fy_separate_1997:2,13.0,2,1.0,3.0,3.0,CSS10_nl_fy_separate,nl,separate,1997,0.7360212295121642,True,0.8359604291407263
976,1072,s.e7ee0439-7169-48d1-a6d5-3ca0e078fb45.txt,CSS10_fi_fy_mapped_1997:2,5.0,1,1.0,1.0,3.0,CSS10_fi_fy_mapped,fi,mapped,1997,0.4712875776700755,False,0.5964592858607357
977,1073,s.b29c7394-354d-4bf1-a6c2-cf3a942e72ff.txt,CSS10_fi_fy_mapped_1997:2,2.0,1,1.0,1.0,3.0,CSS10_fi_fy_mapped,fi,mapped,1997,0.4712875776700755,False,0.5964592858607357
978,1074,s.c6adb4e0-851b-4c71-a129-678cdae5f927.txt,CSS10_fi_fy_mapped_1997:2,14.0,1,1.0,3.0,3.0,CSS10_fi_fy_mapped,fi,mapped,1997,0.4712875776700755,False,0.5964592858607357
979,1075,s.b5dbf90f-aa47-4af9-9381-24b119e83815.txt,CSS10_fi_fy_mapped_1997:2,14.0,1,1.0,1.0,3.0,CSS10_fi_fy_mapped,fi,mapped,1997,0.4712875776700755,False,0.5964592858607357
980,1076,s.ae6e63d2-2da6-4a8b-858d-522f05e63486.txt,CSS10_fi_fy_mapped_1997:2,50.0,1,1.0,2.0,3.0,CSS10_fi_fy_mapped,fi,mapped,1997,0.4712875776700755,False,0.5964592858607357
981,1077,s.5134e591-c65f-4fe4-829d-dc3a35d783b7.txt,CSS10_fi_fy_mapped_1997:2,58.0,1,2.0,3.0,3.0,CSS10_fi_fy_mapped,fi,mapped,1997,0.4712875776700755,False,0.5964592858607357
982,1078,s.ddc5b801-8515-442f-ab20-186d3ce15526.txt,CSS10_fi_fy_mapped_1997:2,15.0,1,1.0,2.0,3.0,CSS10_fi_fy_mapped,fi,mapped,1997,0.4712875776700755,False,0.5964592858607357
983,1079,s.f0f38d92-ddca-4ae9-b7b3-3813ec962c2b.txt,CSS10_fi_fy_mapped_1997:2,18.0,2,1.0,3.0,3.0,CSS10_fi_fy_mapped,fi,mapped,1997,0.4712875776700755,False,0.5964592858607357
984,1080,s.e7ee0439-7169-48d1-a6d5-3ca0e078fb45.txt,CSS10_fi_fy_separate_1997:2,10.0,1,1.0,1.0,3.0,CSS10_fi_fy_separate,fi,separate,1997,0.4712875776700755,False,0.5964592858607357
985,1081,s.b29c7394-354d-4bf1-a6c2-cf3a942e72ff.txt,CSS10_fi_fy_separate_1997:2,9.0,1,1.0,1.0,3.0,CSS10_fi_fy_separate,fi,separate,1997,0.4712875776700755,False,0.5964592858607357
986,1082,s.c6adb4e0-851b-4c71-a129-678cdae5f927.txt,CSS10_fi_fy_separate_1997:2,11.0,1,1.0,3.0,3.0,CSS10_fi_fy_separate,fi,separate,1997,0.4712875776700755,False,0.5964592858607357
987,1083,s.b5dbf90f-aa47-4af9-9381-24b119e83815.txt,CSS10_fi_fy_separate_1997:2,17.0,1,1.0,1.0,3.0,CSS10_fi_fy_separate,fi,separate,1997,0.4712875776700755,False,0.5964592858607357
988,1084,s.ae6e63d2-2da6-4a8b-858d-522f05e63486.txt,CSS10_fi_fy_separate_1997:2,24.0,1,1.0,2.0,3.0,CSS10_fi_fy_separate,fi,separate,1997,0.4712875776700755,False,0.5964592858607357
989,1085,s.5134e591-c65f-4fe4-829d-dc3a35d783b7.txt,CSS10_fi_fy_separate_1997:2,47.0,1,2.0,3.0,3.0,CSS10_fi_fy_separate,fi,separate,1997,0.4712875776700755,False,0.5964592858607357
990,1086,s.ddc5b801-8515-442f-ab20-186d3ce15526.txt,CSS10_fi_fy_separate_1997:2,10.0,1,1.0,2.0,3.0,CSS10_fi_fy_separate,fi,separate,1997,0.4712875776700755,False,0.5964592858607357
991,1087,s.f0f38d92-ddca-4ae9-b7b3-3813ec962c2b.txt,CSS10_fi_fy_separate_1997:2,11.0,2,1.0,3.0,3.0,CSS10_fi_fy_separate,fi,separate,1997,0.4712875776700755,False,0.5964592858607357
992,1088,s.e7ee0439-7169-48d1-a6d5-3ca0e078fb45.txt,CSS10_es_ES_fy_mapped_1997:2,5.0,1,1.0,1.0,3.0,CSS10_es_ES_fy_mapped,es,mapped,1997,0.3556332899614416,True,0.465289956366527
993,1089,s.b29c7394-354d-4bf1-a6c2-cf3a942e72ff.txt,CSS10_es_ES_fy_mapped_1997:2,9.0,1,1.0,1.0,3.0,CSS10_es_ES_fy_mapped,es,mapped,1997,0.3556332899614416,True,0.465289956366527
994,1090,s.c6adb4e0-851b-4c71-a129-678cdae5f927.txt,CSS10_es_ES_fy_mapped_1997:2,12.0,1,1.0,3.0,3.0,CSS10_es_ES_fy_mapped,es,mapped,1997,0.3556332899614416,True,0.465289956366527
995,1091,s.b5dbf90f-aa47-4af9-9381-24b119e83815.txt,CSS10_es_ES_fy_mapped_1997:2,7.0,1,1.0,1.0,3.0,CSS10_es_ES_fy_mapped,es,mapped,1997,0.3556332899614416,True,0.465289956366527
996,1092,s.ae6e63d2-2da6-4a8b-858d-522f05e63486.txt,CSS10_es_ES_fy_mapped_1997:2,23.0,1,1.0,2.0,3.0,CSS10_es_ES_fy_mapped,es,mapped,1997,0.3556332899614416,True,0.465289956366527
997,1093,s.5134e591-c65f-4fe4-829d-dc3a35d783b7.txt,CSS10_es_ES_fy_mapped_1997:2,42.0,1,2.0,3.0,3.0,CSS10_es_ES_fy_mapped,es,mapped,1997,0.3556332899614416,True,0.465289956366527
998,1094,s.ddc5b801-8515-442f-ab20-186d3ce15526.txt,CSS10_es_ES_fy_mapped_1997:2,25.0,1,1.0,2.0,3.0,CSS10_es_ES_fy_mapped,es,mapped,1997,0.3556332899614416,True,0.465289956366527
999,1095,s.f0f38d92-ddca-4ae9-b7b3-3813ec962c2b.txt,CSS10_es_ES_fy_mapped_1997:2,23.0,2,1.0,3.0,3.0,CSS10_es_ES_fy_mapped,es,mapped,1997,0.3556332899614416,True,0.465289956366527
1000,1096,s.e7ee0439-7169-48d1-a6d5-3ca0e078fb45.txt,CSS10_es_ES_fy_separate_1997:2,5.0,1,1.0,1.0,3.0,CSS10_es_ES_fy_separate,es,separate,1997,0.3556332899614416,True,0.465289956366527
1001,1097,s.b29c7394-354d-4bf1-a6c2-cf3a942e72ff.txt,CSS10_es_ES_fy_separate_1997:2,2.0,1,1.0,1.0,3.0,CSS10_es_ES_fy_separate,es,separate,1997,0.3556332899614416,True,0.465289956366527
1002,1098,s.c6adb4e0-851b-4c71-a129-678cdae5f927.txt,CSS10_es_ES_fy_separate_1997:2,19.0,1,1.0,3.0,3.0,CSS10_es_ES_fy_separate,es,separate,1997,0.3556332899614416,True,0.465289956366527
1003,1099,s.b5dbf90f-aa47-4af9-9381-24b119e83815.txt,CSS10_es_ES_fy_separate_1997:2,6.0,1,1.0,1.0,3.0,CSS10_es_ES_fy_separate,es,separate,1997,0.3556332899614416,True,0.465289956366527
1004,1100,s.ae6e63d2-2da6-4a8b-858d-522f05e63486.txt,CSS10_es_ES_fy_separate_1997:2,44.0,1,1.0,2.0,3.0,CSS10_es_ES_fy_separate,es,separate,1997,0.3556332899614416,True,0.465289956366527
1005,1101,s.5134e591-c65f-4fe4-829d-dc3a35d783b7.txt,CSS10_es_ES_fy_separate_1997:2,46.0,1,2.0,3.0,3.0,CSS10_es_ES_fy_separate,es,separate,1997,0.3556332899614416,True,0.465289956366527
1006,1102,s.ddc5b801-8515-442f-ab20-186d3ce15526.txt,CSS10_es_ES_fy_separate_1997:2,10.0,1,1.0,2.0,3.0,CSS10_es_ES_fy_separate,es,separate,1997,0.3556332899614416,True,0.465289956366527
1007,1103,s.f0f38d92-ddca-4ae9-b7b3-3813ec962c2b.txt,CSS10_es_ES_fy_separate_1997:2,14.0,2,1.0,3.0,3.0,CSS10_es_ES_fy_separate,es,separate,1997,0.3556332899614416,True,0.465289956366527
1008,1104,s.e7ee0439-7169-48d1-a6d5-3ca0e078fb45.txt,CSS10_fr_FR_fy_mapped_1997:2,15.0,1,1.0,1.0,3.0,CSS10_fr_FR_fy_mapped,fr,mapped,1997,0.3858417708035707,True,0.5099961562352379
1009,1105,s.b29c7394-354d-4bf1-a6c2-cf3a942e72ff.txt,CSS10_fr_FR_fy_mapped_1997:2,15.0,1,1.0,1.0,3.0,CSS10_fr_FR_fy_mapped,fr,mapped,1997,0.3858417708035707,True,0.5099961562352379
1010,1106,s.c6adb4e0-851b-4c71-a129-678cdae5f927.txt,CSS10_fr_FR_fy_mapped_1997:2,5.0,1,1.0,3.0,3.0,CSS10_fr_FR_fy_mapped,fr,mapped,1997,0.3858417708035707,True,0.5099961562352379
1011,1107,s.b5dbf90f-aa47-4af9-9381-24b119e83815.txt,CSS10_fr_FR_fy_mapped_1997:2,11.0,1,1.0,1.0,3.0,CSS10_fr_FR_fy_mapped,fr,mapped,1997,0.3858417708035707,True,0.5099961562352379
1012,1108,s.ae6e63d2-2da6-4a8b-858d-522f05e63486.txt,CSS10_fr_FR_fy_mapped_1997:2,48.0,1,1.0,2.0,3.0,CSS10_fr_FR_fy_mapped,fr,mapped,1997,0.3858417708035707,True,0.5099961562352379
1013,1109,s.5134e591-c65f-4fe4-829d-dc3a35d783b7.txt,CSS10_fr_FR_fy_mapped_1997:2,44.0,1,2.0,3.0,3.0,CSS10_fr_FR_fy_mapped,fr,mapped,1997,0.3858417708035707,True,0.5099961562352379
1014,1110,s.ddc5b801-8515-442f-ab20-186d3ce15526.txt,CSS10_fr_FR_fy_mapped_1997:2,7.0,1,1.0,2.0,3.0,CSS10_fr_FR_fy_mapped,fr,mapped,1997,0.3858417708035707,True,0.5099961562352379
1015,1111,s.f0f38d92-ddca-4ae9-b7b3-3813ec962c2b.txt,CSS10_fr_FR_fy_mapped_1997:2,9.0,2,1.0,3.0,3.0,CSS10_fr_FR_fy_mapped,fr,mapped,1997,0.3858417708035707,True,0.5099961562352379
1016,1112,s.e7ee0439-7169-48d1-a6d5-3ca0e078fb45.txt,CSS10_fr_FR_fy_separate_1997:2,5.0,1,1.0,1.0,3.0,CSS10_fr_FR_fy_separate,fr,separate,1997,0.3858417708035707,True,0.5099961562352379
1017,1113,s.b29c7394-354d-4bf1-a6c2-cf3a942e72ff.txt,CSS10_fr_FR_fy_separate_1997:2,10.0,1,1.0,1.0,3.0,CSS10_fr_FR_fy_separate,fr,separate,1997,0.3858417708035707,True,0.5099961562352379
1018,1114,s.c6adb4e0-851b-4c71-a129-678cdae5f927.txt,CSS10_fr_FR_fy_separate_1997:2,46.0,1,1.0,3.0,3.0,CSS10_fr_FR_fy_separate,fr,separate,1997,0.3858417708035707,True,0.5099961562352379
1019,1115,s.b5dbf90f-aa47-4af9-9381-24b119e83815.txt,CSS10_fr_FR_fy_separate_1997:2,6.0,1,1.0,1.0,3.0,CSS10_fr_FR_fy_separate,fr,separate,1997,0.3858417708035707,True,0.5099961562352379
1020,1116,s.ae6e63d2-2da6-4a8b-858d-522f05e63486.txt,CSS10_fr_FR_fy_separate_1997:2,29.0,1,1.0,2.0,3.0,CSS10_fr_FR_fy_separate,fr,separate,1997,0.3858417708035707,True,0.5099961562352379
1021,1117,s.5134e591-c65f-4fe4-829d-dc3a35d783b7.txt,CSS10_fr_FR_fy_separate_1997:2,49.0,1,2.0,3.0,3.0,CSS10_fr_FR_fy_separate,fr,separate,1997,0.3858417708035707,True,0.5099961562352379
1022,1118,s.ddc5b801-8515-442f-ab20-186d3ce15526.txt,CSS10_fr_FR_fy_separate_1997:2,45.0,1,1.0,2.0,3.0,CSS10_fr_FR_fy_separate,fr,separate,1997,0.3858417708035707,True,0.5099961562352379
1023,1119,s.f0f38d92-ddca-4ae9-b7b3-3813ec962c2b.txt,CSS10_fr_FR_fy_separate_1997:2,41.0,2,1.0,3.0,3.0,CSS10_fr_FR_fy_separate,fr,separate,1997,0.3858417708035707,True,0.5099961562352379
1024,1120,s.e7ee0439-7169-48d1-a6d5-3ca0e078fb45.txt,CSS10_ja_fy_mapped_1997:2,10.0,1,1.0,1.0,3.0,CSS10_ja_fy_mapped,ja,mapped,1997,0.3376253301286601,False,0.4058329083595368
1025,1121,s.b29c7394-354d-4bf1-a6c2-cf3a942e72ff.txt,CSS10_ja_fy_mapped_1997:2,10.0,1,1.0,1.0,3.0,CSS10_ja_fy_mapped,ja,mapped,1997,0.3376253301286601,False,0.4058329083595368
1026,1122,s.c6adb4e0-851b-4c71-a129-678cdae5f927.txt,CSS10_ja_fy_mapped_1997:2,11.0,1,1.0,3.0,3.0,CSS10_ja_fy_mapped,ja,mapped,1997,0.3376253301286601,False,0.4058329083595368
1027,1123,s.b5dbf90f-aa47-4af9-9381-24b119e83815.txt,CSS10_ja_fy_mapped_1997:2,7.0,1,1.0,1.0,3.0,CSS10_ja_fy_mapped,ja,mapped,1997,0.3376253301286601,False,0.4058329083595368
1028,1124,s.ae6e63d2-2da6-4a8b-858d-522f05e63486.txt,CSS10_ja_fy_mapped_1997:2,34.0,1,1.0,2.0,3.0,CSS10_ja_fy_mapped,ja,mapped,1997,0.3376253301286601,False,0.4058329083595368
1029,1125,s.5134e591-c65f-4fe4-829d-dc3a35d783b7.txt,CSS10_ja_fy_mapped_1997:2,47.0,1,2.0,3.0,3.0,CSS10_ja_fy_mapped,ja,mapped,1997,0.3376253301286601,False,0.4058329083595368
1030,1126,s.ddc5b801-8515-442f-ab20-186d3ce15526.txt,CSS10_ja_fy_mapped_1997:2,17.0,1,1.0,2.0,3.0,CSS10_ja_fy_mapped,ja,mapped,1997,0.3376253301286601,False,0.4058329083595368
1031,1127,s.f0f38d92-ddca-4ae9-b7b3-3813ec962c2b.txt,CSS10_ja_fy_mapped_1997:2,61.0,2,1.0,3.0,3.0,CSS10_ja_fy_mapped,ja,mapped,1997,0.3376253301286601,False,0.4058329083595368
1032,1128,s.e7ee0439-7169-48d1-a6d5-3ca0e078fb45.txt,CSS10_ja_fy_separate_1997:2,5.0,1,1.0,1.0,3.0,CSS10_ja_fy_separate,ja,separate,1997,0.3376253301286601,False,0.4058329083595368
1033,1129,s.b29c7394-354d-4bf1-a6c2-cf3a942e72ff.txt,CSS10_ja_fy_separate_1997:2,13.0,1,1.0,1.0,3.0,CSS10_ja_fy_separate,ja,separate,1997,0.3376253301286601,False,0.4058329083595368
1034,1130,s.c6adb4e0-851b-4c71-a129-678cdae5f927.txt,CSS10_ja_fy_separate_1997:2,15.0,1,1.0,3.0,3.0,CSS10_ja_fy_separate,ja,separate,1997,0.3376253301286601,False,0.4058329083595368
1035,1131,s.b5dbf90f-aa47-4af9-9381-24b119e83815.txt,CSS10_ja_fy_separate_1997:2,6.0,1,1.0,1.0,3.0,CSS10_ja_fy_separate,ja,separate,1997,0.3376253301286601,False,0.4058329083595368
1036,1132,s.ae6e63d2-2da6-4a8b-858d-522f05e63486.txt,CSS10_ja_fy_separate_1997:2,41.0,1,1.0,2.0,3.0,CSS10_ja_fy_separate,ja,separate,1997,0.3376253301286601,False,0.4058329083595368
1037,1133,s.5134e591-c65f-4fe4-829d-dc3a35d783b7.txt,CSS10_ja_fy_separate_1997:2,62.0,1,2.0,3.0,3.0,CSS10_ja_fy_separate,ja,separate,1997,0.3376253301286601,False,0.4058329083595368
1038,1134,s.ddc5b801-8515-442f-ab20-186d3ce15526.txt,CSS10_ja_fy_separate_1997:2,11.0,1,1.0,2.0,3.0,CSS10_ja_fy_separate,ja,separate,1997,0.3376253301286601,False,0.4058329083595368
1039,1135,s.f0f38d92-ddca-4ae9-b7b3-3813ec962c2b.txt,CSS10_ja_fy_separate_1997:2,11.0,2,1.0,3.0,3.0,CSS10_ja_fy_separate,ja,separate,1997,0.3376253301286601,False,0.4058329083595368
1040,1144,s.78003836-2d42-4c8c-af30-73df9fadcc52.txt,CSS10_nl_fy_mapped_306:2,56.0,1,3.0,2.0,4.0,CSS10_nl_fy_mapped,nl,mapped,306,0.7360212295121642,True,0.7992549894358911
1041,1145,s.7e33ad89-662d-48ae-999d-e2f39b8d3b69.txt,CSS10_nl_fy_mapped_306:2,40.0,1,1.0,3.0,4.0,CSS10_nl_fy_mapped,nl,mapped,306,0.7360212295121642,True,0.7992549894358911
1042,1146,s.dab92e23-1dea-459a-829e-ee1ddd70c204.txt,CSS10_nl_fy_mapped_306:2,42.0,1,1.0,1.0,4.0,CSS10_nl_fy_mapped,nl,mapped,306,0.7360212295121642,True,0.7992549894358911
1043,1147,s.8658c316-8a6a-43c3-a7a3-2fffa6e47a6b.txt,CSS10_nl_fy_mapped_306:2,76.0,1,1.0,2.0,4.0,CSS10_nl_fy_mapped,nl,mapped,306,0.7360212295121642,True,0.7992549894358911
1044,1148,s.f757fc9a-76b9-4ab3-8c94-806c573e0935.txt,CSS10_nl_fy_mapped_306:2,50.0,1,1.0,1.0,4.0,CSS10_nl_fy_mapped,nl,mapped,306,0.7360212295121642,True,0.7992549894358911
1045,1149,s.7d156be6-6112-44c8-827d-40b30d9658f8.txt,CSS10_nl_fy_mapped_306:2,95.0,1,1.0,2.0,4.0,CSS10_nl_fy_mapped,nl,mapped,306,0.7360212295121642,True,0.7992549894358911
1046,1150,s.5b40ec02-1691-4f5e-a44c-d44867940208.txt,CSS10_nl_fy_mapped_306:2,49.0,1,2.0,2.0,4.0,CSS10_nl_fy_mapped,nl,mapped,306,0.7360212295121642,True,0.7992549894358911
1047,1151,s.bd990f70-22b2-4371-a2c7-6242411963b9.txt,CSS10_nl_fy_mapped_306:2,89.0,1,1.0,2.0,4.0,CSS10_nl_fy_mapped,nl,mapped,306,0.7360212295121642,True,0.7992549894358911
1048,1152,s.2728eaca-9a5c-4a5b-9cd8-8c028d97942a.txt,CSS10_nl_fy_mapped_306:2,5.0,1,1.0,1.0,4.0,CSS10_nl_fy_mapped,nl,mapped,306,0.7360212295121642,True,0.7992549894358911
1049,1153,s.0a52336a-1071-417a-9a6a-4606608bbc1a.txt,CSS10_nl_fy_mapped_306:2,31.0,1,1.0,1.0,4.0,CSS10_nl_fy_mapped,nl,mapped,306,0.7360212295121642,True,0.7992549894358911
1050,1154,s.b1f494c8-3ea3-4026-bf92-51954977bd0d.txt,CSS10_nl_fy_mapped_306:2,61.0,2,1.0,2.0,4.0,CSS10_nl_fy_mapped,nl,mapped,306,0.7360212295121642,True,0.7992549894358911
1051,1155,s.58cbaf77-01de-4975-a03b-0eda814a83d0.txt,CSS10_nl_fy_mapped_306:2,76.0,2,1.0,3.0,4.0,CSS10_nl_fy_mapped,nl,mapped,306,0.7360212295121642,True,0.7992549894358911
1052,1156,s.f5e44bc4-3e72-49c0-9e30-1974c094487f.txt,CSS10_nl_fy_mapped_306:2,79.0,2,3.0,2.0,4.0,CSS10_nl_fy_mapped,nl,mapped,306,0.7360212295121642,True,0.7992549894358911
1053,1157,s.78003836-2d42-4c8c-af30-73df9fadcc52.txt,CSS10_nl_fy_separate_306:2,19.0,1,3.0,2.0,4.0,CSS10_nl_fy_separate,nl,separate,306,0.7360212295121642,True,0.7992549894358911
1054,1158,s.7e33ad89-662d-48ae-999d-e2f39b8d3b69.txt,CSS10_nl_fy_separate_306:2,10.0,1,1.0,3.0,4.0,CSS10_nl_fy_separate,nl,separate,306,0.7360212295121642,True,0.7992549894358911
1055,1159,s.dab92e23-1dea-459a-829e-ee1ddd70c204.txt,CSS10_nl_fy_separate_306:2,25.0,1,1.0,1.0,4.0,CSS10_nl_fy_separate,nl,separate,306,0.7360212295121642,True,0.7992549894358911
1056,1160,s.8658c316-8a6a-43c3-a7a3-2fffa6e47a6b.txt,CSS10_nl_fy_separate_306:2,24.0,1,1.0,2.0,4.0,CSS10_nl_fy_separate,nl,separate,306,0.7360212295121642,True,0.7992549894358911
1057,1161,s.f757fc9a-76b9-4ab3-8c94-806c573e0935.txt,CSS10_nl_fy_separate_306:2,19.0,1,1.0,1.0,4.0,CSS10_nl_fy_separate,nl,separate,306,0.7360212295121642,True,0.7992549894358911
1058,1162,s.7d156be6-6112-44c8-827d-40b30d9658f8.txt,CSS10_nl_fy_separate_306:2,94.0,1,1.0,2.0,4.0,CSS10_nl_fy_separate,nl,separate,306,0.7360212295121642,True,0.7992549894358911
1059,1163,s.5b40ec02-1691-4f5e-a44c-d44867940208.txt,CSS10_nl_fy_separate_306:2,37.0,1,2.0,2.0,4.0,CSS10_nl_fy_separate,nl,separate,306,0.7360212295121642,True,0.7992549894358911
1060,1164,s.bd990f70-22b2-4371-a2c7-6242411963b9.txt,CSS10_nl_fy_separate_306:2,69.0,1,1.0,2.0,4.0,CSS10_nl_fy_separate,nl,separate,306,0.7360212295121642,True,0.7992549894358911
1061,1165,s.2728eaca-9a5c-4a5b-9cd8-8c028d97942a.txt,CSS10_nl_fy_separate_306:2,0.0,1,1.0,1.0,4.0,CSS10_nl_fy_separate,nl,separate,306,0.7360212295121642,True,0.7992549894358911
1062,1166,s.0a52336a-1071-417a-9a6a-4606608bbc1a.txt,CSS10_nl_fy_separate_306:2,5.0,1,1.0,1.0,4.0,CSS10_nl_fy_separate,nl,separate,306,0.7360212295121642,True,0.7992549894358911
1063,1167,s.b1f494c8-3ea3-4026-bf92-51954977bd0d.txt,CSS10_nl_fy_separate_306:2,41.0,2,1.0,2.0,4.0,CSS10_nl_fy_separate,nl,separate,306,0.7360212295121642,True,0.7992549894358911
1064,1168,s.58cbaf77-01de-4975-a03b-0eda814a83d0.txt,CSS10_nl_fy_separate_306:2,40.0,2,1.0,3.0,4.0,CSS10_nl_fy_separate,nl,separate,306,0.7360212295121642,True,0.7992549894358911
1065,1169,s.f5e44bc4-3e72-49c0-9e30-1974c094487f.txt,CSS10_nl_fy_separate_306:2,76.0,2,3.0,2.0,4.0,CSS10_nl_fy_separate,nl,separate,306,0.7360212295121642,True,0.7992549894358911
1066,1170,s.78003836-2d42-4c8c-af30-73df9fadcc52.txt,CSS10_fi_fy_mapped_306:2,52.0,1,3.0,2.0,4.0,CSS10_fi_fy_mapped,fi,mapped,306,0.4712875776700755,False,0.5455651607237726
1067,1171,s.7e33ad89-662d-48ae-999d-e2f39b8d3b69.txt,CSS10_fi_fy_mapped_306:2,40.0,1,1.0,3.0,4.0,CSS10_fi_fy_mapped,fi,mapped,306,0.4712875776700755,False,0.5455651607237726
1068,1172,s.dab92e23-1dea-459a-829e-ee1ddd70c204.txt,CSS10_fi_fy_mapped_306:2,33.0,1,1.0,1.0,4.0,CSS10_fi_fy_mapped,fi,mapped,306,0.4712875776700755,False,0.5455651607237726
1069,1173,s.8658c316-8a6a-43c3-a7a3-2fffa6e47a6b.txt,CSS10_fi_fy_mapped_306:2,74.0,1,1.0,2.0,4.0,CSS10_fi_fy_mapped,fi,mapped,306,0.4712875776700755,False,0.5455651607237726
1070,1174,s.f757fc9a-76b9-4ab3-8c94-806c573e0935.txt,CSS10_fi_fy_mapped_306:2,15.0,1,1.0,1.0,4.0,CSS10_fi_fy_mapped,fi,mapped,306,0.4712875776700755,False,0.5455651607237726
1071,1175,s.7d156be6-6112-44c8-827d-40b30d9658f8.txt,CSS10_fi_fy_mapped_306:2,88.0,1,1.0,2.0,4.0,CSS10_fi_fy_mapped,fi,mapped,306,0.4712875776700755,False,0.5455651607237726
1072,1176,s.5b40ec02-1691-4f5e-a44c-d44867940208.txt,CSS10_fi_fy_mapped_306:2,38.0,1,2.0,2.0,4.0,CSS10_fi_fy_mapped,fi,mapped,306,0.4712875776700755,False,0.5455651607237726
1073,1177,s.bd990f70-22b2-4371-a2c7-6242411963b9.txt,CSS10_fi_fy_mapped_306:2,76.0,1,1.0,2.0,4.0,CSS10_fi_fy_mapped,fi,mapped,306,0.4712875776700755,False,0.5455651607237726
1074,1178,s.2728eaca-9a5c-4a5b-9cd8-8c028d97942a.txt,CSS10_fi_fy_mapped_306:2,22.0,1,1.0,1.0,4.0,CSS10_fi_fy_mapped,fi,mapped,306,0.4712875776700755,False,0.5455651607237726
1075,1179,s.0a52336a-1071-417a-9a6a-4606608bbc1a.txt,CSS10_fi_fy_mapped_306:2,27.0,1,1.0,1.0,4.0,CSS10_fi_fy_mapped,fi,mapped,306,0.4712875776700755,False,0.5455651607237726
1076,1180,s.b1f494c8-3ea3-4026-bf92-51954977bd0d.txt,CSS10_fi_fy_mapped_306:2,50.0,2,1.0,2.0,4.0,CSS10_fi_fy_mapped,fi,mapped,306,0.4712875776700755,False,0.5455651607237726
1077,1181,s.58cbaf77-01de-4975-a03b-0eda814a83d0.txt,CSS10_fi_fy_mapped_306:2,66.0,2,1.0,3.0,4.0,CSS10_fi_fy_mapped,fi,mapped,306,0.4712875776700755,False,0.5455651607237726
1078,1182,s.f5e44bc4-3e72-49c0-9e30-1974c094487f.txt,CSS10_fi_fy_mapped_306:2,77.0,2,3.0,2.0,4.0,CSS10_fi_fy_mapped,fi,mapped,306,0.4712875776700755,False,0.5455651607237726
1079,1183,s.78003836-2d42-4c8c-af30-73df9fadcc52.txt,CSS10_fi_fy_separate_306:2,15.0,1,3.0,2.0,4.0,CSS10_fi_fy_separate,fi,separate,306,0.4712875776700755,False,0.5455651607237726
1080,1184,s.7e33ad89-662d-48ae-999d-e2f39b8d3b69.txt,CSS10_fi_fy_separate_306:2,20.0,1,1.0,3.0,4.0,CSS10_fi_fy_separate,fi,separate,306,0.4712875776700755,False,0.5455651607237726
1081,1185,s.dab92e23-1dea-459a-829e-ee1ddd70c204.txt,CSS10_fi_fy_separate_306:2,39.0,1,1.0,1.0,4.0,CSS10_fi_fy_separate,fi,separate,306,0.4712875776700755,False,0.5455651607237726
1082,1186,s.8658c316-8a6a-43c3-a7a3-2fffa6e47a6b.txt,CSS10_fi_fy_separate_306:2,43.0,1,1.0,2.0,4.0,CSS10_fi_fy_separate,fi,separate,306,0.4712875776700755,False,0.5455651607237726
1083,1187,s.f757fc9a-76b9-4ab3-8c94-806c573e0935.txt,CSS10_fi_fy_separate_306:2,11.0,1,1.0,1.0,4.0,CSS10_fi_fy_separate,fi,separate,306,0.4712875776700755,False,0.5455651607237726
1084,1188,s.7d156be6-6112-44c8-827d-40b30d9658f8.txt,CSS10_fi_fy_separate_306:2,78.0,1,1.0,2.0,4.0,CSS10_fi_fy_separate,fi,separate,306,0.4712875776700755,False,0.5455651607237726
1085,1189,s.5b40ec02-1691-4f5e-a44c-d44867940208.txt,CSS10_fi_fy_separate_306:2,41.0,1,2.0,2.0,4.0,CSS10_fi_fy_separate,fi,separate,306,0.4712875776700755,False,0.5455651607237726
1086,1190,s.bd990f70-22b2-4371-a2c7-6242411963b9.txt,CSS10_fi_fy_separate_306:2,57.0,1,1.0,2.0,4.0,CSS10_fi_fy_separate,fi,separate,306,0.4712875776700755,False,0.5455651607237726
1087,1191,s.2728eaca-9a5c-4a5b-9cd8-8c028d97942a.txt,CSS10_fi_fy_separate_306:2,0.0,1,1.0,1.0,4.0,CSS10_fi_fy_separate,fi,separate,306,0.4712875776700755,False,0.5455651607237726
1088,1192,s.0a52336a-1071-417a-9a6a-4606608bbc1a.txt,CSS10_fi_fy_separate_306:2,2.0,1,1.0,1.0,4.0,CSS10_fi_fy_separate,fi,separate,306,0.4712875776700755,False,0.5455651607237726
1089,1193,s.b1f494c8-3ea3-4026-bf92-51954977bd0d.txt,CSS10_fi_fy_separate_306:2,35.0,2,1.0,2.0,4.0,CSS10_fi_fy_separate,fi,separate,306,0.4712875776700755,False,0.5455651607237726
1090,1194,s.58cbaf77-01de-4975-a03b-0eda814a83d0.txt,CSS10_fi_fy_separate_306:2,59.0,2,1.0,3.0,4.0,CSS10_fi_fy_separate,fi,separate,306,0.4712875776700755,False,0.5455651607237726
1091,1195,s.f5e44bc4-3e72-49c0-9e30-1974c094487f.txt,CSS10_fi_fy_separate_306:2,76.0,2,3.0,2.0,4.0,CSS10_fi_fy_separate,fi,separate,306,0.4712875776700755,False,0.5455651607237726
1092,1196,s.78003836-2d42-4c8c-af30-73df9fadcc52.txt,CSS10_es_ES_fy_mapped_306:2,20.0,1,3.0,2.0,4.0,CSS10_es_ES_fy_mapped,es,mapped,306,0.3556332899614416,True,0.4397938235039842
1093,1197,s.7e33ad89-662d-48ae-999d-e2f39b8d3b69.txt,CSS10_es_ES_fy_mapped_306:2,5.0,1,1.0,3.0,4.0,CSS10_es_ES_fy_mapped,es,mapped,306,0.3556332899614416,True,0.4397938235039842
1094,1198,s.dab92e23-1dea-459a-829e-ee1ddd70c204.txt,CSS10_es_ES_fy_mapped_306:2,38.0,1,1.0,1.0,4.0,CSS10_es_ES_fy_mapped,es,mapped,306,0.3556332899614416,True,0.4397938235039842
1095,1199,s.8658c316-8a6a-43c3-a7a3-2fffa6e47a6b.txt,CSS10_es_ES_fy_mapped_306:2,37.0,1,1.0,2.0,4.0,CSS10_es_ES_fy_mapped,es,mapped,306,0.3556332899614416,True,0.4397938235039842
1096,1200,s.f757fc9a-76b9-4ab3-8c94-806c573e0935.txt,CSS10_es_ES_fy_mapped_306:2,16.0,1,1.0,1.0,4.0,CSS10_es_ES_fy_mapped,es,mapped,306,0.3556332899614416,True,0.4397938235039842
1097,1201,s.7d156be6-6112-44c8-827d-40b30d9658f8.txt,CSS10_es_ES_fy_mapped_306:2,90.0,1,1.0,2.0,4.0,CSS10_es_ES_fy_mapped,es,mapped,306,0.3556332899614416,True,0.4397938235039842
1098,1202,s.5b40ec02-1691-4f5e-a44c-d44867940208.txt,CSS10_es_ES_fy_mapped_306:2,37.0,1,2.0,2.0,4.0,CSS10_es_ES_fy_mapped,es,mapped,306,0.3556332899614416,True,0.4397938235039842
1099,1203,s.bd990f70-22b2-4371-a2c7-6242411963b9.txt,CSS10_es_ES_fy_mapped_306:2,68.0,1,1.0,2.0,4.0,CSS10_es_ES_fy_mapped,es,mapped,306,0.3556332899614416,True,0.4397938235039842
1100,1204,s.2728eaca-9a5c-4a5b-9cd8-8c028d97942a.txt,CSS10_es_ES_fy_mapped_306:2,0.0,1,1.0,1.0,4.0,CSS10_es_ES_fy_mapped,es,mapped,306,0.3556332899614416,True,0.4397938235039842
1101,1205,s.0a52336a-1071-417a-9a6a-4606608bbc1a.txt,CSS10_es_ES_fy_mapped_306:2,2.0,1,1.0,1.0,4.0,CSS10_es_ES_fy_mapped,es,mapped,306,0.3556332899614416,True,0.4397938235039842
1102,1206,s.b1f494c8-3ea3-4026-bf92-51954977bd0d.txt,CSS10_es_ES_fy_mapped_306:2,23.0,2,1.0,2.0,4.0,CSS10_es_ES_fy_mapped,es,mapped,306,0.3556332899614416,True,0.4397938235039842
1103,1207,s.58cbaf77-01de-4975-a03b-0eda814a83d0.txt,CSS10_es_ES_fy_mapped_306:2,50.0,2,1.0,3.0,4.0,CSS10_es_ES_fy_mapped,es,mapped,306,0.3556332899614416,True,0.4397938235039842
1104,1208,s.f5e44bc4-3e72-49c0-9e30-1974c094487f.txt,CSS10_es_ES_fy_mapped_306:2,79.0,2,3.0,2.0,4.0,CSS10_es_ES_fy_mapped,es,mapped,306,0.3556332899614416,True,0.4397938235039842
1105,1209,s.78003836-2d42-4c8c-af30-73df9fadcc52.txt,CSS10_es_ES_fy_separate_306:2,18.0,1,3.0,2.0,4.0,CSS10_es_ES_fy_separate,es,separate,306,0.3556332899614416,True,0.4397938235039842
1106,1210,s.7e33ad89-662d-48ae-999d-e2f39b8d3b69.txt,CSS10_es_ES_fy_separate_306:2,10.0,1,1.0,3.0,4.0,CSS10_es_ES_fy_separate,es,separate,306,0.3556332899614416,True,0.4397938235039842
1107,1211,s.dab92e23-1dea-459a-829e-ee1ddd70c204.txt,CSS10_es_ES_fy_separate_306:2,25.0,1,1.0,1.0,4.0,CSS10_es_ES_fy_separate,es,separate,306,0.3556332899614416,True,0.4397938235039842
1108,1212,s.8658c316-8a6a-43c3-a7a3-2fffa6e47a6b.txt,CSS10_es_ES_fy_separate_306:2,39.0,1,1.0,2.0,4.0,CSS10_es_ES_fy_separate,es,separate,306,0.3556332899614416,True,0.4397938235039842
1109,1213,s.f757fc9a-76b9-4ab3-8c94-806c573e0935.txt,CSS10_es_ES_fy_separate_306:2,27.0,1,1.0,1.0,4.0,CSS10_es_ES_fy_separate,es,separate,306,0.3556332899614416,True,0.4397938235039842
1110,1214,s.7d156be6-6112-44c8-827d-40b30d9658f8.txt,CSS10_es_ES_fy_separate_306:2,81.0,1,1.0,2.0,4.0,CSS10_es_ES_fy_separate,es,separate,306,0.3556332899614416,True,0.4397938235039842
1111,1215,s.5b40ec02-1691-4f5e-a44c-d44867940208.txt,CSS10_es_ES_fy_separate_306:2,39.0,1,2.0,2.0,4.0,CSS10_es_ES_fy_separate,es,separate,306,0.3556332899614416,True,0.4397938235039842
1112,1216,s.bd990f70-22b2-4371-a2c7-6242411963b9.txt,CSS10_es_ES_fy_separate_306:2,54.0,1,1.0,2.0,4.0,CSS10_es_ES_fy_separate,es,separate,306,0.3556332899614416,True,0.4397938235039842
1113,1217,s.2728eaca-9a5c-4a5b-9cd8-8c028d97942a.txt,CSS10_es_ES_fy_separate_306:2,2.0,1,1.0,1.0,4.0,CSS10_es_ES_fy_separate,es,separate,306,0.3556332899614416,True,0.4397938235039842
1114,1218,s.0a52336a-1071-417a-9a6a-4606608bbc1a.txt,CSS10_es_ES_fy_separate_306:2,0.0,1,1.0,1.0,4.0,CSS10_es_ES_fy_separate,es,separate,306,0.3556332899614416,True,0.4397938235039842
1115,1219,s.b1f494c8-3ea3-4026-bf92-51954977bd0d.txt,CSS10_es_ES_fy_separate_306:2,36.0,2,1.0,2.0,4.0,CSS10_es_ES_fy_separate,es,separate,306,0.3556332899614416,True,0.4397938235039842
1116,1220,s.58cbaf77-01de-4975-a03b-0eda814a83d0.txt,CSS10_es_ES_fy_separate_306:2,60.0,2,1.0,3.0,4.0,CSS10_es_ES_fy_separate,es,separate,306,0.3556332899614416,True,0.4397938235039842
1117,1221,s.f5e44bc4-3e72-49c0-9e30-1974c094487f.txt,CSS10_es_ES_fy_separate_306:2,8.0,2,3.0,2.0,4.0,CSS10_es_ES_fy_separate,es,separate,306,0.3556332899614416,True,0.4397938235039842
1118,1222,s.78003836-2d42-4c8c-af30-73df9fadcc52.txt,CSS10_fr_FR_fy_mapped_306:2,48.0,1,3.0,2.0,4.0,CSS10_fr_FR_fy_mapped,fr,mapped,306,0.3858417708035707,True,0.4699399964166607
1119,1223,s.7e33ad89-662d-48ae-999d-e2f39b8d3b69.txt,CSS10_fr_FR_fy_mapped_306:2,25.0,1,1.0,3.0,4.0,CSS10_fr_FR_fy_mapped,fr,mapped,306,0.3858417708035707,True,0.4699399964166607
1120,1224,s.dab92e23-1dea-459a-829e-ee1ddd70c204.txt,CSS10_fr_FR_fy_mapped_306:2,7.0,1,1.0,1.0,4.0,CSS10_fr_FR_fy_mapped,fr,mapped,306,0.3858417708035707,True,0.4699399964166607
1121,1225,s.8658c316-8a6a-43c3-a7a3-2fffa6e47a6b.txt,CSS10_fr_FR_fy_mapped_306:2,42.0,1,1.0,2.0,4.0,CSS10_fr_FR_fy_mapped,fr,mapped,306,0.3858417708035707,True,0.4699399964166607
1122,1226,s.f757fc9a-76b9-4ab3-8c94-806c573e0935.txt,CSS10_fr_FR_fy_mapped_306:2,9.0,1,1.0,1.0,4.0,CSS10_fr_FR_fy_mapped,fr,mapped,306,0.3858417708035707,True,0.4699399964166607
1123,1227,s.7d156be6-6112-44c8-827d-40b30d9658f8.txt,CSS10_fr_FR_fy_mapped_306:2,91.0,1,1.0,2.0,4.0,CSS10_fr_FR_fy_mapped,fr,mapped,306,0.3858417708035707,True,0.4699399964166607
1124,1228,s.5b40ec02-1691-4f5e-a44c-d44867940208.txt,CSS10_fr_FR_fy_mapped_306:2,60.0,1,2.0,2.0,4.0,CSS10_fr_FR_fy_mapped,fr,mapped,306,0.3858417708035707,True,0.4699399964166607
1125,1229,s.bd990f70-22b2-4371-a2c7-6242411963b9.txt,CSS10_fr_FR_fy_mapped_306:2,18.0,1,1.0,2.0,4.0,CSS10_fr_FR_fy_mapped,fr,mapped,306,0.3858417708035707,True,0.4699399964166607
1126,1230,s.2728eaca-9a5c-4a5b-9cd8-8c028d97942a.txt,CSS10_fr_FR_fy_mapped_306:2,2.0,1,1.0,1.0,4.0,CSS10_fr_FR_fy_mapped,fr,mapped,306,0.3858417708035707,True,0.4699399964166607
1127,1231,s.0a52336a-1071-417a-9a6a-4606608bbc1a.txt,CSS10_fr_FR_fy_mapped_306:2,30.0,1,1.0,1.0,4.0,CSS10_fr_FR_fy_mapped,fr,mapped,306,0.3858417708035707,True,0.4699399964166607
1128,1232,s.b1f494c8-3ea3-4026-bf92-51954977bd0d.txt,CSS10_fr_FR_fy_mapped_306:2,39.0,2,1.0,2.0,4.0,CSS10_fr_FR_fy_mapped,fr,mapped,306,0.3858417708035707,True,0.4699399964166607
1129,1233,s.58cbaf77-01de-4975-a03b-0eda814a83d0.txt,CSS10_fr_FR_fy_mapped_306:2,63.0,2,1.0,3.0,4.0,CSS10_fr_FR_fy_mapped,fr,mapped,306,0.3858417708035707,True,0.4699399964166607
1130,1234,s.f5e44bc4-3e72-49c0-9e30-1974c094487f.txt,CSS10_fr_FR_fy_mapped_306:2,71.0,2,3.0,2.0,4.0,CSS10_fr_FR_fy_mapped,fr,mapped,306,0.3858417708035707,True,0.4699399964166607
1131,1235,s.78003836-2d42-4c8c-af30-73df9fadcc52.txt,CSS10_fr_FR_fy_separate_306:2,29.0,1,3.0,2.0,4.0,CSS10_fr_FR_fy_separate,fr,separate,306,0.3858417708035707,True,0.4699399964166607
1132,1236,s.7e33ad89-662d-48ae-999d-e2f39b8d3b69.txt,CSS10_fr_FR_fy_separate_306:2,25.0,1,1.0,3.0,4.0,CSS10_fr_FR_fy_separate,fr,separate,306,0.3858417708035707,True,0.4699399964166607
1133,1237,s.dab92e23-1dea-459a-829e-ee1ddd70c204.txt,CSS10_fr_FR_fy_separate_306:2,32.0,1,1.0,1.0,4.0,CSS10_fr_FR_fy_separate,fr,separate,306,0.3858417708035707,True,0.4699399964166607
1134,1238,s.8658c316-8a6a-43c3-a7a3-2fffa6e47a6b.txt,CSS10_fr_FR_fy_separate_306:2,38.0,1,1.0,2.0,4.0,CSS10_fr_FR_fy_separate,fr,separate,306,0.3858417708035707,True,0.4699399964166607
1135,1239,s.f757fc9a-76b9-4ab3-8c94-806c573e0935.txt,CSS10_fr_FR_fy_separate_306:2,13.0,1,1.0,1.0,4.0,CSS10_fr_FR_fy_separate,fr,separate,306,0.3858417708035707,True,0.4699399964166607
1136,1240,s.7d156be6-6112-44c8-827d-40b30d9658f8.txt,CSS10_fr_FR_fy_separate_306:2,92.0,1,1.0,2.0,4.0,CSS10_fr_FR_fy_separate,fr,separate,306,0.3858417708035707,True,0.4699399964166607
1137,1241,s.5b40ec02-1691-4f5e-a44c-d44867940208.txt,CSS10_fr_FR_fy_separate_306:2,45.0,1,2.0,2.0,4.0,CSS10_fr_FR_fy_separate,fr,separate,306,0.3858417708035707,True,0.4699399964166607
1138,1242,s.bd990f70-22b2-4371-a2c7-6242411963b9.txt,CSS10_fr_FR_fy_separate_306:2,63.0,1,1.0,2.0,4.0,CSS10_fr_FR_fy_separate,fr,separate,306,0.3858417708035707,True,0.4699399964166607
1139,1243,s.2728eaca-9a5c-4a5b-9cd8-8c028d97942a.txt,CSS10_fr_FR_fy_separate_306:2,0.0,1,1.0,1.0,4.0,CSS10_fr_FR_fy_separate,fr,separate,306,0.3858417708035707,True,0.4699399964166607
1140,1244,s.0a52336a-1071-417a-9a6a-4606608bbc1a.txt,CSS10_fr_FR_fy_separate_306:2,15.0,1,1.0,1.0,4.0,CSS10_fr_FR_fy_separate,fr,separate,306,0.3858417708035707,True,0.4699399964166607
1141,1245,s.b1f494c8-3ea3-4026-bf92-51954977bd0d.txt,CSS10_fr_FR_fy_separate_306:2,18.0,2,1.0,2.0,4.0,CSS10_fr_FR_fy_separate,fr,separate,306,0.3858417708035707,True,0.4699399964166607
1142,1246,s.58cbaf77-01de-4975-a03b-0eda814a83d0.txt,CSS10_fr_FR_fy_separate_306:2,32.0,2,1.0,3.0,4.0,CSS10_fr_FR_fy_separate,fr,separate,306,0.3858417708035707,True,0.4699399964166607
1143,1247,s.f5e44bc4-3e72-49c0-9e30-1974c094487f.txt,CSS10_fr_FR_fy_separate_306:2,78.0,2,3.0,2.0,4.0,CSS10_fr_FR_fy_separate,fr,separate,306,0.3858417708035707,True,0.4699399964166607
1144,1248,s.78003836-2d42-4c8c-af30-73df9fadcc52.txt,CSS10_ja_fy_mapped_306:2,20.0,1,3.0,2.0,4.0,CSS10_ja_fy_mapped,ja,mapped,306,0.3376253301286601,False,0.3705904629022072
1145,1249,s.7e33ad89-662d-48ae-999d-e2f39b8d3b69.txt,CSS10_ja_fy_mapped_306:2,15.0,1,1.0,3.0,4.0,CSS10_ja_fy_mapped,ja,mapped,306,0.3376253301286601,False,0.3705904629022072
1146,1250,s.dab92e23-1dea-459a-829e-ee1ddd70c204.txt,CSS10_ja_fy_mapped_306:2,8.0,1,1.0,1.0,4.0,CSS10_ja_fy_mapped,ja,mapped,306,0.3376253301286601,False,0.3705904629022072
1147,1251,s.8658c316-8a6a-43c3-a7a3-2fffa6e47a6b.txt,CSS10_ja_fy_mapped_306:2,42.0,1,1.0,2.0,4.0,CSS10_ja_fy_mapped,ja,mapped,306,0.3376253301286601,False,0.3705904629022072
1148,1252,s.f757fc9a-76b9-4ab3-8c94-806c573e0935.txt,CSS10_ja_fy_mapped_306:2,7.0,1,1.0,1.0,4.0,CSS10_ja_fy_mapped,ja,mapped,306,0.3376253301286601,False,0.3705904629022072
1149,1253,s.7d156be6-6112-44c8-827d-40b30d9658f8.txt,CSS10_ja_fy_mapped_306:2,80.0,1,1.0,2.0,4.0,CSS10_ja_fy_mapped,ja,mapped,306,0.3376253301286601,False,0.3705904629022072
1150,1254,s.5b40ec02-1691-4f5e-a44c-d44867940208.txt,CSS10_ja_fy_mapped_306:2,37.0,1,2.0,2.0,4.0,CSS10_ja_fy_mapped,ja,mapped,306,0.3376253301286601,False,0.3705904629022072
1151,1255,s.bd990f70-22b2-4371-a2c7-6242411963b9.txt,CSS10_ja_fy_mapped_306:2,16.0,1,1.0,2.0,4.0,CSS10_ja_fy_mapped,ja,mapped,306,0.3376253301286601,False,0.3705904629022072
1152,1256,s.2728eaca-9a5c-4a5b-9cd8-8c028d97942a.txt,CSS10_ja_fy_mapped_306:2,0.0,1,1.0,1.0,4.0,CSS10_ja_fy_mapped,ja,mapped,306,0.3376253301286601,False,0.3705904629022072
1153,1257,s.0a52336a-1071-417a-9a6a-4606608bbc1a.txt,CSS10_ja_fy_mapped_306:2,12.0,1,1.0,1.0,4.0,CSS10_ja_fy_mapped,ja,mapped,306,0.3376253301286601,False,0.3705904629022072
1154,1258,s.b1f494c8-3ea3-4026-bf92-51954977bd0d.txt,CSS10_ja_fy_mapped_306:2,50.0,2,1.0,2.0,4.0,CSS10_ja_fy_mapped,ja,mapped,306,0.3376253301286601,False,0.3705904629022072
1155,1259,s.58cbaf77-01de-4975-a03b-0eda814a83d0.txt,CSS10_ja_fy_mapped_306:2,32.0,2,1.0,3.0,4.0,CSS10_ja_fy_mapped,ja,mapped,306,0.3376253301286601,False,0.3705904629022072
1156,1260,s.f5e44bc4-3e72-49c0-9e30-1974c094487f.txt,CSS10_ja_fy_mapped_306:2,75.0,2,3.0,2.0,4.0,CSS10_ja_fy_mapped,ja,mapped,306,0.3376253301286601,False,0.3705904629022072
1157,1261,s.78003836-2d42-4c8c-af30-73df9fadcc52.txt,CSS10_ja_fy_separate_306:2,26.0,1,3.0,2.0,4.0,CSS10_ja_fy_separate,ja,separate,306,0.3376253301286601,False,0.3705904629022072
1158,1262,s.7e33ad89-662d-48ae-999d-e2f39b8d3b69.txt,CSS10_ja_fy_separate_306:2,15.0,1,1.0,3.0,4.0,CSS10_ja_fy_separate,ja,separate,306,0.3376253301286601,False,0.3705904629022072
1159,1263,s.dab92e23-1dea-459a-829e-ee1ddd70c204.txt,CSS10_ja_fy_separate_306:2,39.0,1,1.0,1.0,4.0,CSS10_ja_fy_separate,ja,separate,306,0.3376253301286601,False,0.3705904629022072
1160,1264,s.8658c316-8a6a-43c3-a7a3-2fffa6e47a6b.txt,CSS10_ja_fy_separate_306:2,28.0,1,1.0,2.0,4.0,CSS10_ja_fy_separate,ja,separate,306,0.3376253301286601,False,0.3705904629022072
1161,1265,s.f757fc9a-76b9-4ab3-8c94-806c573e0935.txt,CSS10_ja_fy_separate_306:2,16.0,1,1.0,1.0,4.0,CSS10_ja_fy_separate,ja,separate,306,0.3376253301286601,False,0.3705904629022072
1162,1266,s.7d156be6-6112-44c8-827d-40b30d9658f8.txt,CSS10_ja_fy_separate_306:2,88.0,1,1.0,2.0,4.0,CSS10_ja_fy_separate,ja,separate,306,0.3376253301286601,False,0.3705904629022072
1163,1267,s.5b40ec02-1691-4f5e-a44c-d44867940208.txt,CSS10_ja_fy_separate_306:2,37.0,1,2.0,2.0,4.0,CSS10_ja_fy_separate,ja,separate,306,0.3376253301286601,False,0.3705904629022072
1164,1268,s.bd990f70-22b2-4371-a2c7-6242411963b9.txt,CSS10_ja_fy_separate_306:2,58.0,1,1.0,2.0,4.0,CSS10_ja_fy_separate,ja,separate,306,0.3376253301286601,False,0.3705904629022072
1165,1269,s.2728eaca-9a5c-4a5b-9cd8-8c028d97942a.txt,CSS10_ja_fy_separate_306:2,0.0,1,1.0,1.0,4.0,CSS10_ja_fy_separate,ja,separate,306,0.3376253301286601,False,0.3705904629022072
1166,1270,s.0a52336a-1071-417a-9a6a-4606608bbc1a.txt,CSS10_ja_fy_separate_306:2,3.0,1,1.0,1.0,4.0,CSS10_ja_fy_separate,ja,separate,306,0.3376253301286601,False,0.3705904629022072
1167,1271,s.b1f494c8-3ea3-4026-bf92-51954977bd0d.txt,CSS10_ja_fy_separate_306:2,32.0,2,1.0,2.0,4.0,CSS10_ja_fy_separate,ja,separate,306,0.3376253301286601,False,0.3705904629022072
1168,1272,s.58cbaf77-01de-4975-a03b-0eda814a83d0.txt,CSS10_ja_fy_separate_306:2,40.0,2,1.0,3.0,4.0,CSS10_ja_fy_separate,ja,separate,306,0.3376253301286601,False,0.3705904629022072
1169,1273,s.f5e44bc4-3e72-49c0-9e30-1974c094487f.txt,CSS10_ja_fy_separate_306:2,75.0,2,3.0,2.0,4.0,CSS10_ja_fy_separate,ja,separate,306,0.3376253301286601,False,0.3705904629022072
1170,1287,s.78003836-2d42-4c8c-af30-73df9fadcc52.txt,CSS10_nl_fy_mapped_735:2,22.0,1,3.0,2.0,4.0,CSS10_nl_fy_mapped,nl,mapped,735,0.7360212295121642,True,0.7972250489069068
1171,1288,s.7e33ad89-662d-48ae-999d-e2f39b8d3b69.txt,CSS10_nl_fy_mapped_735:2,70.0,1,1.0,3.0,4.0,CSS10_nl_fy_mapped,nl,mapped,735,0.7360212295121642,True,0.7972250489069068
1172,1289,s.dab92e23-1dea-459a-829e-ee1ddd70c204.txt,CSS10_nl_fy_mapped_735:2,60.0,1,1.0,1.0,4.0,CSS10_nl_fy_mapped,nl,mapped,735,0.7360212295121642,True,0.7972250489069068
1173,1290,s.8658c316-8a6a-43c3-a7a3-2fffa6e47a6b.txt,CSS10_nl_fy_mapped_735:2,79.0,1,1.0,2.0,4.0,CSS10_nl_fy_mapped,nl,mapped,735,0.7360212295121642,True,0.7972250489069068
1174,1291,s.f757fc9a-76b9-4ab3-8c94-806c573e0935.txt,CSS10_nl_fy_mapped_735:2,50.0,1,1.0,1.0,4.0,CSS10_nl_fy_mapped,nl,mapped,735,0.7360212295121642,True,0.7972250489069068
1175,1292,s.7d156be6-6112-44c8-827d-40b30d9658f8.txt,CSS10_nl_fy_mapped_735:2,93.0,1,1.0,2.0,4.0,CSS10_nl_fy_mapped,nl,mapped,735,0.7360212295121642,True,0.7972250489069068
1176,1293,s.5b40ec02-1691-4f5e-a44c-d44867940208.txt,CSS10_nl_fy_mapped_735:2,50.0,1,2.0,2.0,4.0,CSS10_nl_fy_mapped,nl,mapped,735,0.7360212295121642,True,0.7972250489069068
1177,1294,s.bd990f70-22b2-4371-a2c7-6242411963b9.txt,CSS10_nl_fy_mapped_735:2,73.0,1,1.0,2.0,4.0,CSS10_nl_fy_mapped,nl,mapped,735,0.7360212295121642,True,0.7972250489069068
1178,1295,s.2728eaca-9a5c-4a5b-9cd8-8c028d97942a.txt,CSS10_nl_fy_mapped_735:2,91.0,1,1.0,1.0,4.0,CSS10_nl_fy_mapped,nl,mapped,735,0.7360212295121642,True,0.7972250489069068
1179,1296,s.0a52336a-1071-417a-9a6a-4606608bbc1a.txt,CSS10_nl_fy_mapped_735:2,40.0,1,1.0,1.0,4.0,CSS10_nl_fy_mapped,nl,mapped,735,0.7360212295121642,True,0.7972250489069068
1180,1297,s.b1f494c8-3ea3-4026-bf92-51954977bd0d.txt,CSS10_nl_fy_mapped_735:2,76.0,2,1.0,2.0,4.0,CSS10_nl_fy_mapped,nl,mapped,735,0.7360212295121642,True,0.7972250489069068
1181,1298,s.58cbaf77-01de-4975-a03b-0eda814a83d0.txt,CSS10_nl_fy_mapped_735:2,98.0,2,1.0,3.0,4.0,CSS10_nl_fy_mapped,nl,mapped,735,0.7360212295121642,True,0.7972250489069068
1182,1299,s.f5e44bc4-3e72-49c0-9e30-1974c094487f.txt,CSS10_nl_fy_mapped_735:2,82.0,2,3.0,2.0,4.0,CSS10_nl_fy_mapped,nl,mapped,735,0.7360212295121642,True,0.7972250489069068
1183,1300,s.78003836-2d42-4c8c-af30-73df9fadcc52.txt,CSS10_nl_fy_separate_735:2,30.0,1,3.0,2.0,4.0,CSS10_nl_fy_separate,nl,separate,735,0.7360212295121642,True,0.7972250489069068
1184,1301,s.7e33ad89-662d-48ae-999d-e2f39b8d3b69.txt,CSS10_nl_fy_separate_735:2,5.0,1,1.0,3.0,4.0,CSS10_nl_fy_separate,nl,separate,735,0.7360212295121642,True,0.7972250489069068
1185,1302,s.dab92e23-1dea-459a-829e-ee1ddd70c204.txt,CSS10_nl_fy_separate_735:2,6.0,1,1.0,1.0,4.0,CSS10_nl_fy_separate,nl,separate,735,0.7360212295121642,True,0.7972250489069068
1186,1303,s.8658c316-8a6a-43c3-a7a3-2fffa6e47a6b.txt,CSS10_nl_fy_separate_735:2,11.0,1,1.0,2.0,4.0,CSS10_nl_fy_separate,nl,separate,735,0.7360212295121642,True,0.7972250489069068
1187,1304,s.f757fc9a-76b9-4ab3-8c94-806c573e0935.txt,CSS10_nl_fy_separate_735:2,10.0,1,1.0,1.0,4.0,CSS10_nl_fy_separate,nl,separate,735,0.7360212295121642,True,0.7972250489069068
1188,1305,s.7d156be6-6112-44c8-827d-40b30d9658f8.txt,CSS10_nl_fy_separate_735:2,49.0,1,1.0,2.0,4.0,CSS10_nl_fy_separate,nl,separate,735,0.7360212295121642,True,0.7972250489069068
1189,1306,s.5b40ec02-1691-4f5e-a44c-d44867940208.txt,CSS10_nl_fy_separate_735:2,17.0,1,2.0,2.0,4.0,CSS10_nl_fy_separate,nl,separate,735,0.7360212295121642,True,0.7972250489069068
1190,1307,s.bd990f70-22b2-4371-a2c7-6242411963b9.txt,CSS10_nl_fy_separate_735:2,49.0,1,1.0,2.0,4.0,CSS10_nl_fy_separate,nl,separate,735,0.7360212295121642,True,0.7972250489069068
1191,1308,s.2728eaca-9a5c-4a5b-9cd8-8c028d97942a.txt,CSS10_nl_fy_separate_735:2,0.0,1,1.0,1.0,4.0,CSS10_nl_fy_separate,nl,separate,735,0.7360212295121642,True,0.7972250489069068
1192,1309,s.0a52336a-1071-417a-9a6a-4606608bbc1a.txt,CSS10_nl_fy_separate_735:2,3.0,1,1.0,1.0,4.0,CSS10_nl_fy_separate,nl,separate,735,0.7360212295121642,True,0.7972250489069068
1193,1310,s.b1f494c8-3ea3-4026-bf92-51954977bd0d.txt,CSS10_nl_fy_separate_735:2,11.0,2,1.0,2.0,4.0,CSS10_nl_fy_separate,nl,separate,735,0.7360212295121642,True,0.7972250489069068
1194,1311,s.58cbaf77-01de-4975-a03b-0eda814a83d0.txt,CSS10_nl_fy_separate_735:2,17.0,2,1.0,3.0,4.0,CSS10_nl_fy_separate,nl,separate,735,0.7360212295121642,True,0.7972250489069068
1195,1312,s.f5e44bc4-3e72-49c0-9e30-1974c094487f.txt,CSS10_nl_fy_separate_735:2,81.0,2,3.0,2.0,4.0,CSS10_nl_fy_separate,nl,separate,735,0.7360212295121642,True,0.7972250489069068
1196,1313,s.78003836-2d42-4c8c-af30-73df9fadcc52.txt,CSS10_fi_fy_mapped_735:2,30.0,1,3.0,2.0,4.0,CSS10_fi_fy_mapped,fi,mapped,735,0.4712875776700755,False,0.5863917388258317
1197,1314,s.7e33ad89-662d-48ae-999d-e2f39b8d3b69.txt,CSS10_fi_fy_mapped_735:2,10.0,1,1.0,3.0,4.0,CSS10_fi_fy_mapped,fi,mapped,735,0.4712875776700755,False,0.5863917388258317
1198,1315,s.dab92e23-1dea-459a-829e-ee1ddd70c204.txt,CSS10_fi_fy_mapped_735:2,7.0,1,1.0,1.0,4.0,CSS10_fi_fy_mapped,fi,mapped,735,0.4712875776700755,False,0.5863917388258317
1199,1316,s.8658c316-8a6a-43c3-a7a3-2fffa6e47a6b.txt,CSS10_fi_fy_mapped_735:2,32.0,1,1.0,2.0,4.0,CSS10_fi_fy_mapped,fi,mapped,735,0.4712875776700755,False,0.5863917388258317
1200,1317,s.f757fc9a-76b9-4ab3-8c94-806c573e0935.txt,CSS10_fi_fy_mapped_735:2,10.0,1,1.0,1.0,4.0,CSS10_fi_fy_mapped,fi,mapped,735,0.4712875776700755,False,0.5863917388258317
1201,1318,s.7d156be6-6112-44c8-827d-40b30d9658f8.txt,CSS10_fi_fy_mapped_735:2,89.0,1,1.0,2.0,4.0,CSS10_fi_fy_mapped,fi,mapped,735,0.4712875776700755,False,0.5863917388258317
1202,1319,s.5b40ec02-1691-4f5e-a44c-d44867940208.txt,CSS10_fi_fy_mapped_735:2,32.0,1,2.0,2.0,4.0,CSS10_fi_fy_mapped,fi,mapped,735,0.4712875776700755,False,0.5863917388258317
1203,1320,s.bd990f70-22b2-4371-a2c7-6242411963b9.txt,CSS10_fi_fy_mapped_735:2,51.0,1,1.0,2.0,4.0,CSS10_fi_fy_mapped,fi,mapped,735,0.4712875776700755,False,0.5863917388258317
1204,1321,s.2728eaca-9a5c-4a5b-9cd8-8c028d97942a.txt,CSS10_fi_fy_mapped_735:2,7.0,1,1.0,1.0,4.0,CSS10_fi_fy_mapped,fi,mapped,735,0.4712875776700755,False,0.5863917388258317
1205,1322,s.0a52336a-1071-417a-9a6a-4606608bbc1a.txt,CSS10_fi_fy_mapped_735:2,18.0,1,1.0,1.0,4.0,CSS10_fi_fy_mapped,fi,mapped,735,0.4712875776700755,False,0.5863917388258317
1206,1323,s.b1f494c8-3ea3-4026-bf92-51954977bd0d.txt,CSS10_fi_fy_mapped_735:2,50.0,2,1.0,2.0,4.0,CSS10_fi_fy_mapped,fi,mapped,735,0.4712875776700755,False,0.5863917388258317
1207,1324,s.58cbaf77-01de-4975-a03b-0eda814a83d0.txt,CSS10_fi_fy_mapped_735:2,49.0,2,1.0,3.0,4.0,CSS10_fi_fy_mapped,fi,mapped,735,0.4712875776700755,False,0.5863917388258317
1208,1325,s.f5e44bc4-3e72-49c0-9e30-1974c094487f.txt,CSS10_fi_fy_mapped_735:2,82.0,2,3.0,2.0,4.0,CSS10_fi_fy_mapped,fi,mapped,735,0.4712875776700755,False,0.5863917388258317
1209,1326,s.78003836-2d42-4c8c-af30-73df9fadcc52.txt,CSS10_fi_fy_separate_735:2,34.0,1,3.0,2.0,4.0,CSS10_fi_fy_separate,fi,separate,735,0.4712875776700755,False,0.5863917388258317
1210,1327,s.7e33ad89-662d-48ae-999d-e2f39b8d3b69.txt,CSS10_fi_fy_separate_735:2,10.0,1,1.0,3.0,4.0,CSS10_fi_fy_separate,fi,separate,735,0.4712875776700755,False,0.5863917388258317
1211,1328,s.dab92e23-1dea-459a-829e-ee1ddd70c204.txt,CSS10_fi_fy_separate_735:2,9.0,1,1.0,1.0,4.0,CSS10_fi_fy_separate,fi,separate,735,0.4712875776700755,False,0.5863917388258317
1212,1329,s.8658c316-8a6a-43c3-a7a3-2fffa6e47a6b.txt,CSS10_fi_fy_separate_735:2,8.0,1,1.0,2.0,4.0,CSS10_fi_fy_separate,fi,separate,735,0.4712875776700755,False,0.5863917388258317
1213,1330,s.f757fc9a-76b9-4ab3-8c94-806c573e0935.txt,CSS10_fi_fy_separate_735:2,5.0,1,1.0,1.0,4.0,CSS10_fi_fy_separate,fi,separate,735,0.4712875776700755,False,0.5863917388258317
1214,1331,s.7d156be6-6112-44c8-827d-40b30d9658f8.txt,CSS10_fi_fy_separate_735:2,36.0,1,1.0,2.0,4.0,CSS10_fi_fy_separate,fi,separate,735,0.4712875776700755,False,0.5863917388258317
1215,1332,s.5b40ec02-1691-4f5e-a44c-d44867940208.txt,CSS10_fi_fy_separate_735:2,16.0,1,2.0,2.0,4.0,CSS10_fi_fy_separate,fi,separate,735,0.4712875776700755,False,0.5863917388258317
1216,1333,s.bd990f70-22b2-4371-a2c7-6242411963b9.txt,CSS10_fi_fy_separate_735:2,56.0,1,1.0,2.0,4.0,CSS10_fi_fy_separate,fi,separate,735,0.4712875776700755,False,0.5863917388258317
1217,1334,s.2728eaca-9a5c-4a5b-9cd8-8c028d97942a.txt,CSS10_fi_fy_separate_735:2,16.0,1,1.0,1.0,4.0,CSS10_fi_fy_separate,fi,separate,735,0.4712875776700755,False,0.5863917388258317
1218,1335,s.0a52336a-1071-417a-9a6a-4606608bbc1a.txt,CSS10_fi_fy_separate_735:2,19.0,1,1.0,1.0,4.0,CSS10_fi_fy_separate,fi,separate,735,0.4712875776700755,False,0.5863917388258317
1219,1336,s.b1f494c8-3ea3-4026-bf92-51954977bd0d.txt,CSS10_fi_fy_separate_735:2,2.0,2,1.0,2.0,4.0,CSS10_fi_fy_separate,fi,separate,735,0.4712875776700755,False,0.5863917388258317
1220,1337,s.58cbaf77-01de-4975-a03b-0eda814a83d0.txt,CSS10_fi_fy_separate_735:2,21.0,2,1.0,3.0,4.0,CSS10_fi_fy_separate,fi,separate,735,0.4712875776700755,False,0.5863917388258317
1221,1338,s.f5e44bc4-3e72-49c0-9e30-1974c094487f.txt,CSS10_fi_fy_separate_735:2,75.0,2,3.0,2.0,4.0,CSS10_fi_fy_separate,fi,separate,735,0.4712875776700755,False,0.5863917388258317
1222,1339,s.78003836-2d42-4c8c-af30-73df9fadcc52.txt,CSS10_es_ES_fy_mapped_735:2,23.0,1,3.0,2.0,4.0,CSS10_es_ES_fy_mapped,es,mapped,735,0.3556332899614416,True,0.5730941831612225
1223,1340,s.7e33ad89-662d-48ae-999d-e2f39b8d3b69.txt,CSS10_es_ES_fy_mapped_735:2,15.0,1,1.0,3.0,4.0,CSS10_es_ES_fy_mapped,es,mapped,735,0.3556332899614416,True,0.5730941831612225
1224,1341,s.dab92e23-1dea-459a-829e-ee1ddd70c204.txt,CSS10_es_ES_fy_mapped_735:2,6.0,1,1.0,1.0,4.0,CSS10_es_ES_fy_mapped,es,mapped,735,0.3556332899614416,True,0.5730941831612225
1225,1342,s.8658c316-8a6a-43c3-a7a3-2fffa6e47a6b.txt,CSS10_es_ES_fy_mapped_735:2,0.0,1,1.0,2.0,4.0,CSS10_es_ES_fy_mapped,es,mapped,735,0.3556332899614416,True,0.5730941831612225
1226,1343,s.f757fc9a-76b9-4ab3-8c94-806c573e0935.txt,CSS10_es_ES_fy_mapped_735:2,10.0,1,1.0,1.0,4.0,CSS10_es_ES_fy_mapped,es,mapped,735,0.3556332899614416,True,0.5730941831612225
1227,1344,s.7d156be6-6112-44c8-827d-40b30d9658f8.txt,CSS10_es_ES_fy_mapped_735:2,59.0,1,1.0,2.0,4.0,CSS10_es_ES_fy_mapped,es,mapped,735,0.3556332899614416,True,0.5730941831612225
1228,1345,s.5b40ec02-1691-4f5e-a44c-d44867940208.txt,CSS10_es_ES_fy_mapped_735:2,18.0,1,2.0,2.0,4.0,CSS10_es_ES_fy_mapped,es,mapped,735,0.3556332899614416,True,0.5730941831612225
1229,1346,s.bd990f70-22b2-4371-a2c7-6242411963b9.txt,CSS10_es_ES_fy_mapped_735:2,63.0,1,1.0,2.0,4.0,CSS10_es_ES_fy_mapped,es,mapped,735,0.3556332899614416,True,0.5730941831612225
1230,1347,s.2728eaca-9a5c-4a5b-9cd8-8c028d97942a.txt,CSS10_es_ES_fy_mapped_735:2,19.0,1,1.0,1.0,4.0,CSS10_es_ES_fy_mapped,es,mapped,735,0.3556332899614416,True,0.5730941831612225
1231,1348,s.0a52336a-1071-417a-9a6a-4606608bbc1a.txt,CSS10_es_ES_fy_mapped_735:2,2.0,1,1.0,1.0,4.0,CSS10_es_ES_fy_mapped,es,mapped,735,0.3556332899614416,True,0.5730941831612225
1232,1349,s.b1f494c8-3ea3-4026-bf92-51954977bd0d.txt,CSS10_es_ES_fy_mapped_735:2,11.0,2,1.0,2.0,4.0,CSS10_es_ES_fy_mapped,es,mapped,735,0.3556332899614416,True,0.5730941831612225
1233,1350,s.58cbaf77-01de-4975-a03b-0eda814a83d0.txt,CSS10_es_ES_fy_mapped_735:2,88.0,2,1.0,3.0,4.0,CSS10_es_ES_fy_mapped,es,mapped,735,0.3556332899614416,True,0.5730941831612225
1234,1351,s.f5e44bc4-3e72-49c0-9e30-1974c094487f.txt,CSS10_es_ES_fy_mapped_735:2,73.0,2,3.0,2.0,4.0,CSS10_es_ES_fy_mapped,es,mapped,735,0.3556332899614416,True,0.5730941831612225
1235,1352,s.78003836-2d42-4c8c-af30-73df9fadcc52.txt,CSS10_es_ES_fy_separate_735:2,43.0,1,3.0,2.0,4.0,CSS10_es_ES_fy_separate,es,separate,735,0.3556332899614416,True,0.5730941831612225
1236,1353,s.7e33ad89-662d-48ae-999d-e2f39b8d3b69.txt,CSS10_es_ES_fy_separate_735:2,10.0,1,1.0,3.0,4.0,CSS10_es_ES_fy_separate,es,separate,735,0.3556332899614416,True,0.5730941831612225
1237,1354,s.dab92e23-1dea-459a-829e-ee1ddd70c204.txt,CSS10_es_ES_fy_separate_735:2,6.0,1,1.0,1.0,4.0,CSS10_es_ES_fy_separate,es,separate,735,0.3556332899614416,True,0.5730941831612225
1238,1355,s.8658c316-8a6a-43c3-a7a3-2fffa6e47a6b.txt,CSS10_es_ES_fy_separate_735:2,32.0,1,1.0,2.0,4.0,CSS10_es_ES_fy_separate,es,separate,735,0.3556332899614416,True,0.5730941831612225
1239,1356,s.f757fc9a-76b9-4ab3-8c94-806c573e0935.txt,CSS10_es_ES_fy_separate_735:2,10.0,1,1.0,1.0,4.0,CSS10_es_ES_fy_separate,es,separate,735,0.3556332899614416,True,0.5730941831612225
1240,1357,s.7d156be6-6112-44c8-827d-40b30d9658f8.txt,CSS10_es_ES_fy_separate_735:2,33.0,1,1.0,2.0,4.0,CSS10_es_ES_fy_separate,es,separate,735,0.3556332899614416,True,0.5730941831612225
1241,1358,s.5b40ec02-1691-4f5e-a44c-d44867940208.txt,CSS10_es_ES_fy_separate_735:2,16.0,1,2.0,2.0,4.0,CSS10_es_ES_fy_separate,es,separate,735,0.3556332899614416,True,0.5730941831612225
1242,1359,s.bd990f70-22b2-4371-a2c7-6242411963b9.txt,CSS10_es_ES_fy_separate_735:2,32.0,1,1.0,2.0,4.0,CSS10_es_ES_fy_separate,es,separate,735,0.3556332899614416,True,0.5730941831612225
1243,1360,s.2728eaca-9a5c-4a5b-9cd8-8c028d97942a.txt,CSS10_es_ES_fy_separate_735:2,6.0,1,1.0,1.0,4.0,CSS10_es_ES_fy_separate,es,separate,735,0.3556332899614416,True,0.5730941831612225
1244,1361,s.0a52336a-1071-417a-9a6a-4606608bbc1a.txt,CSS10_es_ES_fy_separate_735:2,2.0,1,1.0,1.0,4.0,CSS10_es_ES_fy_separate,es,separate,735,0.3556332899614416,True,0.5730941831612225
1245,1362,s.b1f494c8-3ea3-4026-bf92-51954977bd0d.txt,CSS10_es_ES_fy_separate_735:2,1.0,2,1.0,2.0,4.0,CSS10_es_ES_fy_separate,es,separate,735,0.3556332899614416,True,0.5730941831612225
1246,1363,s.58cbaf77-01de-4975-a03b-0eda814a83d0.txt,CSS10_es_ES_fy_separate_735:2,21.0,2,1.0,3.0,4.0,CSS10_es_ES_fy_separate,es,separate,735,0.3556332899614416,True,0.5730941831612225
1247,1364,s.f5e44bc4-3e72-49c0-9e30-1974c094487f.txt,CSS10_es_ES_fy_separate_735:2,75.0,2,3.0,2.0,4.0,CSS10_es_ES_fy_separate,es,separate,735,0.3556332899614416,True,0.5730941831612225
1248,1365,s.78003836-2d42-4c8c-af30-73df9fadcc52.txt,CSS10_fr_FR_fy_mapped_735:2,41.0,1,3.0,2.0,4.0,CSS10_fr_FR_fy_mapped,fr,mapped,735,0.3858417708035707,True,0.6227448710197601
1249,1366,s.7e33ad89-662d-48ae-999d-e2f39b8d3b69.txt,CSS10_fr_FR_fy_mapped_735:2,20.0,1,1.0,3.0,4.0,CSS10_fr_FR_fy_mapped,fr,mapped,735,0.3858417708035707,True,0.6227448710197601
1250,1367,s.dab92e23-1dea-459a-829e-ee1ddd70c204.txt,CSS10_fr_FR_fy_mapped_735:2,16.0,1,1.0,1.0,4.0,CSS10_fr_FR_fy_mapped,fr,mapped,735,0.3858417708035707,True,0.6227448710197601
1251,1368,s.8658c316-8a6a-43c3-a7a3-2fffa6e47a6b.txt,CSS10_fr_FR_fy_mapped_735:2,29.0,1,1.0,2.0,4.0,CSS10_fr_FR_fy_mapped,fr,mapped,735,0.3858417708035707,True,0.6227448710197601
1252,1369,s.f757fc9a-76b9-4ab3-8c94-806c573e0935.txt,CSS10_fr_FR_fy_mapped_735:2,50.0,1,1.0,1.0,4.0,CSS10_fr_FR_fy_mapped,fr,mapped,735,0.3858417708035707,True,0.6227448710197601
1253,1370,s.7d156be6-6112-44c8-827d-40b30d9658f8.txt,CSS10_fr_FR_fy_mapped_735:2,95.0,1,1.0,2.0,4.0,CSS10_fr_FR_fy_mapped,fr,mapped,735,0.3858417708035707,True,0.6227448710197601
1254,1371,s.5b40ec02-1691-4f5e-a44c-d44867940208.txt,CSS10_fr_FR_fy_mapped_735:2,29.0,1,2.0,2.0,4.0,CSS10_fr_FR_fy_mapped,fr,mapped,735,0.3858417708035707,True,0.6227448710197601
1255,1372,s.bd990f70-22b2-4371-a2c7-6242411963b9.txt,CSS10_fr_FR_fy_mapped_735:2,82.0,1,1.0,2.0,4.0,CSS10_fr_FR_fy_mapped,fr,mapped,735,0.3858417708035707,True,0.6227448710197601
1256,1373,s.2728eaca-9a5c-4a5b-9cd8-8c028d97942a.txt,CSS10_fr_FR_fy_mapped_735:2,1.0,1,1.0,1.0,4.0,CSS10_fr_FR_fy_mapped,fr,mapped,735,0.3858417708035707,True,0.6227448710197601
1257,1374,s.0a52336a-1071-417a-9a6a-4606608bbc1a.txt,CSS10_fr_FR_fy_mapped_735:2,17.0,1,1.0,1.0,4.0,CSS10_fr_FR_fy_mapped,fr,mapped,735,0.3858417708035707,True,0.6227448710197601
1258,1375,s.b1f494c8-3ea3-4026-bf92-51954977bd0d.txt,CSS10_fr_FR_fy_mapped_735:2,76.0,2,1.0,2.0,4.0,CSS10_fr_FR_fy_mapped,fr,mapped,735,0.3858417708035707,True,0.6227448710197601
1259,1376,s.58cbaf77-01de-4975-a03b-0eda814a83d0.txt,CSS10_fr_FR_fy_mapped_735:2,85.0,2,1.0,3.0,4.0,CSS10_fr_FR_fy_mapped,fr,mapped,735,0.3858417708035707,True,0.6227448710197601
1260,1377,s.f5e44bc4-3e72-49c0-9e30-1974c094487f.txt,CSS10_fr_FR_fy_mapped_735:2,86.0,2,3.0,2.0,4.0,CSS10_fr_FR_fy_mapped,fr,mapped,735,0.3858417708035707,True,0.6227448710197601
1261,1378,s.78003836-2d42-4c8c-af30-73df9fadcc52.txt,CSS10_fr_FR_fy_separate_735:2,34.0,1,3.0,2.0,4.0,CSS10_fr_FR_fy_separate,fr,separate,735,0.3858417708035707,True,0.6227448710197601
1262,1379,s.7e33ad89-662d-48ae-999d-e2f39b8d3b69.txt,CSS10_fr_FR_fy_separate_735:2,5.0,1,1.0,3.0,4.0,CSS10_fr_FR_fy_separate,fr,separate,735,0.3858417708035707,True,0.6227448710197601
1263,1380,s.dab92e23-1dea-459a-829e-ee1ddd70c204.txt,CSS10_fr_FR_fy_separate_735:2,3.0,1,1.0,1.0,4.0,CSS10_fr_FR_fy_separate,fr,separate,735,0.3858417708035707,True,0.6227448710197601
1264,1381,s.8658c316-8a6a-43c3-a7a3-2fffa6e47a6b.txt,CSS10_fr_FR_fy_separate_735:2,7.0,1,1.0,2.0,4.0,CSS10_fr_FR_fy_separate,fr,separate,735,0.3858417708035707,True,0.6227448710197601
1265,1382,s.f757fc9a-76b9-4ab3-8c94-806c573e0935.txt,CSS10_fr_FR_fy_separate_735:2,10.0,1,1.0,1.0,4.0,CSS10_fr_FR_fy_separate,fr,separate,735,0.3858417708035707,True,0.6227448710197601
1266,1383,s.7d156be6-6112-44c8-827d-40b30d9658f8.txt,CSS10_fr_FR_fy_separate_735:2,10.0,1,1.0,2.0,4.0,CSS10_fr_FR_fy_separate,fr,separate,735,0.3858417708035707,True,0.6227448710197601
1267,1384,s.5b40ec02-1691-4f5e-a44c-d44867940208.txt,CSS10_fr_FR_fy_separate_735:2,15.0,1,2.0,2.0,4.0,CSS10_fr_FR_fy_separate,fr,separate,735,0.3858417708035707,True,0.6227448710197601
1268,1385,s.bd990f70-22b2-4371-a2c7-6242411963b9.txt,CSS10_fr_FR_fy_separate_735:2,48.0,1,1.0,2.0,4.0,CSS10_fr_FR_fy_separate,fr,separate,735,0.3858417708035707,True,0.6227448710197601
1269,1386,s.2728eaca-9a5c-4a5b-9cd8-8c028d97942a.txt,CSS10_fr_FR_fy_separate_735:2,0.0,1,1.0,1.0,4.0,CSS10_fr_FR_fy_separate,fr,separate,735,0.3858417708035707,True,0.6227448710197601
1270,1387,s.0a52336a-1071-417a-9a6a-4606608bbc1a.txt,CSS10_fr_FR_fy_separate_735:2,3.0,1,1.0,1.0,4.0,CSS10_fr_FR_fy_separate,fr,separate,735,0.3858417708035707,True,0.6227448710197601
1271,1388,s.b1f494c8-3ea3-4026-bf92-51954977bd0d.txt,CSS10_fr_FR_fy_separate_735:2,11.0,2,1.0,2.0,4.0,CSS10_fr_FR_fy_separate,fr,separate,735,0.3858417708035707,True,0.6227448710197601
1272,1389,s.58cbaf77-01de-4975-a03b-0eda814a83d0.txt,CSS10_fr_FR_fy_separate_735:2,13.0,2,1.0,3.0,4.0,CSS10_fr_FR_fy_separate,fr,separate,735,0.3858417708035707,True,0.6227448710197601
1273,1390,s.f5e44bc4-3e72-49c0-9e30-1974c094487f.txt,CSS10_fr_FR_fy_separate_735:2,74.0,2,3.0,2.0,4.0,CSS10_fr_FR_fy_separate,fr,separate,735,0.3858417708035707,True,0.6227448710197601
1274,1391,s.78003836-2d42-4c8c-af30-73df9fadcc52.txt,CSS10_ja_fy_mapped_735:2,45.0,1,3.0,2.0,4.0,CSS10_ja_fy_mapped,ja,mapped,735,0.3376253301286601,False,0.5208452564895405
1275,1392,s.7e33ad89-662d-48ae-999d-e2f39b8d3b69.txt,CSS10_ja_fy_mapped_735:2,10.0,1,1.0,3.0,4.0,CSS10_ja_fy_mapped,ja,mapped,735,0.3376253301286601,False,0.5208452564895405
1276,1393,s.dab92e23-1dea-459a-829e-ee1ddd70c204.txt,CSS10_ja_fy_mapped_735:2,8.0,1,1.0,1.0,4.0,CSS10_ja_fy_mapped,ja,mapped,735,0.3376253301286601,False,0.5208452564895405
1277,1394,s.8658c316-8a6a-43c3-a7a3-2fffa6e47a6b.txt,CSS10_ja_fy_mapped_735:2,14.0,1,1.0,2.0,4.0,CSS10_ja_fy_mapped,ja,mapped,735,0.3376253301286601,False,0.5208452564895405
1278,1395,s.f757fc9a-76b9-4ab3-8c94-806c573e0935.txt,CSS10_ja_fy_mapped_735:2,10.0,1,1.0,1.0,4.0,CSS10_ja_fy_mapped,ja,mapped,735,0.3376253301286601,False,0.5208452564895405
1279,1396,s.7d156be6-6112-44c8-827d-40b30d9658f8.txt,CSS10_ja_fy_mapped_735:2,47.0,1,1.0,2.0,4.0,CSS10_ja_fy_mapped,ja,mapped,735,0.3376253301286601,False,0.5208452564895405
1280,1397,s.5b40ec02-1691-4f5e-a44c-d44867940208.txt,CSS10_ja_fy_mapped_735:2,17.0,1,2.0,2.0,4.0,CSS10_ja_fy_mapped,ja,mapped,735,0.3376253301286601,False,0.5208452564895405
1281,1398,s.bd990f70-22b2-4371-a2c7-6242411963b9.txt,CSS10_ja_fy_mapped_735:2,66.0,1,1.0,2.0,4.0,CSS10_ja_fy_mapped,ja,mapped,735,0.3376253301286601,False,0.5208452564895405
1282,1399,s.2728eaca-9a5c-4a5b-9cd8-8c028d97942a.txt,CSS10_ja_fy_mapped_735:2,0.0,1,1.0,1.0,4.0,CSS10_ja_fy_mapped,ja,mapped,735,0.3376253301286601,False,0.5208452564895405
1283,1400,s.0a52336a-1071-417a-9a6a-4606608bbc1a.txt,CSS10_ja_fy_mapped_735:2,2.0,1,1.0,1.0,4.0,CSS10_ja_fy_mapped,ja,mapped,735,0.3376253301286601,False,0.5208452564895405
1284,1401,s.b1f494c8-3ea3-4026-bf92-51954977bd0d.txt,CSS10_ja_fy_mapped_735:2,20.0,2,1.0,2.0,4.0,CSS10_ja_fy_mapped,ja,mapped,735,0.3376253301286601,False,0.5208452564895405
1285,1402,s.58cbaf77-01de-4975-a03b-0eda814a83d0.txt,CSS10_ja_fy_mapped_735:2,91.0,2,1.0,3.0,4.0,CSS10_ja_fy_mapped,ja,mapped,735,0.3376253301286601,False,0.5208452564895405
1286,1403,s.f5e44bc4-3e72-49c0-9e30-1974c094487f.txt,CSS10_ja_fy_mapped_735:2,85.0,2,3.0,2.0,4.0,CSS10_ja_fy_mapped,ja,mapped,735,0.3376253301286601,False,0.5208452564895405
1287,1404,s.78003836-2d42-4c8c-af30-73df9fadcc52.txt,CSS10_ja_fy_separate_735:2,6.0,1,3.0,2.0,4.0,CSS10_ja_fy_separate,ja,separate,735,0.3376253301286601,False,0.5208452564895405
1288,1405,s.7e33ad89-662d-48ae-999d-e2f39b8d3b69.txt,CSS10_ja_fy_separate_735:2,5.0,1,1.0,3.0,4.0,CSS10_ja_fy_separate,ja,separate,735,0.3376253301286601,False,0.5208452564895405
1289,1406,s.dab92e23-1dea-459a-829e-ee1ddd70c204.txt,CSS10_ja_fy_separate_735:2,6.0,1,1.0,1.0,4.0,CSS10_ja_fy_separate,ja,separate,735,0.3376253301286601,False,0.5208452564895405
1290,1407,s.8658c316-8a6a-43c3-a7a3-2fffa6e47a6b.txt,CSS10_ja_fy_separate_735:2,7.0,1,1.0,2.0,4.0,CSS10_ja_fy_separate,ja,separate,735,0.3376253301286601,False,0.5208452564895405
1291,1408,s.f757fc9a-76b9-4ab3-8c94-806c573e0935.txt,CSS10_ja_fy_separate_735:2,3.0,1,1.0,1.0,4.0,CSS10_ja_fy_separate,ja,separate,735,0.3376253301286601,False,0.5208452564895405
1292,1409,s.7d156be6-6112-44c8-827d-40b30d9658f8.txt,CSS10_ja_fy_separate_735:2,58.0,1,1.0,2.0,4.0,CSS10_ja_fy_separate,ja,separate,735,0.3376253301286601,False,0.5208452564895405
1293,1410,s.5b40ec02-1691-4f5e-a44c-d44867940208.txt,CSS10_ja_fy_separate_735:2,18.0,1,2.0,2.0,4.0,CSS10_ja_fy_separate,ja,separate,735,0.3376253301286601,False,0.5208452564895405
1294,1411,s.bd990f70-22b2-4371-a2c7-6242411963b9.txt,CSS10_ja_fy_separate_735:2,44.0,1,1.0,2.0,4.0,CSS10_ja_fy_separate,ja,separate,735,0.3376253301286601,False,0.5208452564895405
1295,1412,s.2728eaca-9a5c-4a5b-9cd8-8c028d97942a.txt,CSS10_ja_fy_separate_735:2,34.0,1,1.0,1.0,4.0,CSS10_ja_fy_separate,ja,separate,735,0.3376253301286601,False,0.5208452564895405
1296,1413,s.0a52336a-1071-417a-9a6a-4606608bbc1a.txt,CSS10_ja_fy_separate_735:2,3.0,1,1.0,1.0,4.0,CSS10_ja_fy_separate,ja,separate,735,0.3376253301286601,False,0.5208452564895405
1297,1414,s.b1f494c8-3ea3-4026-bf92-51954977bd0d.txt,CSS10_ja_fy_separate_735:2,26.0,2,1.0,2.0,4.0,CSS10_ja_fy_separate,ja,separate,735,0.3376253301286601,False,0.5208452564895405
1298,1415,s.58cbaf77-01de-4975-a03b-0eda814a83d0.txt,CSS10_ja_fy_separate_735:2,60.0,2,1.0,3.0,4.0,CSS10_ja_fy_separate,ja,separate,735,0.3376253301286601,False,0.5208452564895405
1299,1416,s.f5e44bc4-3e72-49c0-9e30-1974c094487f.txt,CSS10_ja_fy_separate_735:2,84.0,2,3.0,2.0,4.0,CSS10_ja_fy_separate,ja,separate,735,0.3376253301286601,False,0.5208452564895405
1300,1430,s.78003836-2d42-4c8c-af30-73df9fadcc52.txt,CSS10_nl_fy_mapped_543:2,68.0,1,3.0,2.0,4.0,CSS10_nl_fy_mapped,nl,mapped,543,0.7360212295121642,True,0.7935283247704252
1301,1431,s.7e33ad89-662d-48ae-999d-e2f39b8d3b69.txt,CSS10_nl_fy_mapped_543:2,65.0,1,1.0,3.0,4.0,CSS10_nl_fy_mapped,nl,mapped,543,0.7360212295121642,True,0.7935283247704252
1302,1432,s.dab92e23-1dea-459a-829e-ee1ddd70c204.txt,CSS10_nl_fy_mapped_543:2,80.0,1,1.0,1.0,4.0,CSS10_nl_fy_mapped,nl,mapped,543,0.7360212295121642,True,0.7935283247704252
1303,1433,s.8658c316-8a6a-43c3-a7a3-2fffa6e47a6b.txt,CSS10_nl_fy_mapped_543:2,89.0,1,1.0,2.0,4.0,CSS10_nl_fy_mapped,nl,mapped,543,0.7360212295121642,True,0.7935283247704252
1304,1434,s.f757fc9a-76b9-4ab3-8c94-806c573e0935.txt,CSS10_nl_fy_mapped_543:2,50.0,1,1.0,1.0,4.0,CSS10_nl_fy_mapped,nl,mapped,543,0.7360212295121642,True,0.7935283247704252
1305,1435,s.7d156be6-6112-44c8-827d-40b30d9658f8.txt,CSS10_nl_fy_mapped_543:2,95.0,1,1.0,2.0,4.0,CSS10_nl_fy_mapped,nl,mapped,543,0.7360212295121642,True,0.7935283247704252
1306,1436,s.5b40ec02-1691-4f5e-a44c-d44867940208.txt,CSS10_nl_fy_mapped_543:2,72.0,1,2.0,2.0,4.0,CSS10_nl_fy_mapped,nl,mapped,543,0.7360212295121642,True,0.7935283247704252
1307,1437,s.bd990f70-22b2-4371-a2c7-6242411963b9.txt,CSS10_nl_fy_mapped_543:2,100.0,1,1.0,2.0,4.0,CSS10_nl_fy_mapped,nl,mapped,543,0.7360212295121642,True,0.7935283247704252
1308,1438,s.2728eaca-9a5c-4a5b-9cd8-8c028d97942a.txt,CSS10_nl_fy_mapped_543:2,72.0,1,1.0,1.0,4.0,CSS10_nl_fy_mapped,nl,mapped,543,0.7360212295121642,True,0.7935283247704252
1309,1439,s.0a52336a-1071-417a-9a6a-4606608bbc1a.txt,CSS10_nl_fy_mapped_543:2,71.0,1,1.0,1.0,4.0,CSS10_nl_fy_mapped,nl,mapped,543,0.7360212295121642,True,0.7935283247704252
1310,1440,s.b1f494c8-3ea3-4026-bf92-51954977bd0d.txt,CSS10_nl_fy_mapped_543:2,100.0,2,1.0,2.0,4.0,CSS10_nl_fy_mapped,nl,mapped,543,0.7360212295121642,True,0.7935283247704252
1311,1441,s.58cbaf77-01de-4975-a03b-0eda814a83d0.txt,CSS10_nl_fy_mapped_543:2,100.0,2,1.0,3.0,4.0,CSS10_nl_fy_mapped,nl,mapped,543,0.7360212295121642,True,0.7935283247704252
1312,1442,s.f5e44bc4-3e72-49c0-9e30-1974c094487f.txt,CSS10_nl_fy_mapped_543:2,81.0,2,3.0,2.0,4.0,CSS10_nl_fy_mapped,nl,mapped,543,0.7360212295121642,True,0.7935283247704252
1313,1443,s.78003836-2d42-4c8c-af30-73df9fadcc52.txt,CSS10_nl_fy_separate_543:2,54.0,1,3.0,2.0,4.0,CSS10_nl_fy_separate,nl,separate,543,0.7360212295121642,True,0.7935283247704252
1314,1444,s.7e33ad89-662d-48ae-999d-e2f39b8d3b69.txt,CSS10_nl_fy_separate_543:2,35.0,1,1.0,3.0,4.0,CSS10_nl_fy_separate,nl,separate,543,0.7360212295121642,True,0.7935283247704252
1315,1445,s.dab92e23-1dea-459a-829e-ee1ddd70c204.txt,CSS10_nl_fy_separate_543:2,49.0,1,1.0,1.0,4.0,CSS10_nl_fy_separate,nl,separate,543,0.7360212295121642,True,0.7935283247704252
1316,1446,s.8658c316-8a6a-43c3-a7a3-2fffa6e47a6b.txt,CSS10_nl_fy_separate_543:2,75.0,1,1.0,2.0,4.0,CSS10_nl_fy_separate,nl,separate,543,0.7360212295121642,True,0.7935283247704252
1317,1447,s.f757fc9a-76b9-4ab3-8c94-806c573e0935.txt,CSS10_nl_fy_separate_543:2,10.0,1,1.0,1.0,4.0,CSS10_nl_fy_separate,nl,separate,543,0.7360212295121642,True,0.7935283247704252
1318,1448,s.7d156be6-6112-44c8-827d-40b30d9658f8.txt,CSS10_nl_fy_separate_543:2,94.0,1,1.0,2.0,4.0,CSS10_nl_fy_separate,nl,separate,543,0.7360212295121642,True,0.7935283247704252
1319,1449,s.5b40ec02-1691-4f5e-a44c-d44867940208.txt,CSS10_nl_fy_separate_543:2,24.0,1,2.0,2.0,4.0,CSS10_nl_fy_separate,nl,separate,543,0.7360212295121642,True,0.7935283247704252
1320,1450,s.bd990f70-22b2-4371-a2c7-6242411963b9.txt,CSS10_nl_fy_separate_543:2,94.0,1,1.0,2.0,4.0,CSS10_nl_fy_separate,nl,separate,543,0.7360212295121642,True,0.7935283247704252
1321,1451,s.2728eaca-9a5c-4a5b-9cd8-8c028d97942a.txt,CSS10_nl_fy_separate_543:2,56.0,1,1.0,1.0,4.0,CSS10_nl_fy_separate,nl,separate,543,0.7360212295121642,True,0.7935283247704252
1322,1452,s.0a52336a-1071-417a-9a6a-4606608bbc1a.txt,CSS10_nl_fy_separate_543:2,16.0,1,1.0,1.0,4.0,CSS10_nl_fy_separate,nl,separate,543,0.7360212295121642,True,0.7935283247704252
1323,1453,s.b1f494c8-3ea3-4026-bf92-51954977bd0d.txt,CSS10_nl_fy_separate_543:2,64.0,2,1.0,2.0,4.0,CSS10_nl_fy_separate,nl,separate,543,0.7360212295121642,True,0.7935283247704252
1324,1454,s.58cbaf77-01de-4975-a03b-0eda814a83d0.txt,CSS10_nl_fy_separate_543:2,80.0,2,1.0,3.0,4.0,CSS10_nl_fy_separate,nl,separate,543,0.7360212295121642,True,0.7935283247704252
1325,1455,s.f5e44bc4-3e72-49c0-9e30-1974c094487f.txt,CSS10_nl_fy_separate_543:2,93.0,2,3.0,2.0,4.0,CSS10_nl_fy_separate,nl,separate,543,0.7360212295121642,True,0.7935283247704252
1326,1456,s.78003836-2d42-4c8c-af30-73df9fadcc52.txt,CSS10_fi_fy_mapped_543:2,71.0,1,3.0,2.0,4.0,CSS10_fi_fy_mapped,fi,mapped,543,0.4712875776700755,False,0.5775677331823483
1327,1457,s.7e33ad89-662d-48ae-999d-e2f39b8d3b69.txt,CSS10_fi_fy_mapped_543:2,65.0,1,1.0,3.0,4.0,CSS10_fi_fy_mapped,fi,mapped,543,0.4712875776700755,False,0.5775677331823483
1328,1458,s.dab92e23-1dea-459a-829e-ee1ddd70c204.txt,CSS10_fi_fy_mapped_543:2,64.0,1,1.0,1.0,4.0,CSS10_fi_fy_mapped,fi,mapped,543,0.4712875776700755,False,0.5775677331823483
1329,1459,s.8658c316-8a6a-43c3-a7a3-2fffa6e47a6b.txt,CSS10_fi_fy_mapped_543:2,90.0,1,1.0,2.0,4.0,CSS10_fi_fy_mapped,fi,mapped,543,0.4712875776700755,False,0.5775677331823483
1330,1460,s.f757fc9a-76b9-4ab3-8c94-806c573e0935.txt,CSS10_fi_fy_mapped_543:2,100.0,1,1.0,1.0,4.0,CSS10_fi_fy_mapped,fi,mapped,543,0.4712875776700755,False,0.5775677331823483
1331,1461,s.7d156be6-6112-44c8-827d-40b30d9658f8.txt,CSS10_fi_fy_mapped_543:2,96.0,1,1.0,2.0,4.0,CSS10_fi_fy_mapped,fi,mapped,543,0.4712875776700755,False,0.5775677331823483
1332,1462,s.5b40ec02-1691-4f5e-a44c-d44867940208.txt,CSS10_fi_fy_mapped_543:2,66.0,1,2.0,2.0,4.0,CSS10_fi_fy_mapped,fi,mapped,543,0.4712875776700755,False,0.5775677331823483
1333,1463,s.bd990f70-22b2-4371-a2c7-6242411963b9.txt,CSS10_fi_fy_mapped_543:2,100.0,1,1.0,2.0,4.0,CSS10_fi_fy_mapped,fi,mapped,543,0.4712875776700755,False,0.5775677331823483
1334,1464,s.2728eaca-9a5c-4a5b-9cd8-8c028d97942a.txt,CSS10_fi_fy_mapped_543:2,97.0,1,1.0,1.0,4.0,CSS10_fi_fy_mapped,fi,mapped,543,0.4712875776700755,False,0.5775677331823483
1335,1465,s.0a52336a-1071-417a-9a6a-4606608bbc1a.txt,CSS10_fi_fy_mapped_543:2,33.0,1,1.0,1.0,4.0,CSS10_fi_fy_mapped,fi,mapped,543,0.4712875776700755,False,0.5775677331823483
1336,1466,s.b1f494c8-3ea3-4026-bf92-51954977bd0d.txt,CSS10_fi_fy_mapped_543:2,100.0,2,1.0,2.0,4.0,CSS10_fi_fy_mapped,fi,mapped,543,0.4712875776700755,False,0.5775677331823483
1337,1467,s.58cbaf77-01de-4975-a03b-0eda814a83d0.txt,CSS10_fi_fy_mapped_543:2,93.0,2,1.0,3.0,4.0,CSS10_fi_fy_mapped,fi,mapped,543,0.4712875776700755,False,0.5775677331823483
1338,1468,s.f5e44bc4-3e72-49c0-9e30-1974c094487f.txt,CSS10_fi_fy_mapped_543:2,90.0,2,3.0,2.0,4.0,CSS10_fi_fy_mapped,fi,mapped,543,0.4712875776700755,False,0.5775677331823483
1339,1469,s.78003836-2d42-4c8c-af30-73df9fadcc52.txt,CSS10_fi_fy_separate_543:2,79.0,1,3.0,2.0,4.0,CSS10_fi_fy_separate,fi,separate,543,0.4712875776700755,False,0.5775677331823483
1340,1470,s.7e33ad89-662d-48ae-999d-e2f39b8d3b69.txt,CSS10_fi_fy_separate_543:2,65.0,1,1.0,3.0,4.0,CSS10_fi_fy_separate,fi,separate,543,0.4712875776700755,False,0.5775677331823483
1341,1471,s.dab92e23-1dea-459a-829e-ee1ddd70c204.txt,CSS10_fi_fy_separate_543:2,66.0,1,1.0,1.0,4.0,CSS10_fi_fy_separate,fi,separate,543,0.4712875776700755,False,0.5775677331823483
1342,1472,s.8658c316-8a6a-43c3-a7a3-2fffa6e47a6b.txt,CSS10_fi_fy_separate_543:2,41.0,1,1.0,2.0,4.0,CSS10_fi_fy_separate,fi,separate,543,0.4712875776700755,False,0.5775677331823483
1343,1473,s.f757fc9a-76b9-4ab3-8c94-806c573e0935.txt,CSS10_fi_fy_separate_543:2,50.0,1,1.0,1.0,4.0,CSS10_fi_fy_separate,fi,separate,543,0.4712875776700755,False,0.5775677331823483
1344,1474,s.7d156be6-6112-44c8-827d-40b30d9658f8.txt,CSS10_fi_fy_separate_543:2,97.0,1,1.0,2.0,4.0,CSS10_fi_fy_separate,fi,separate,543,0.4712875776700755,False,0.5775677331823483
1345,1475,s.5b40ec02-1691-4f5e-a44c-d44867940208.txt,CSS10_fi_fy_separate_543:2,36.0,1,2.0,2.0,4.0,CSS10_fi_fy_separate,fi,separate,543,0.4712875776700755,False,0.5775677331823483
1346,1476,s.bd990f70-22b2-4371-a2c7-6242411963b9.txt,CSS10_fi_fy_separate_543:2,100.0,1,1.0,2.0,4.0,CSS10_fi_fy_separate,fi,separate,543,0.4712875776700755,False,0.5775677331823483
1347,1477,s.2728eaca-9a5c-4a5b-9cd8-8c028d97942a.txt,CSS10_fi_fy_separate_543:2,47.0,1,1.0,1.0,4.0,CSS10_fi_fy_separate,fi,separate,543,0.4712875776700755,False,0.5775677331823483
1348,1478,s.0a52336a-1071-417a-9a6a-4606608bbc1a.txt,CSS10_fi_fy_separate_543:2,12.0,1,1.0,1.0,4.0,CSS10_fi_fy_separate,fi,separate,543,0.4712875776700755,False,0.5775677331823483
1349,1479,s.b1f494c8-3ea3-4026-bf92-51954977bd0d.txt,CSS10_fi_fy_separate_543:2,83.0,2,1.0,2.0,4.0,CSS10_fi_fy_separate,fi,separate,543,0.4712875776700755,False,0.5775677331823483
1350,1480,s.58cbaf77-01de-4975-a03b-0eda814a83d0.txt,CSS10_fi_fy_separate_543:2,87.0,2,1.0,3.0,4.0,CSS10_fi_fy_separate,fi,separate,543,0.4712875776700755,False,0.5775677331823483
1351,1481,s.f5e44bc4-3e72-49c0-9e30-1974c094487f.txt,CSS10_fi_fy_separate_543:2,90.0,2,3.0,2.0,4.0,CSS10_fi_fy_separate,fi,separate,543,0.4712875776700755,False,0.5775677331823483
1352,1482,s.78003836-2d42-4c8c-af30-73df9fadcc52.txt,CSS10_es_ES_fy_mapped_543:2,69.0,1,3.0,2.0,4.0,CSS10_es_ES_fy_mapped,es,mapped,543,0.3556332899614416,True,0.4676685269502924
1353,1483,s.7e33ad89-662d-48ae-999d-e2f39b8d3b69.txt,CSS10_es_ES_fy_mapped_543:2,70.0,1,1.0,3.0,4.0,CSS10_es_ES_fy_mapped,es,mapped,543,0.3556332899614416,True,0.4676685269502924
1354,1484,s.dab92e23-1dea-459a-829e-ee1ddd70c204.txt,CSS10_es_ES_fy_mapped_543:2,11.0,1,1.0,1.0,4.0,CSS10_es_ES_fy_mapped,es,mapped,543,0.3556332899614416,True,0.4676685269502924
1355,1485,s.8658c316-8a6a-43c3-a7a3-2fffa6e47a6b.txt,CSS10_es_ES_fy_mapped_543:2,87.0,1,1.0,2.0,4.0,CSS10_es_ES_fy_mapped,es,mapped,543,0.3556332899614416,True,0.4676685269502924
1356,1486,s.f757fc9a-76b9-4ab3-8c94-806c573e0935.txt,CSS10_es_ES_fy_mapped_543:2,25.0,1,1.0,1.0,4.0,CSS10_es_ES_fy_mapped,es,mapped,543,0.3556332899614416,True,0.4676685269502924
1357,1487,s.7d156be6-6112-44c8-827d-40b30d9658f8.txt,CSS10_es_ES_fy_mapped_543:2,91.0,1,1.0,2.0,4.0,CSS10_es_ES_fy_mapped,es,mapped,543,0.3556332899614416,True,0.4676685269502924
1358,1488,s.5b40ec02-1691-4f5e-a44c-d44867940208.txt,CSS10_es_ES_fy_mapped_543:2,53.0,1,2.0,2.0,4.0,CSS10_es_ES_fy_mapped,es,mapped,543,0.3556332899614416,True,0.4676685269502924
1359,1489,s.bd990f70-22b2-4371-a2c7-6242411963b9.txt,CSS10_es_ES_fy_mapped_543:2,95.0,1,1.0,2.0,4.0,CSS10_es_ES_fy_mapped,es,mapped,543,0.3556332899614416,True,0.4676685269502924
1360,1490,s.2728eaca-9a5c-4a5b-9cd8-8c028d97942a.txt,CSS10_es_ES_fy_mapped_543:2,42.0,1,1.0,1.0,4.0,CSS10_es_ES_fy_mapped,es,mapped,543,0.3556332899614416,True,0.4676685269502924
1361,1491,s.0a52336a-1071-417a-9a6a-4606608bbc1a.txt,CSS10_es_ES_fy_mapped_543:2,41.0,1,1.0,1.0,4.0,CSS10_es_ES_fy_mapped,es,mapped,543,0.3556332899614416,True,0.4676685269502924
1362,1492,s.b1f494c8-3ea3-4026-bf92-51954977bd0d.txt,CSS10_es_ES_fy_mapped_543:2,83.0,2,1.0,2.0,4.0,CSS10_es_ES_fy_mapped,es,mapped,543,0.3556332899614416,True,0.4676685269502924
1363,1493,s.58cbaf77-01de-4975-a03b-0eda814a83d0.txt,CSS10_es_ES_fy_mapped_543:2,73.0,2,1.0,3.0,4.0,CSS10_es_ES_fy_mapped,es,mapped,543,0.3556332899614416,True,0.4676685269502924
1364,1494,s.f5e44bc4-3e72-49c0-9e30-1974c094487f.txt,CSS10_es_ES_fy_mapped_543:2,93.0,2,3.0,2.0,4.0,CSS10_es_ES_fy_mapped,es,mapped,543,0.3556332899614416,True,0.4676685269502924
1365,1495,s.78003836-2d42-4c8c-af30-73df9fadcc52.txt,CSS10_es_ES_fy_separate_543:2,75.0,1,3.0,2.0,4.0,CSS10_es_ES_fy_separate,es,separate,543,0.3556332899614416,True,0.4676685269502924
1366,1496,s.7e33ad89-662d-48ae-999d-e2f39b8d3b69.txt,CSS10_es_ES_fy_separate_543:2,75.0,1,1.0,3.0,4.0,CSS10_es_ES_fy_separate,es,separate,543,0.3556332899614416,True,0.4676685269502924
1367,1497,s.dab92e23-1dea-459a-829e-ee1ddd70c204.txt,CSS10_es_ES_fy_separate_543:2,59.0,1,1.0,1.0,4.0,CSS10_es_ES_fy_separate,es,separate,543,0.3556332899614416,True,0.4676685269502924
1368,1498,s.8658c316-8a6a-43c3-a7a3-2fffa6e47a6b.txt,CSS10_es_ES_fy_separate_543:2,91.0,1,1.0,2.0,4.0,CSS10_es_ES_fy_separate,es,separate,543,0.3556332899614416,True,0.4676685269502924
1369,1499,s.f757fc9a-76b9-4ab3-8c94-806c573e0935.txt,CSS10_es_ES_fy_separate_543:2,50.0,1,1.0,1.0,4.0,CSS10_es_ES_fy_separate,es,separate,543,0.3556332899614416,True,0.4676685269502924
1370,1500,s.7d156be6-6112-44c8-827d-40b30d9658f8.txt,CSS10_es_ES_fy_separate_543:2,93.0,1,1.0,2.0,4.0,CSS10_es_ES_fy_separate,es,separate,543,0.3556332899614416,True,0.4676685269502924
1371,1501,s.5b40ec02-1691-4f5e-a44c-d44867940208.txt,CSS10_es_ES_fy_separate_543:2,63.0,1,2.0,2.0,4.0,CSS10_es_ES_fy_separate,es,separate,543,0.3556332899614416,True,0.4676685269502924
1372,1502,s.bd990f70-22b2-4371-a2c7-6242411963b9.txt,CSS10_es_ES_fy_separate_543:2,96.0,1,1.0,2.0,4.0,CSS10_es_ES_fy_separate,es,separate,543,0.3556332899614416,True,0.4676685269502924
1373,1503,s.2728eaca-9a5c-4a5b-9cd8-8c028d97942a.txt,CSS10_es_ES_fy_separate_543:2,35.0,1,1.0,1.0,4.0,CSS10_es_ES_fy_separate,es,separate,543,0.3556332899614416,True,0.4676685269502924
1374,1504,s.0a52336a-1071-417a-9a6a-4606608bbc1a.txt,CSS10_es_ES_fy_separate_543:2,55.0,1,1.0,1.0,4.0,CSS10_es_ES_fy_separate,es,separate,543,0.3556332899614416,True,0.4676685269502924
1375,1505,s.b1f494c8-3ea3-4026-bf92-51954977bd0d.txt,CSS10_es_ES_fy_separate_543:2,100.0,2,1.0,2.0,4.0,CSS10_es_ES_fy_separate,es,separate,543,0.3556332899614416,True,0.4676685269502924
1376,1506,s.58cbaf77-01de-4975-a03b-0eda814a83d0.txt,CSS10_es_ES_fy_separate_543:2,82.0,2,1.0,3.0,4.0,CSS10_es_ES_fy_separate,es,separate,543,0.3556332899614416,True,0.4676685269502924
1377,1507,s.f5e44bc4-3e72-49c0-9e30-1974c094487f.txt,CSS10_es_ES_fy_separate_543:2,89.0,2,3.0,2.0,4.0,CSS10_es_ES_fy_separate,es,separate,543,0.3556332899614416,True,0.4676685269502924
1378,1508,s.78003836-2d42-4c8c-af30-73df9fadcc52.txt,CSS10_fr_FR_fy_mapped_543:2,91.0,1,3.0,2.0,4.0,CSS10_fr_FR_fy_mapped,fr,mapped,543,0.3858417708035707,True,0.5098289948797593
1379,1509,s.7e33ad89-662d-48ae-999d-e2f39b8d3b69.txt,CSS10_fr_FR_fy_mapped_543:2,65.0,1,1.0,3.0,4.0,CSS10_fr_FR_fy_mapped,fr,mapped,543,0.3858417708035707,True,0.5098289948797593
1380,1510,s.dab92e23-1dea-459a-829e-ee1ddd70c204.txt,CSS10_fr_FR_fy_mapped_543:2,67.0,1,1.0,1.0,4.0,CSS10_fr_FR_fy_mapped,fr,mapped,543,0.3858417708035707,True,0.5098289948797593
1381,1511,s.8658c316-8a6a-43c3-a7a3-2fffa6e47a6b.txt,CSS10_fr_FR_fy_mapped_543:2,82.0,1,1.0,2.0,4.0,CSS10_fr_FR_fy_mapped,fr,mapped,543,0.3858417708035707,True,0.5098289948797593
1382,1512,s.f757fc9a-76b9-4ab3-8c94-806c573e0935.txt,CSS10_fr_FR_fy_mapped_543:2,100.0,1,1.0,1.0,4.0,CSS10_fr_FR_fy_mapped,fr,mapped,543,0.3858417708035707,True,0.5098289948797593
1383,1513,s.7d156be6-6112-44c8-827d-40b30d9658f8.txt,CSS10_fr_FR_fy_mapped_543:2,98.0,1,1.0,2.0,4.0,CSS10_fr_FR_fy_mapped,fr,mapped,543,0.3858417708035707,True,0.5098289948797593
1384,1514,s.5b40ec02-1691-4f5e-a44c-d44867940208.txt,CSS10_fr_FR_fy_mapped_543:2,74.0,1,2.0,2.0,4.0,CSS10_fr_FR_fy_mapped,fr,mapped,543,0.3858417708035707,True,0.5098289948797593
1385,1515,s.bd990f70-22b2-4371-a2c7-6242411963b9.txt,CSS10_fr_FR_fy_mapped_543:2,100.0,1,1.0,2.0,4.0,CSS10_fr_FR_fy_mapped,fr,mapped,543,0.3858417708035707,True,0.5098289948797593
1386,1516,s.2728eaca-9a5c-4a5b-9cd8-8c028d97942a.txt,CSS10_fr_FR_fy_mapped_543:2,75.0,1,1.0,1.0,4.0,CSS10_fr_FR_fy_mapped,fr,mapped,543,0.3858417708035707,True,0.5098289948797593
1387,1517,s.0a52336a-1071-417a-9a6a-4606608bbc1a.txt,CSS10_fr_FR_fy_mapped_543:2,46.0,1,1.0,1.0,4.0,CSS10_fr_FR_fy_mapped,fr,mapped,543,0.3858417708035707,True,0.5098289948797593
1388,1518,s.b1f494c8-3ea3-4026-bf92-51954977bd0d.txt,CSS10_fr_FR_fy_mapped_543:2,100.0,2,1.0,2.0,4.0,CSS10_fr_FR_fy_mapped,fr,mapped,543,0.3858417708035707,True,0.5098289948797593
1389,1519,s.58cbaf77-01de-4975-a03b-0eda814a83d0.txt,CSS10_fr_FR_fy_mapped_543:2,46.0,2,1.0,3.0,4.0,CSS10_fr_FR_fy_mapped,fr,mapped,543,0.3858417708035707,True,0.5098289948797593
1390,1520,s.f5e44bc4-3e72-49c0-9e30-1974c094487f.txt,CSS10_fr_FR_fy_mapped_543:2,87.0,2,3.0,2.0,4.0,CSS10_fr_FR_fy_mapped,fr,mapped,543,0.3858417708035707,True,0.5098289948797593
1391,1521,s.78003836-2d42-4c8c-af30-73df9fadcc52.txt,CSS10_fr_FR_fy_separate_543:2,77.0,1,3.0,2.0,4.0,CSS10_fr_FR_fy_separate,fr,separate,543,0.3858417708035707,True,0.5098289948797593
1392,1522,s.7e33ad89-662d-48ae-999d-e2f39b8d3b69.txt,CSS10_fr_FR_fy_separate_543:2,45.0,1,1.0,3.0,4.0,CSS10_fr_FR_fy_separate,fr,separate,543,0.3858417708035707,True,0.5098289948797593
1393,1523,s.dab92e23-1dea-459a-829e-ee1ddd70c204.txt,CSS10_fr_FR_fy_separate_543:2,48.0,1,1.0,1.0,4.0,CSS10_fr_FR_fy_separate,fr,separate,543,0.3858417708035707,True,0.5098289948797593
1394,1524,s.8658c316-8a6a-43c3-a7a3-2fffa6e47a6b.txt,CSS10_fr_FR_fy_separate_543:2,74.0,1,1.0,2.0,4.0,CSS10_fr_FR_fy_separate,fr,separate,543,0.3858417708035707,True,0.5098289948797593
1395,1525,s.f757fc9a-76b9-4ab3-8c94-806c573e0935.txt,CSS10_fr_FR_fy_separate_543:2,20.0,1,1.0,1.0,4.0,CSS10_fr_FR_fy_separate,fr,separate,543,0.3858417708035707,True,0.5098289948797593
1396,1526,s.7d156be6-6112-44c8-827d-40b30d9658f8.txt,CSS10_fr_FR_fy_separate_543:2,88.0,1,1.0,2.0,4.0,CSS10_fr_FR_fy_separate,fr,separate,543,0.3858417708035707,True,0.5098289948797593
1397,1527,s.5b40ec02-1691-4f5e-a44c-d44867940208.txt,CSS10_fr_FR_fy_separate_543:2,65.0,1,2.0,2.0,4.0,CSS10_fr_FR_fy_separate,fr,separate,543,0.3858417708035707,True,0.5098289948797593
1398,1528,s.bd990f70-22b2-4371-a2c7-6242411963b9.txt,CSS10_fr_FR_fy_separate_543:2,93.0,1,1.0,2.0,4.0,CSS10_fr_FR_fy_separate,fr,separate,543,0.3858417708035707,True,0.5098289948797593
1399,1529,s.2728eaca-9a5c-4a5b-9cd8-8c028d97942a.txt,CSS10_fr_FR_fy_separate_543:2,74.0,1,1.0,1.0,4.0,CSS10_fr_FR_fy_separate,fr,separate,543,0.3858417708035707,True,0.5098289948797593
1400,1530,s.0a52336a-1071-417a-9a6a-4606608bbc1a.txt,CSS10_fr_FR_fy_separate_543:2,23.0,1,1.0,1.0,4.0,CSS10_fr_FR_fy_separate,fr,separate,543,0.3858417708035707,True,0.5098289948797593
1401,1531,s.b1f494c8-3ea3-4026-bf92-51954977bd0d.txt,CSS10_fr_FR_fy_separate_543:2,61.0,2,1.0,2.0,4.0,CSS10_fr_FR_fy_separate,fr,separate,543,0.3858417708035707,True,0.5098289948797593
1402,1532,s.58cbaf77-01de-4975-a03b-0eda814a83d0.txt,CSS10_fr_FR_fy_separate_543:2,79.0,2,1.0,3.0,4.0,CSS10_fr_FR_fy_separate,fr,separate,543,0.3858417708035707,True,0.5098289948797593
1403,1533,s.f5e44bc4-3e72-49c0-9e30-1974c094487f.txt,CSS10_fr_FR_fy_separate_543:2,91.0,2,3.0,2.0,4.0,CSS10_fr_FR_fy_separate,fr,separate,543,0.3858417708035707,True,0.5098289948797593
1404,1534,s.78003836-2d42-4c8c-af30-73df9fadcc52.txt,CSS10_ja_fy_mapped_543:2,73.0,1,3.0,2.0,4.0,CSS10_ja_fy_mapped,ja,mapped,543,0.3376253301286601,False,0.404473750529483
1405,1535,s.7e33ad89-662d-48ae-999d-e2f39b8d3b69.txt,CSS10_ja_fy_mapped_543:2,50.0,1,1.0,3.0,4.0,CSS10_ja_fy_mapped,ja,mapped,543,0.3376253301286601,False,0.404473750529483
1406,1536,s.dab92e23-1dea-459a-829e-ee1ddd70c204.txt,CSS10_ja_fy_mapped_543:2,48.0,1,1.0,1.0,4.0,CSS10_ja_fy_mapped,ja,mapped,543,0.3376253301286601,False,0.404473750529483
1407,1537,s.8658c316-8a6a-43c3-a7a3-2fffa6e47a6b.txt,CSS10_ja_fy_mapped_543:2,79.0,1,1.0,2.0,4.0,CSS10_ja_fy_mapped,ja,mapped,543,0.3376253301286601,False,0.404473750529483
1408,1538,s.f757fc9a-76b9-4ab3-8c94-806c573e0935.txt,CSS10_ja_fy_mapped_543:2,10.0,1,1.0,1.0,4.0,CSS10_ja_fy_mapped,ja,mapped,543,0.3376253301286601,False,0.404473750529483
1409,1539,s.7d156be6-6112-44c8-827d-40b30d9658f8.txt,CSS10_ja_fy_mapped_543:2,94.0,1,1.0,2.0,4.0,CSS10_ja_fy_mapped,ja,mapped,543,0.3376253301286601,False,0.404473750529483
1410,1540,s.5b40ec02-1691-4f5e-a44c-d44867940208.txt,CSS10_ja_fy_mapped_543:2,62.0,1,2.0,2.0,4.0,CSS10_ja_fy_mapped,ja,mapped,543,0.3376253301286601,False,0.404473750529483
1411,1541,s.bd990f70-22b2-4371-a2c7-6242411963b9.txt,CSS10_ja_fy_mapped_543:2,100.0,1,1.0,2.0,4.0,CSS10_ja_fy_mapped,ja,mapped,543,0.3376253301286601,False,0.404473750529483
1412,1542,s.2728eaca-9a5c-4a5b-9cd8-8c028d97942a.txt,CSS10_ja_fy_mapped_543:2,38.0,1,1.0,1.0,4.0,CSS10_ja_fy_mapped,ja,mapped,543,0.3376253301286601,False,0.404473750529483
1413,1543,s.0a52336a-1071-417a-9a6a-4606608bbc1a.txt,CSS10_ja_fy_mapped_543:2,37.0,1,1.0,1.0,4.0,CSS10_ja_fy_mapped,ja,mapped,543,0.3376253301286601,False,0.404473750529483
1414,1544,s.b1f494c8-3ea3-4026-bf92-51954977bd0d.txt,CSS10_ja_fy_mapped_543:2,90.0,2,1.0,2.0,4.0,CSS10_ja_fy_mapped,ja,mapped,543,0.3376253301286601,False,0.404473750529483
1415,1545,s.58cbaf77-01de-4975-a03b-0eda814a83d0.txt,CSS10_ja_fy_mapped_543:2,68.0,2,1.0,3.0,4.0,CSS10_ja_fy_mapped,ja,mapped,543,0.3376253301286601,False,0.404473750529483
1416,1546,s.f5e44bc4-3e72-49c0-9e30-1974c094487f.txt,CSS10_ja_fy_mapped_543:2,89.0,2,3.0,2.0,4.0,CSS10_ja_fy_mapped,ja,mapped,543,0.3376253301286601,False,0.404473750529483
1417,1547,s.78003836-2d42-4c8c-af30-73df9fadcc52.txt,CSS10_ja_fy_separate_543:2,59.0,1,3.0,2.0,4.0,CSS10_ja_fy_separate,ja,separate,543,0.3376253301286601,False,0.404473750529483
1418,1548,s.7e33ad89-662d-48ae-999d-e2f39b8d3b69.txt,CSS10_ja_fy_separate_543:2,50.0,1,1.0,3.0,4.0,CSS10_ja_fy_separate,ja,separate,543,0.3376253301286601,False,0.404473750529483
1419,1549,s.dab92e23-1dea-459a-829e-ee1ddd70c204.txt,CSS10_ja_fy_separate_543:2,46.0,1,1.0,1.0,4.0,CSS10_ja_fy_separate,ja,separate,543,0.3376253301286601,False,0.404473750529483
1420,1550,s.8658c316-8a6a-43c3-a7a3-2fffa6e47a6b.txt,CSS10_ja_fy_separate_543:2,78.0,1,1.0,2.0,4.0,CSS10_ja_fy_separate,ja,separate,543,0.3376253301286601,False,0.404473750529483
1421,1551,s.f757fc9a-76b9-4ab3-8c94-806c573e0935.txt,CSS10_ja_fy_separate_543:2,25.0,1,1.0,1.0,4.0,CSS10_ja_fy_separate,ja,separate,543,0.3376253301286601,False,0.404473750529483
1422,1552,s.7d156be6-6112-44c8-827d-40b30d9658f8.txt,CSS10_ja_fy_separate_543:2,97.0,1,1.0,2.0,4.0,CSS10_ja_fy_separate,ja,separate,543,0.3376253301286601,False,0.404473750529483
1423,1553,s.5b40ec02-1691-4f5e-a44c-d44867940208.txt,CSS10_ja_fy_separate_543:2,22.0,1,2.0,2.0,4.0,CSS10_ja_fy_separate,ja,separate,543,0.3376253301286601,False,0.404473750529483
1424,1554,s.bd990f70-22b2-4371-a2c7-6242411963b9.txt,CSS10_ja_fy_separate_543:2,93.0,1,1.0,2.0,4.0,CSS10_ja_fy_separate,ja,separate,543,0.3376253301286601,False,0.404473750529483
1425,1555,s.2728eaca-9a5c-4a5b-9cd8-8c028d97942a.txt,CSS10_ja_fy_separate_543:2,40.0,1,1.0,1.0,4.0,CSS10_ja_fy_separate,ja,separate,543,0.3376253301286601,False,0.404473750529483
1426,1556,s.0a52336a-1071-417a-9a6a-4606608bbc1a.txt,CSS10_ja_fy_separate_543:2,68.0,1,1.0,1.0,4.0,CSS10_ja_fy_separate,ja,separate,543,0.3376253301286601,False,0.404473750529483
1427,1557,s.b1f494c8-3ea3-4026-bf92-51954977bd0d.txt,CSS10_ja_fy_separate_543:2,77.0,2,1.0,2.0,4.0,CSS10_ja_fy_separate,ja,separate,543,0.3376253301286601,False,0.404473750529483
1428,1558,s.58cbaf77-01de-4975-a03b-0eda814a83d0.txt,CSS10_ja_fy_separate_543:2,80.0,2,1.0,3.0,4.0,CSS10_ja_fy_separate,ja,separate,543,0.3376253301286601,False,0.404473750529483
1429,1559,s.f5e44bc4-3e72-49c0-9e30-1974c094487f.txt,CSS10_ja_fy_separate_543:2,77.0,2,3.0,2.0,4.0,CSS10_ja_fy_separate,ja,separate,543,0.3376253301286601,False,0.404473750529483
1430,1573,s.78003836-2d42-4c8c-af30-73df9fadcc52.txt,CSS10_nl_fy_mapped_374:2,14.0,1,3.0,2.0,4.0,CSS10_nl_fy_mapped,nl,mapped,374,0.7360212295121642,True,0.7902185213934253
1431,1574,s.7e33ad89-662d-48ae-999d-e2f39b8d3b69.txt,CSS10_nl_fy_mapped_374:2,45.0,1,1.0,3.0,4.0,CSS10_nl_fy_mapped,nl,mapped,374,0.7360212295121642,True,0.7902185213934253
1432,1575,s.dab92e23-1dea-459a-829e-ee1ddd70c204.txt,CSS10_nl_fy_mapped_374:2,6.0,1,1.0,1.0,4.0,CSS10_nl_fy_mapped,nl,mapped,374,0.7360212295121642,True,0.7902185213934253
1433,1576,s.8658c316-8a6a-43c3-a7a3-2fffa6e47a6b.txt,CSS10_nl_fy_mapped_374:2,47.0,1,1.0,2.0,4.0,CSS10_nl_fy_mapped,nl,mapped,374,0.7360212295121642,True,0.7902185213934253
1434,1577,s.f757fc9a-76b9-4ab3-8c94-806c573e0935.txt,CSS10_nl_fy_mapped_374:2,25.0,1,1.0,1.0,4.0,CSS10_nl_fy_mapped,nl,mapped,374,0.7360212295121642,True,0.7902185213934253
1435,1578,s.7d156be6-6112-44c8-827d-40b30d9658f8.txt,CSS10_nl_fy_mapped_374:2,13.0,1,1.0,2.0,4.0,CSS10_nl_fy_mapped,nl,mapped,374,0.7360212295121642,True,0.7902185213934253
1436,1579,s.5b40ec02-1691-4f5e-a44c-d44867940208.txt,CSS10_nl_fy_mapped_374:2,33.0,1,2.0,2.0,4.0,CSS10_nl_fy_mapped,nl,mapped,374,0.7360212295121642,True,0.7902185213934253
1437,1580,s.bd990f70-22b2-4371-a2c7-6242411963b9.txt,CSS10_nl_fy_mapped_374:2,45.0,1,1.0,2.0,4.0,CSS10_nl_fy_mapped,nl,mapped,374,0.7360212295121642,True,0.7902185213934253
1438,1581,s.2728eaca-9a5c-4a5b-9cd8-8c028d97942a.txt,CSS10_nl_fy_mapped_374:2,9.0,1,1.0,1.0,4.0,CSS10_nl_fy_mapped,nl,mapped,374,0.7360212295121642,True,0.7902185213934253
1439,1582,s.0a52336a-1071-417a-9a6a-4606608bbc1a.txt,CSS10_nl_fy_mapped_374:2,35.0,1,1.0,1.0,4.0,CSS10_nl_fy_mapped,nl,mapped,374,0.7360212295121642,True,0.7902185213934253
1440,1583,s.b1f494c8-3ea3-4026-bf92-51954977bd0d.txt,CSS10_nl_fy_mapped_374:2,90.0,2,1.0,2.0,4.0,CSS10_nl_fy_mapped,nl,mapped,374,0.7360212295121642,True,0.7902185213934253
1441,1584,s.58cbaf77-01de-4975-a03b-0eda814a83d0.txt,CSS10_nl_fy_mapped_374:2,23.0,2,1.0,3.0,4.0,CSS10_nl_fy_mapped,nl,mapped,374,0.7360212295121642,True,0.7902185213934253
1442,1585,s.f5e44bc4-3e72-49c0-9e30-1974c094487f.txt,CSS10_nl_fy_mapped_374:2,85.0,2,3.0,2.0,4.0,CSS10_nl_fy_mapped,nl,mapped,374,0.7360212295121642,True,0.7902185213934253
1443,1586,s.78003836-2d42-4c8c-af30-73df9fadcc52.txt,CSS10_nl_fy_separate_374:2,16.0,1,3.0,2.0,4.0,CSS10_nl_fy_separate,nl,separate,374,0.7360212295121642,True,0.7902185213934253
1444,1587,s.7e33ad89-662d-48ae-999d-e2f39b8d3b69.txt,CSS10_nl_fy_separate_374:2,75.0,1,1.0,3.0,4.0,CSS10_nl_fy_separate,nl,separate,374,0.7360212295121642,True,0.7902185213934253
1445,1588,s.dab92e23-1dea-459a-829e-ee1ddd70c204.txt,CSS10_nl_fy_separate_374:2,8.0,1,1.0,1.0,4.0,CSS10_nl_fy_separate,nl,separate,374,0.7360212295121642,True,0.7902185213934253
1446,1589,s.8658c316-8a6a-43c3-a7a3-2fffa6e47a6b.txt,CSS10_nl_fy_separate_374:2,47.0,1,1.0,2.0,4.0,CSS10_nl_fy_separate,nl,separate,374,0.7360212295121642,True,0.7902185213934253
1447,1590,s.f757fc9a-76b9-4ab3-8c94-806c573e0935.txt,CSS10_nl_fy_separate_374:2,30.0,1,1.0,1.0,4.0,CSS10_nl_fy_separate,nl,separate,374,0.7360212295121642,True,0.7902185213934253
1448,1591,s.7d156be6-6112-44c8-827d-40b30d9658f8.txt,CSS10_nl_fy_separate_374:2,90.0,1,1.0,2.0,4.0,CSS10_nl_fy_separate,nl,separate,374,0.7360212295121642,True,0.7902185213934253
1449,1592,s.5b40ec02-1691-4f5e-a44c-d44867940208.txt,CSS10_nl_fy_separate_374:2,51.0,1,2.0,2.0,4.0,CSS10_nl_fy_separate,nl,separate,374,0.7360212295121642,True,0.7902185213934253
1450,1593,s.bd990f70-22b2-4371-a2c7-6242411963b9.txt,CSS10_nl_fy_separate_374:2,79.0,1,1.0,2.0,4.0,CSS10_nl_fy_separate,nl,separate,374,0.7360212295121642,True,0.7902185213934253
1451,1594,s.2728eaca-9a5c-4a5b-9cd8-8c028d97942a.txt,CSS10_nl_fy_separate_374:2,73.0,1,1.0,1.0,4.0,CSS10_nl_fy_separate,nl,separate,374,0.7360212295121642,True,0.7902185213934253
1452,1595,s.0a52336a-1071-417a-9a6a-4606608bbc1a.txt,CSS10_nl_fy_separate_374:2,41.0,1,1.0,1.0,4.0,CSS10_nl_fy_separate,nl,separate,374,0.7360212295121642,True,0.7902185213934253
1453,1596,s.b1f494c8-3ea3-4026-bf92-51954977bd0d.txt,CSS10_nl_fy_separate_374:2,100.0,2,1.0,2.0,4.0,CSS10_nl_fy_separate,nl,separate,374,0.7360212295121642,True,0.7902185213934253
1454,1597,s.58cbaf77-01de-4975-a03b-0eda814a83d0.txt,CSS10_nl_fy_separate_374:2,14.0,2,1.0,3.0,4.0,CSS10_nl_fy_separate,nl,separate,374,0.7360212295121642,True,0.7902185213934253
1455,1598,s.f5e44bc4-3e72-49c0-9e30-1974c094487f.txt,CSS10_nl_fy_separate_374:2,81.0,2,3.0,2.0,4.0,CSS10_nl_fy_separate,nl,separate,374,0.7360212295121642,True,0.7902185213934253
1456,1599,s.78003836-2d42-4c8c-af30-73df9fadcc52.txt,CSS10_fi_fy_mapped_374:2,19.0,1,3.0,2.0,4.0,CSS10_fi_fy_mapped,fi,mapped,374,0.4712875776700755,False,0.5711013897547599
1457,1600,s.7e33ad89-662d-48ae-999d-e2f39b8d3b69.txt,CSS10_fi_fy_mapped_374:2,55.0,1,1.0,3.0,4.0,CSS10_fi_fy_mapped,fi,mapped,374,0.4712875776700755,False,0.5711013897547599
1458,1601,s.dab92e23-1dea-459a-829e-ee1ddd70c204.txt,CSS10_fi_fy_mapped_374:2,6.0,1,1.0,1.0,4.0,CSS10_fi_fy_mapped,fi,mapped,374,0.4712875776700755,False,0.5711013897547599
1459,1602,s.8658c316-8a6a-43c3-a7a3-2fffa6e47a6b.txt,CSS10_fi_fy_mapped_374:2,52.0,1,1.0,2.0,4.0,CSS10_fi_fy_mapped,fi,mapped,374,0.4712875776700755,False,0.5711013897547599
1460,1603,s.f757fc9a-76b9-4ab3-8c94-806c573e0935.txt,CSS10_fi_fy_mapped_374:2,5.0,1,1.0,1.0,4.0,CSS10_fi_fy_mapped,fi,mapped,374,0.4712875776700755,False,0.5711013897547599
1461,1604,s.7d156be6-6112-44c8-827d-40b30d9658f8.txt,CSS10_fi_fy_mapped_374:2,80.0,1,1.0,2.0,4.0,CSS10_fi_fy_mapped,fi,mapped,374,0.4712875776700755,False,0.5711013897547599
1462,1605,s.5b40ec02-1691-4f5e-a44c-d44867940208.txt,CSS10_fi_fy_mapped_374:2,38.0,1,2.0,2.0,4.0,CSS10_fi_fy_mapped,fi,mapped,374,0.4712875776700755,False,0.5711013897547599
1463,1606,s.bd990f70-22b2-4371-a2c7-6242411963b9.txt,CSS10_fi_fy_mapped_374:2,72.0,1,1.0,2.0,4.0,CSS10_fi_fy_mapped,fi,mapped,374,0.4712875776700755,False,0.5711013897547599
1464,1607,s.2728eaca-9a5c-4a5b-9cd8-8c028d97942a.txt,CSS10_fi_fy_mapped_374:2,1.0,1,1.0,1.0,4.0,CSS10_fi_fy_mapped,fi,mapped,374,0.4712875776700755,False,0.5711013897547599
1465,1608,s.0a52336a-1071-417a-9a6a-4606608bbc1a.txt,CSS10_fi_fy_mapped_374:2,23.0,1,1.0,1.0,4.0,CSS10_fi_fy_mapped,fi,mapped,374,0.4712875776700755,False,0.5711013897547599
1466,1609,s.b1f494c8-3ea3-4026-bf92-51954977bd0d.txt,CSS10_fi_fy_mapped_374:2,80.0,2,1.0,2.0,4.0,CSS10_fi_fy_mapped,fi,mapped,374,0.4712875776700755,False,0.5711013897547599
1467,1610,s.58cbaf77-01de-4975-a03b-0eda814a83d0.txt,CSS10_fi_fy_mapped_374:2,5.0,2,1.0,3.0,4.0,CSS10_fi_fy_mapped,fi,mapped,374,0.4712875776700755,False,0.5711013897547599
1468,1611,s.f5e44bc4-3e72-49c0-9e30-1974c094487f.txt,CSS10_fi_fy_mapped_374:2,81.0,2,3.0,2.0,4.0,CSS10_fi_fy_mapped,fi,mapped,374,0.4712875776700755,False,0.5711013897547599
1469,1612,s.78003836-2d42-4c8c-af30-73df9fadcc52.txt,CSS10_fi_fy_separate_374:2,14.0,1,3.0,2.0,4.0,CSS10_fi_fy_separate,fi,separate,374,0.4712875776700755,False,0.5711013897547599
1470,1613,s.7e33ad89-662d-48ae-999d-e2f39b8d3b69.txt,CSS10_fi_fy_separate_374:2,45.0,1,1.0,3.0,4.0,CSS10_fi_fy_separate,fi,separate,374,0.4712875776700755,False,0.5711013897547599
1471,1614,s.dab92e23-1dea-459a-829e-ee1ddd70c204.txt,CSS10_fi_fy_separate_374:2,6.0,1,1.0,1.0,4.0,CSS10_fi_fy_separate,fi,separate,374,0.4712875776700755,False,0.5711013897547599
1472,1615,s.8658c316-8a6a-43c3-a7a3-2fffa6e47a6b.txt,CSS10_fi_fy_separate_374:2,46.0,1,1.0,2.0,4.0,CSS10_fi_fy_separate,fi,separate,374,0.4712875776700755,False,0.5711013897547599
1473,1616,s.f757fc9a-76b9-4ab3-8c94-806c573e0935.txt,CSS10_fi_fy_separate_374:2,30.0,1,1.0,1.0,4.0,CSS10_fi_fy_separate,fi,separate,374,0.4712875776700755,False,0.5711013897547599
1474,1617,s.7d156be6-6112-44c8-827d-40b30d9658f8.txt,CSS10_fi_fy_separate_374:2,60.0,1,1.0,2.0,4.0,CSS10_fi_fy_separate,fi,separate,374,0.4712875776700755,False,0.5711013897547599
1475,1618,s.5b40ec02-1691-4f5e-a44c-d44867940208.txt,CSS10_fi_fy_separate_374:2,29.0,1,2.0,2.0,4.0,CSS10_fi_fy_separate,fi,separate,374,0.4712875776700755,False,0.5711013897547599
1476,1619,s.bd990f70-22b2-4371-a2c7-6242411963b9.txt,CSS10_fi_fy_separate_374:2,47.0,1,1.0,2.0,4.0,CSS10_fi_fy_separate,fi,separate,374,0.4712875776700755,False,0.5711013897547599
1477,1620,s.2728eaca-9a5c-4a5b-9cd8-8c028d97942a.txt,CSS10_fi_fy_separate_374:2,6.0,1,1.0,1.0,4.0,CSS10_fi_fy_separate,fi,separate,374,0.4712875776700755,False,0.5711013897547599
1478,1621,s.0a52336a-1071-417a-9a6a-4606608bbc1a.txt,CSS10_fi_fy_separate_374:2,17.0,1,1.0,1.0,4.0,CSS10_fi_fy_separate,fi,separate,374,0.4712875776700755,False,0.5711013897547599
1479,1622,s.b1f494c8-3ea3-4026-bf92-51954977bd0d.txt,CSS10_fi_fy_separate_374:2,98.0,2,1.0,2.0,4.0,CSS10_fi_fy_separate,fi,separate,374,0.4712875776700755,False,0.5711013897547599
1480,1623,s.58cbaf77-01de-4975-a03b-0eda814a83d0.txt,CSS10_fi_fy_separate_374:2,18.0,2,1.0,3.0,4.0,CSS10_fi_fy_separate,fi,separate,374,0.4712875776700755,False,0.5711013897547599
1481,1624,s.f5e44bc4-3e72-49c0-9e30-1974c094487f.txt,CSS10_fi_fy_separate_374:2,84.0,2,3.0,2.0,4.0,CSS10_fi_fy_separate,fi,separate,374,0.4712875776700755,False,0.5711013897547599
1482,1625,s.78003836-2d42-4c8c-af30-73df9fadcc52.txt,CSS10_es_ES_fy_mapped_374:2,5.0,1,3.0,2.0,4.0,CSS10_es_ES_fy_mapped,es,mapped,374,0.3556332899614416,True,0.4819438331661343
1483,1626,s.7e33ad89-662d-48ae-999d-e2f39b8d3b69.txt,CSS10_es_ES_fy_mapped_374:2,35.0,1,1.0,3.0,4.0,CSS10_es_ES_fy_mapped,es,mapped,374,0.3556332899614416,True,0.4819438331661343
1484,1627,s.dab92e23-1dea-459a-829e-ee1ddd70c204.txt,CSS10_es_ES_fy_mapped_374:2,6.0,1,1.0,1.0,4.0,CSS10_es_ES_fy_mapped,es,mapped,374,0.3556332899614416,True,0.4819438331661343
1485,1628,s.8658c316-8a6a-43c3-a7a3-2fffa6e47a6b.txt,CSS10_es_ES_fy_mapped_374:2,45.0,1,1.0,2.0,4.0,CSS10_es_ES_fy_mapped,es,mapped,374,0.3556332899614416,True,0.4819438331661343
1486,1629,s.f757fc9a-76b9-4ab3-8c94-806c573e0935.txt,CSS10_es_ES_fy_mapped_374:2,25.0,1,1.0,1.0,4.0,CSS10_es_ES_fy_mapped,es,mapped,374,0.3556332899614416,True,0.4819438331661343
1487,1630,s.7d156be6-6112-44c8-827d-40b30d9658f8.txt,CSS10_es_ES_fy_mapped_374:2,36.0,1,1.0,2.0,4.0,CSS10_es_ES_fy_mapped,es,mapped,374,0.3556332899614416,True,0.4819438331661343
1488,1631,s.5b40ec02-1691-4f5e-a44c-d44867940208.txt,CSS10_es_ES_fy_mapped_374:2,37.0,1,2.0,2.0,4.0,CSS10_es_ES_fy_mapped,es,mapped,374,0.3556332899614416,True,0.4819438331661343
1489,1632,s.bd990f70-22b2-4371-a2c7-6242411963b9.txt,CSS10_es_ES_fy_mapped_374:2,37.0,1,1.0,2.0,4.0,CSS10_es_ES_fy_mapped,es,mapped,374,0.3556332899614416,True,0.4819438331661343
1490,1633,s.2728eaca-9a5c-4a5b-9cd8-8c028d97942a.txt,CSS10_es_ES_fy_mapped_374:2,4.0,1,1.0,1.0,4.0,CSS10_es_ES_fy_mapped,es,mapped,374,0.3556332899614416,True,0.4819438331661343
1491,1634,s.0a52336a-1071-417a-9a6a-4606608bbc1a.txt,CSS10_es_ES_fy_mapped_374:2,19.0,1,1.0,1.0,4.0,CSS10_es_ES_fy_mapped,es,mapped,374,0.3556332899614416,True,0.4819438331661343
1492,1635,s.b1f494c8-3ea3-4026-bf92-51954977bd0d.txt,CSS10_es_ES_fy_mapped_374:2,92.0,2,1.0,2.0,4.0,CSS10_es_ES_fy_mapped,es,mapped,374,0.3556332899614416,True,0.4819438331661343
1493,1636,s.58cbaf77-01de-4975-a03b-0eda814a83d0.txt,CSS10_es_ES_fy_mapped_374:2,13.0,2,1.0,3.0,4.0,CSS10_es_ES_fy_mapped,es,mapped,374,0.3556332899614416,True,0.4819438331661343
1494,1637,s.f5e44bc4-3e72-49c0-9e30-1974c094487f.txt,CSS10_es_ES_fy_mapped_374:2,83.0,2,3.0,2.0,4.0,CSS10_es_ES_fy_mapped,es,mapped,374,0.3556332899614416,True,0.4819438331661343
1495,1638,s.78003836-2d42-4c8c-af30-73df9fadcc52.txt,CSS10_es_ES_fy_separate_374:2,4.0,1,3.0,2.0,4.0,CSS10_es_ES_fy_separate,es,separate,374,0.3556332899614416,True,0.4819438331661343
1496,1639,s.7e33ad89-662d-48ae-999d-e2f39b8d3b69.txt,CSS10_es_ES_fy_separate_374:2,10.0,1,1.0,3.0,4.0,CSS10_es_ES_fy_separate,es,separate,374,0.3556332899614416,True,0.4819438331661343
1497,1640,s.dab92e23-1dea-459a-829e-ee1ddd70c204.txt,CSS10_es_ES_fy_separate_374:2,4.0,1,1.0,1.0,4.0,CSS10_es_ES_fy_separate,es,separate,374,0.3556332899614416,True,0.4819438331661343
1498,1641,s.8658c316-8a6a-43c3-a7a3-2fffa6e47a6b.txt,CSS10_es_ES_fy_separate_374:2,28.0,1,1.0,2.0,4.0,CSS10_es_ES_fy_separate,es,separate,374,0.3556332899614416,True,0.4819438331661343
1499,1642,s.f757fc9a-76b9-4ab3-8c94-806c573e0935.txt,CSS10_es_ES_fy_separate_374:2,5.0,1,1.0,1.0,4.0,CSS10_es_ES_fy_separate,es,separate,374,0.3556332899614416,True,0.4819438331661343
1500,1643,s.7d156be6-6112-44c8-827d-40b30d9658f8.txt,CSS10_es_ES_fy_separate_374:2,25.0,1,1.0,2.0,4.0,CSS10_es_ES_fy_separate,es,separate,374,0.3556332899614416,True,0.4819438331661343
1501,1644,s.5b40ec02-1691-4f5e-a44c-d44867940208.txt,CSS10_es_ES_fy_separate_374:2,39.0,1,2.0,2.0,4.0,CSS10_es_ES_fy_separate,es,separate,374,0.3556332899614416,True,0.4819438331661343
1502,1645,s.bd990f70-22b2-4371-a2c7-6242411963b9.txt,CSS10_es_ES_fy_separate_374:2,38.0,1,1.0,2.0,4.0,CSS10_es_ES_fy_separate,es,separate,374,0.3556332899614416,True,0.4819438331661343
1503,1646,s.2728eaca-9a5c-4a5b-9cd8-8c028d97942a.txt,CSS10_es_ES_fy_separate_374:2,0.0,1,1.0,1.0,4.0,CSS10_es_ES_fy_separate,es,separate,374,0.3556332899614416,True,0.4819438331661343
1504,1647,s.0a52336a-1071-417a-9a6a-4606608bbc1a.txt,CSS10_es_ES_fy_separate_374:2,10.0,1,1.0,1.0,4.0,CSS10_es_ES_fy_separate,es,separate,374,0.3556332899614416,True,0.4819438331661343
1505,1648,s.b1f494c8-3ea3-4026-bf92-51954977bd0d.txt,CSS10_es_ES_fy_separate_374:2,84.0,2,1.0,2.0,4.0,CSS10_es_ES_fy_separate,es,separate,374,0.3556332899614416,True,0.4819438331661343
1506,1649,s.58cbaf77-01de-4975-a03b-0eda814a83d0.txt,CSS10_es_ES_fy_separate_374:2,13.0,2,1.0,3.0,4.0,CSS10_es_ES_fy_separate,es,separate,374,0.3556332899614416,True,0.4819438331661343
1507,1650,s.f5e44bc4-3e72-49c0-9e30-1974c094487f.txt,CSS10_es_ES_fy_separate_374:2,82.0,2,3.0,2.0,4.0,CSS10_es_ES_fy_separate,es,separate,374,0.3556332899614416,True,0.4819438331661343
1508,1651,s.78003836-2d42-4c8c-af30-73df9fadcc52.txt,CSS10_fr_FR_fy_mapped_374:2,12.0,1,3.0,2.0,4.0,CSS10_fr_FR_fy_mapped,fr,mapped,374,0.3858417708035707,True,0.5715912471930482
1509,1652,s.7e33ad89-662d-48ae-999d-e2f39b8d3b69.txt,CSS10_fr_FR_fy_mapped_374:2,65.0,1,1.0,3.0,4.0,CSS10_fr_FR_fy_mapped,fr,mapped,374,0.3858417708035707,True,0.5715912471930482
1510,1653,s.dab92e23-1dea-459a-829e-ee1ddd70c204.txt,CSS10_fr_FR_fy_mapped_374:2,15.0,1,1.0,1.0,4.0,CSS10_fr_FR_fy_mapped,fr,mapped,374,0.3858417708035707,True,0.5715912471930482
1511,1654,s.8658c316-8a6a-43c3-a7a3-2fffa6e47a6b.txt,CSS10_fr_FR_fy_mapped_374:2,47.0,1,1.0,2.0,4.0,CSS10_fr_FR_fy_mapped,fr,mapped,374,0.3858417708035707,True,0.5715912471930482
1512,1655,s.f757fc9a-76b9-4ab3-8c94-806c573e0935.txt,CSS10_fr_FR_fy_mapped_374:2,10.0,1,1.0,1.0,4.0,CSS10_fr_FR_fy_mapped,fr,mapped,374,0.3858417708035707,True,0.5715912471930482
1513,1656,s.7d156be6-6112-44c8-827d-40b30d9658f8.txt,CSS10_fr_FR_fy_mapped_374:2,79.0,1,1.0,2.0,4.0,CSS10_fr_FR_fy_mapped,fr,mapped,374,0.3858417708035707,True,0.5715912471930482
1514,1657,s.5b40ec02-1691-4f5e-a44c-d44867940208.txt,CSS10_fr_FR_fy_mapped_374:2,44.0,1,2.0,2.0,4.0,CSS10_fr_FR_fy_mapped,fr,mapped,374,0.3858417708035707,True,0.5715912471930482
1515,1658,s.bd990f70-22b2-4371-a2c7-6242411963b9.txt,CSS10_fr_FR_fy_mapped_374:2,48.0,1,1.0,2.0,4.0,CSS10_fr_FR_fy_mapped,fr,mapped,374,0.3858417708035707,True,0.5715912471930482
1516,1659,s.2728eaca-9a5c-4a5b-9cd8-8c028d97942a.txt,CSS10_fr_FR_fy_mapped_374:2,0.0,1,1.0,1.0,4.0,CSS10_fr_FR_fy_mapped,fr,mapped,374,0.3858417708035707,True,0.5715912471930482
1517,1660,s.0a52336a-1071-417a-9a6a-4606608bbc1a.txt,CSS10_fr_FR_fy_mapped_374:2,12.0,1,1.0,1.0,4.0,CSS10_fr_FR_fy_mapped,fr,mapped,374,0.3858417708035707,True,0.5715912471930482
1518,1661,s.b1f494c8-3ea3-4026-bf92-51954977bd0d.txt,CSS10_fr_FR_fy_mapped_374:2,93.0,2,1.0,2.0,4.0,CSS10_fr_FR_fy_mapped,fr,mapped,374,0.3858417708035707,True,0.5715912471930482
1519,1662,s.58cbaf77-01de-4975-a03b-0eda814a83d0.txt,CSS10_fr_FR_fy_mapped_374:2,18.0,2,1.0,3.0,4.0,CSS10_fr_FR_fy_mapped,fr,mapped,374,0.3858417708035707,True,0.5715912471930482
1520,1663,s.f5e44bc4-3e72-49c0-9e30-1974c094487f.txt,CSS10_fr_FR_fy_mapped_374:2,78.0,2,3.0,2.0,4.0,CSS10_fr_FR_fy_mapped,fr,mapped,374,0.3858417708035707,True,0.5715912471930482
1521,1664,s.78003836-2d42-4c8c-af30-73df9fadcc52.txt,CSS10_fr_FR_fy_separate_374:2,3.0,1,3.0,2.0,4.0,CSS10_fr_FR_fy_separate,fr,separate,374,0.3858417708035707,True,0.5715912471930482
1522,1665,s.7e33ad89-662d-48ae-999d-e2f39b8d3b69.txt,CSS10_fr_FR_fy_separate_374:2,50.0,1,1.0,3.0,4.0,CSS10_fr_FR_fy_separate,fr,separate,374,0.3858417708035707,True,0.5715912471930482
1523,1666,s.dab92e23-1dea-459a-829e-ee1ddd70c204.txt,CSS10_fr_FR_fy_separate_374:2,2.0,1,1.0,1.0,4.0,CSS10_fr_FR_fy_separate,fr,separate,374,0.3858417708035707,True,0.5715912471930482
1524,1667,s.8658c316-8a6a-43c3-a7a3-2fffa6e47a6b.txt,CSS10_fr_FR_fy_separate_374:2,60.0,1,1.0,2.0,4.0,CSS10_fr_FR_fy_separate,fr,separate,374,0.3858417708035707,True,0.5715912471930482
1525,1668,s.f757fc9a-76b9-4ab3-8c94-806c573e0935.txt,CSS10_fr_FR_fy_separate_374:2,25.0,1,1.0,1.0,4.0,CSS10_fr_FR_fy_separate,fr,separate,374,0.3858417708035707,True,0.5715912471930482
1526,1669,s.7d156be6-6112-44c8-827d-40b30d9658f8.txt,CSS10_fr_FR_fy_separate_374:2,51.0,1,1.0,2.0,4.0,CSS10_fr_FR_fy_separate,fr,separate,374,0.3858417708035707,True,0.5715912471930482
1527,1670,s.5b40ec02-1691-4f5e-a44c-d44867940208.txt,CSS10_fr_FR_fy_separate_374:2,35.0,1,2.0,2.0,4.0,CSS10_fr_FR_fy_separate,fr,separate,374,0.3858417708035707,True,0.5715912471930482
1528,1671,s.bd990f70-22b2-4371-a2c7-6242411963b9.txt,CSS10_fr_FR_fy_separate_374:2,52.0,1,1.0,2.0,4.0,CSS10_fr_FR_fy_separate,fr,separate,374,0.3858417708035707,True,0.5715912471930482
1529,1672,s.2728eaca-9a5c-4a5b-9cd8-8c028d97942a.txt,CSS10_fr_FR_fy_separate_374:2,14.0,1,1.0,1.0,4.0,CSS10_fr_FR_fy_separate,fr,separate,374,0.3858417708035707,True,0.5715912471930482
1530,1673,s.0a52336a-1071-417a-9a6a-4606608bbc1a.txt,CSS10_fr_FR_fy_separate_374:2,12.0,1,1.0,1.0,4.0,CSS10_fr_FR_fy_separate,fr,separate,374,0.3858417708035707,True,0.5715912471930482
1531,1674,s.b1f494c8-3ea3-4026-bf92-51954977bd0d.txt,CSS10_fr_FR_fy_separate_374:2,83.0,2,1.0,2.0,4.0,CSS10_fr_FR_fy_separate,fr,separate,374,0.3858417708035707,True,0.5715912471930482
1532,1675,s.58cbaf77-01de-4975-a03b-0eda814a83d0.txt,CSS10_fr_FR_fy_separate_374:2,48.0,2,1.0,3.0,4.0,CSS10_fr_FR_fy_separate,fr,separate,374,0.3858417708035707,True,0.5715912471930482
1533,1676,s.f5e44bc4-3e72-49c0-9e30-1974c094487f.txt,CSS10_fr_FR_fy_separate_374:2,83.0,2,3.0,2.0,4.0,CSS10_fr_FR_fy_separate,fr,separate,374,0.3858417708035707,True,0.5715912471930482
1534,1677,s.78003836-2d42-4c8c-af30-73df9fadcc52.txt,CSS10_ja_fy_mapped_374:2,28.0,1,3.0,2.0,4.0,CSS10_ja_fy_mapped,ja,mapped,374,0.3376253301286601,False,0.4514756612761911
1535,1678,s.7e33ad89-662d-48ae-999d-e2f39b8d3b69.txt,CSS10_ja_fy_mapped_374:2,10.0,1,1.0,3.0,4.0,CSS10_ja_fy_mapped,ja,mapped,374,0.3376253301286601,False,0.4514756612761911
1536,1679,s.dab92e23-1dea-459a-829e-ee1ddd70c204.txt,CSS10_ja_fy_mapped_374:2,2.0,1,1.0,1.0,4.0,CSS10_ja_fy_mapped,ja,mapped,374,0.3376253301286601,False,0.4514756612761911
1537,1680,s.8658c316-8a6a-43c3-a7a3-2fffa6e47a6b.txt,CSS10_ja_fy_mapped_374:2,35.0,1,1.0,2.0,4.0,CSS10_ja_fy_mapped,ja,mapped,374,0.3376253301286601,False,0.4514756612761911
1538,1681,s.f757fc9a-76b9-4ab3-8c94-806c573e0935.txt,CSS10_ja_fy_mapped_374:2,5.0,1,1.0,1.0,4.0,CSS10_ja_fy_mapped,ja,mapped,374,0.3376253301286601,False,0.4514756612761911
1539,1682,s.7d156be6-6112-44c8-827d-40b30d9658f8.txt,CSS10_ja_fy_mapped_374:2,23.0,1,1.0,2.0,4.0,CSS10_ja_fy_mapped,ja,mapped,374,0.3376253301286601,False,0.4514756612761911
1540,1683,s.5b40ec02-1691-4f5e-a44c-d44867940208.txt,CSS10_ja_fy_mapped_374:2,39.0,1,2.0,2.0,4.0,CSS10_ja_fy_mapped,ja,mapped,374,0.3376253301286601,False,0.4514756612761911
1541,1684,s.bd990f70-22b2-4371-a2c7-6242411963b9.txt,CSS10_ja_fy_mapped_374:2,68.0,1,1.0,2.0,4.0,CSS10_ja_fy_mapped,ja,mapped,374,0.3376253301286601,False,0.4514756612761911
1542,1685,s.2728eaca-9a5c-4a5b-9cd8-8c028d97942a.txt,CSS10_ja_fy_mapped_374:2,0.0,1,1.0,1.0,4.0,CSS10_ja_fy_mapped,ja,mapped,374,0.3376253301286601,False,0.4514756612761911
1543,1686,s.0a52336a-1071-417a-9a6a-4606608bbc1a.txt,CSS10_ja_fy_mapped_374:2,8.0,1,1.0,1.0,4.0,CSS10_ja_fy_mapped,ja,mapped,374,0.3376253301286601,False,0.4514756612761911
1544,1687,s.b1f494c8-3ea3-4026-bf92-51954977bd0d.txt,CSS10_ja_fy_mapped_374:2,79.0,2,1.0,2.0,4.0,CSS10_ja_fy_mapped,ja,mapped,374,0.3376253301286601,False,0.4514756612761911
1545,1688,s.58cbaf77-01de-4975-a03b-0eda814a83d0.txt,CSS10_ja_fy_mapped_374:2,11.0,2,1.0,3.0,4.0,CSS10_ja_fy_mapped,ja,mapped,374,0.3376253301286601,False,0.4514756612761911
1546,1689,s.f5e44bc4-3e72-49c0-9e30-1974c094487f.txt,CSS10_ja_fy_mapped_374:2,82.0,2,3.0,2.0,4.0,CSS10_ja_fy_mapped,ja,mapped,374,0.3376253301286601,False,0.4514756612761911
1547,1690,s.78003836-2d42-4c8c-af30-73df9fadcc52.txt,CSS10_ja_fy_separate_374:2,7.0,1,3.0,2.0,4.0,CSS10_ja_fy_separate,ja,separate,374,0.3376253301286601,False,0.4514756612761911
1548,1691,s.7e33ad89-662d-48ae-999d-e2f39b8d3b69.txt,CSS10_ja_fy_separate_374:2,5.0,1,1.0,3.0,4.0,CSS10_ja_fy_separate,ja,separate,374,0.3376253301286601,False,0.4514756612761911
1549,1692,s.dab92e23-1dea-459a-829e-ee1ddd70c204.txt,CSS10_ja_fy_separate_374:2,0.0,1,1.0,1.0,4.0,CSS10_ja_fy_separate,ja,separate,374,0.3376253301286601,False,0.4514756612761911
1550,1693,s.8658c316-8a6a-43c3-a7a3-2fffa6e47a6b.txt,CSS10_ja_fy_separate_374:2,23.0,1,1.0,2.0,4.0,CSS10_ja_fy_separate,ja,separate,374,0.3376253301286601,False,0.4514756612761911
1551,1694,s.f757fc9a-76b9-4ab3-8c94-806c573e0935.txt,CSS10_ja_fy_separate_374:2,1.0,1,1.0,1.0,4.0,CSS10_ja_fy_separate,ja,separate,374,0.3376253301286601,False,0.4514756612761911
1552,1695,s.7d156be6-6112-44c8-827d-40b30d9658f8.txt,CSS10_ja_fy_separate_374:2,40.0,1,1.0,2.0,4.0,CSS10_ja_fy_separate,ja,separate,374,0.3376253301286601,False,0.4514756612761911
1553,1696,s.5b40ec02-1691-4f5e-a44c-d44867940208.txt,CSS10_ja_fy_separate_374:2,36.0,1,2.0,2.0,4.0,CSS10_ja_fy_separate,ja,separate,374,0.3376253301286601,False,0.4514756612761911
1554,1697,s.bd990f70-22b2-4371-a2c7-6242411963b9.txt,CSS10_ja_fy_separate_374:2,41.0,1,1.0,2.0,4.0,CSS10_ja_fy_separate,ja,separate,374,0.3376253301286601,False,0.4514756612761911
1555,1698,s.2728eaca-9a5c-4a5b-9cd8-8c028d97942a.txt,CSS10_ja_fy_separate_374:2,0.0,1,1.0,1.0,4.0,CSS10_ja_fy_separate,ja,separate,374,0.3376253301286601,False,0.4514756612761911
1556,1699,s.0a52336a-1071-417a-9a6a-4606608bbc1a.txt,CSS10_ja_fy_separate_374:2,7.0,1,1.0,1.0,4.0,CSS10_ja_fy_separate,ja,separate,374,0.3376253301286601,False,0.4514756612761911
1557,1700,s.b1f494c8-3ea3-4026-bf92-51954977bd0d.txt,CSS10_ja_fy_separate_374:2,68.0,2,1.0,2.0,4.0,CSS10_ja_fy_separate,ja,separate,374,0.3376253301286601,False,0.4514756612761911
1558,1701,s.58cbaf77-01de-4975-a03b-0eda814a83d0.txt,CSS10_ja_fy_separate_374:2,4.0,2,1.0,3.0,4.0,CSS10_ja_fy_separate,ja,separate,374,0.3376253301286601,False,0.4514756612761911
1559,1702,s.f5e44bc4-3e72-49c0-9e30-1974c094487f.txt,CSS10_ja_fy_separate_374:2,84.0,2,3.0,2.0,4.0,CSS10_ja_fy_separate,ja,separate,374,0.3376253301286601,False,0.4514756612761911
1560,1716,s.d2054052-3aa3-4b68-ab97-8811888cf4c3.txt,CSS10_nl_fy_mapped_2636:2,82.0,1,1.0,1.0,5.0,CSS10_nl_fy_mapped,nl,mapped,2636,0.7360212295121642,True,0.8372822320123879
1561,1717,s.00c29e03-425a-4b1c-87db-a4514908d64c.txt,CSS10_nl_fy_mapped_2636:2,22.0,1,1.0,1.0,5.0,CSS10_nl_fy_mapped,nl,mapped,2636,0.7360212295121642,True,0.8372822320123879
1562,1718,s.f5644dbc-e7e2-4344-938c-bfc9d305e671.txt,CSS10_nl_fy_mapped_2636:2,30.0,1,3.0,2.0,5.0,CSS10_nl_fy_mapped,nl,mapped,2636,0.7360212295121642,True,0.8372822320123879
1563,1719,s.254b2776-bc80-46f7-8c32-b68bb6dd8208.txt,CSS10_nl_fy_mapped_2636:2,55.0,1,2.0,1.0,5.0,CSS10_nl_fy_mapped,nl,mapped,2636,0.7360212295121642,True,0.8372822320123879
1564,1720,s.c593a7dd-af61-4749-a86c-b6296279101f.txt,CSS10_nl_fy_mapped_2636:2,100.0,2,1.0,1.0,5.0,CSS10_nl_fy_mapped,nl,mapped,2636,0.7360212295121642,True,0.8372822320123879
1565,1721,s.085ba323-efb6-4c13-9e0d-77d3187cfa62.txt,CSS10_nl_fy_mapped_2636:2,77.0,2,1.0,2.0,5.0,CSS10_nl_fy_mapped,nl,mapped,2636,0.7360212295121642,True,0.8372822320123879
1566,1722,s.682382c8-1dbf-4e85-9039-ae77ee34796d.txt,CSS10_nl_fy_mapped_2636:2,62.0,2,3.0,1.0,5.0,CSS10_nl_fy_mapped,nl,mapped,2636,0.7360212295121642,True,0.8372822320123879
1567,1723,s.d2054052-3aa3-4b68-ab97-8811888cf4c3.txt,CSS10_nl_fy_separate_2636:2,80.0,1,1.0,1.0,5.0,CSS10_nl_fy_separate,nl,separate,2636,0.7360212295121642,True,0.8372822320123879
1568,1724,s.00c29e03-425a-4b1c-87db-a4514908d64c.txt,CSS10_nl_fy_separate_2636:2,2.0,1,1.0,1.0,5.0,CSS10_nl_fy_separate,nl,separate,2636,0.7360212295121642,True,0.8372822320123879
1569,1725,s.f5644dbc-e7e2-4344-938c-bfc9d305e671.txt,CSS10_nl_fy_separate_2636:2,10.0,1,3.0,2.0,5.0,CSS10_nl_fy_separate,nl,separate,2636,0.7360212295121642,True,0.8372822320123879
1570,1726,s.254b2776-bc80-46f7-8c32-b68bb6dd8208.txt,CSS10_nl_fy_separate_2636:2,12.0,1,2.0,1.0,5.0,CSS10_nl_fy_separate,nl,separate,2636,0.7360212295121642,True,0.8372822320123879
1571,1727,s.c593a7dd-af61-4749-a86c-b6296279101f.txt,CSS10_nl_fy_separate_2636:2,44.0,2,1.0,1.0,5.0,CSS10_nl_fy_separate,nl,separate,2636,0.7360212295121642,True,0.8372822320123879
1572,1728,s.085ba323-efb6-4c13-9e0d-77d3187cfa62.txt,CSS10_nl_fy_separate_2636:2,49.0,2,1.0,2.0,5.0,CSS10_nl_fy_separate,nl,separate,2636,0.7360212295121642,True,0.8372822320123879
1573,1729,s.682382c8-1dbf-4e85-9039-ae77ee34796d.txt,CSS10_nl_fy_separate_2636:2,64.0,2,3.0,1.0,5.0,CSS10_nl_fy_separate,nl,separate,2636,0.7360212295121642,True,0.8372822320123879
1574,1730,s.d2054052-3aa3-4b68-ab97-8811888cf4c3.txt,CSS10_fi_fy_mapped_2636:2,82.0,1,1.0,1.0,5.0,CSS10_fi_fy_mapped,fi,mapped,2636,0.4712875776700755,False,0.5829293630358573
1575,1731,s.00c29e03-425a-4b1c-87db-a4514908d64c.txt,CSS10_fi_fy_mapped_2636:2,0.0,1,1.0,1.0,5.0,CSS10_fi_fy_mapped,fi,mapped,2636,0.4712875776700755,False,0.5829293630358573
1576,1732,s.f5644dbc-e7e2-4344-938c-bfc9d305e671.txt,CSS10_fi_fy_mapped_2636:2,15.0,1,3.0,2.0,5.0,CSS10_fi_fy_mapped,fi,mapped,2636,0.4712875776700755,False,0.5829293630358573
1577,1733,s.254b2776-bc80-46f7-8c32-b68bb6dd8208.txt,CSS10_fi_fy_mapped_2636:2,34.0,1,2.0,1.0,5.0,CSS10_fi_fy_mapped,fi,mapped,2636,0.4712875776700755,False,0.5829293630358573
1578,1734,s.c593a7dd-af61-4749-a86c-b6296279101f.txt,CSS10_fi_fy_mapped_2636:2,58.0,2,1.0,1.0,5.0,CSS10_fi_fy_mapped,fi,mapped,2636,0.4712875776700755,False,0.5829293630358573
1579,1735,s.085ba323-efb6-4c13-9e0d-77d3187cfa62.txt,CSS10_fi_fy_mapped_2636:2,54.0,2,1.0,2.0,5.0,CSS10_fi_fy_mapped,fi,mapped,2636,0.4712875776700755,False,0.5829293630358573
1580,1736,s.682382c8-1dbf-4e85-9039-ae77ee34796d.txt,CSS10_fi_fy_mapped_2636:2,58.0,2,3.0,1.0,5.0,CSS10_fi_fy_mapped,fi,mapped,2636,0.4712875776700755,False,0.5829293630358573
1581,1737,s.d2054052-3aa3-4b68-ab97-8811888cf4c3.txt,CSS10_fi_fy_separate_2636:2,63.0,1,1.0,1.0,5.0,CSS10_fi_fy_separate,fi,separate,2636,0.4712875776700755,False,0.5829293630358573
1582,1738,s.00c29e03-425a-4b1c-87db-a4514908d64c.txt,CSS10_fi_fy_separate_2636:2,0.0,1,1.0,1.0,5.0,CSS10_fi_fy_separate,fi,separate,2636,0.4712875776700755,False,0.5829293630358573
1583,1739,s.f5644dbc-e7e2-4344-938c-bfc9d305e671.txt,CSS10_fi_fy_separate_2636:2,5.0,1,3.0,2.0,5.0,CSS10_fi_fy_separate,fi,separate,2636,0.4712875776700755,False,0.5829293630358573
1584,1740,s.254b2776-bc80-46f7-8c32-b68bb6dd8208.txt,CSS10_fi_fy_separate_2636:2,22.0,1,2.0,1.0,5.0,CSS10_fi_fy_separate,fi,separate,2636,0.4712875776700755,False,0.5829293630358573
1585,1741,s.c593a7dd-af61-4749-a86c-b6296279101f.txt,CSS10_fi_fy_separate_2636:2,58.0,2,1.0,1.0,5.0,CSS10_fi_fy_separate,fi,separate,2636,0.4712875776700755,False,0.5829293630358573
1586,1742,s.085ba323-efb6-4c13-9e0d-77d3187cfa62.txt,CSS10_fi_fy_separate_2636:2,23.0,2,1.0,2.0,5.0,CSS10_fi_fy_separate,fi,separate,2636,0.4712875776700755,False,0.5829293630358573
1587,1743,s.682382c8-1dbf-4e85-9039-ae77ee34796d.txt,CSS10_fi_fy_separate_2636:2,52.0,2,3.0,1.0,5.0,CSS10_fi_fy_separate,fi,separate,2636,0.4712875776700755,False,0.5829293630358573
1588,1744,s.d2054052-3aa3-4b68-ab97-8811888cf4c3.txt,CSS10_es_ES_fy_mapped_2636:2,75.0,1,1.0,1.0,5.0,CSS10_es_ES_fy_mapped,es,mapped,2636,0.3556332899614416,True,0.5655670001920523
1589,1745,s.00c29e03-425a-4b1c-87db-a4514908d64c.txt,CSS10_es_ES_fy_mapped_2636:2,3.0,1,1.0,1.0,5.0,CSS10_es_ES_fy_mapped,es,mapped,2636,0.3556332899614416,True,0.5655670001920523
1590,1746,s.f5644dbc-e7e2-4344-938c-bfc9d305e671.txt,CSS10_es_ES_fy_mapped_2636:2,5.0,1,3.0,2.0,5.0,CSS10_es_ES_fy_mapped,es,mapped,2636,0.3556332899614416,True,0.5655670001920523
1591,1747,s.254b2776-bc80-46f7-8c32-b68bb6dd8208.txt,CSS10_es_ES_fy_mapped_2636:2,0.0,1,2.0,1.0,5.0,CSS10_es_ES_fy_mapped,es,mapped,2636,0.3556332899614416,True,0.5655670001920523
1592,1748,s.c593a7dd-af61-4749-a86c-b6296279101f.txt,CSS10_es_ES_fy_mapped_2636:2,45.0,2,1.0,1.0,5.0,CSS10_es_ES_fy_mapped,es,mapped,2636,0.3556332899614416,True,0.5655670001920523
1593,1749,s.085ba323-efb6-4c13-9e0d-77d3187cfa62.txt,CSS10_es_ES_fy_mapped_2636:2,24.0,2,1.0,2.0,5.0,CSS10_es_ES_fy_mapped,es,mapped,2636,0.3556332899614416,True,0.5655670001920523
1594,1750,s.682382c8-1dbf-4e85-9039-ae77ee34796d.txt,CSS10_es_ES_fy_mapped_2636:2,37.0,2,3.0,1.0,5.0,CSS10_es_ES_fy_mapped,es,mapped,2636,0.3556332899614416,True,0.5655670001920523
1595,1751,s.d2054052-3aa3-4b68-ab97-8811888cf4c3.txt,CSS10_es_ES_fy_separate_2636:2,73.0,1,1.0,1.0,5.0,CSS10_es_ES_fy_separate,es,separate,2636,0.3556332899614416,True,0.5655670001920523
1596,1752,s.00c29e03-425a-4b1c-87db-a4514908d64c.txt,CSS10_es_ES_fy_separate_2636:2,0.0,1,1.0,1.0,5.0,CSS10_es_ES_fy_separate,es,separate,2636,0.3556332899614416,True,0.5655670001920523
1597,1753,s.f5644dbc-e7e2-4344-938c-bfc9d305e671.txt,CSS10_es_ES_fy_separate_2636:2,5.0,1,3.0,2.0,5.0,CSS10_es_ES_fy_separate,es,separate,2636,0.3556332899614416,True,0.5655670001920523
1598,1754,s.254b2776-bc80-46f7-8c32-b68bb6dd8208.txt,CSS10_es_ES_fy_separate_2636:2,41.0,1,2.0,1.0,5.0,CSS10_es_ES_fy_separate,es,separate,2636,0.3556332899614416,True,0.5655670001920523
1599,1755,s.c593a7dd-af61-4749-a86c-b6296279101f.txt,CSS10_es_ES_fy_separate_2636:2,83.0,2,1.0,1.0,5.0,CSS10_es_ES_fy_separate,es,separate,2636,0.3556332899614416,True,0.5655670001920523
1600,1756,s.085ba323-efb6-4c13-9e0d-77d3187cfa62.txt,CSS10_es_ES_fy_separate_2636:2,23.0,2,1.0,2.0,5.0,CSS10_es_ES_fy_separate,es,separate,2636,0.3556332899614416,True,0.5655670001920523
1601,1757,s.682382c8-1dbf-4e85-9039-ae77ee34796d.txt,CSS10_es_ES_fy_separate_2636:2,25.0,2,3.0,1.0,5.0,CSS10_es_ES_fy_separate,es,separate,2636,0.3556332899614416,True,0.5655670001920523
1602,1758,s.d2054052-3aa3-4b68-ab97-8811888cf4c3.txt,CSS10_fr_FR_fy_mapped_2636:2,80.0,1,1.0,1.0,5.0,CSS10_fr_FR_fy_mapped,fr,mapped,2636,0.3858417708035707,True,0.6065824665002251
1603,1759,s.00c29e03-425a-4b1c-87db-a4514908d64c.txt,CSS10_fr_FR_fy_mapped_2636:2,0.0,1,1.0,1.0,5.0,CSS10_fr_FR_fy_mapped,fr,mapped,2636,0.3858417708035707,True,0.6065824665002251
1604,1760,s.f5644dbc-e7e2-4344-938c-bfc9d305e671.txt,CSS10_fr_FR_fy_mapped_2636:2,10.0,1,3.0,2.0,5.0,CSS10_fr_FR_fy_mapped,fr,mapped,2636,0.3858417708035707,True,0.6065824665002251
1605,1761,s.254b2776-bc80-46f7-8c32-b68bb6dd8208.txt,CSS10_fr_FR_fy_mapped_2636:2,42.0,1,2.0,1.0,5.0,CSS10_fr_FR_fy_mapped,fr,mapped,2636,0.3858417708035707,True,0.6065824665002251
1606,1762,s.c593a7dd-af61-4749-a86c-b6296279101f.txt,CSS10_fr_FR_fy_mapped_2636:2,92.0,2,1.0,1.0,5.0,CSS10_fr_FR_fy_mapped,fr,mapped,2636,0.3858417708035707,True,0.6065824665002251
1607,1763,s.085ba323-efb6-4c13-9e0d-77d3187cfa62.txt,CSS10_fr_FR_fy_mapped_2636:2,61.0,2,1.0,2.0,5.0,CSS10_fr_FR_fy_mapped,fr,mapped,2636,0.3858417708035707,True,0.6065824665002251
1608,1764,s.682382c8-1dbf-4e85-9039-ae77ee34796d.txt,CSS10_fr_FR_fy_mapped_2636:2,42.0,2,3.0,1.0,5.0,CSS10_fr_FR_fy_mapped,fr,mapped,2636,0.3858417708035707,True,0.6065824665002251
1609,1765,s.d2054052-3aa3-4b68-ab97-8811888cf4c3.txt,CSS10_fr_FR_fy_separate_2636:2,65.0,1,1.0,1.0,5.0,CSS10_fr_FR_fy_separate,fr,separate,2636,0.3858417708035707,True,0.6065824665002251
1610,1766,s.00c29e03-425a-4b1c-87db-a4514908d64c.txt,CSS10_fr_FR_fy_separate_2636:2,0.0,1,1.0,1.0,5.0,CSS10_fr_FR_fy_separate,fr,separate,2636,0.3858417708035707,True,0.6065824665002251
1611,1767,s.f5644dbc-e7e2-4344-938c-bfc9d305e671.txt,CSS10_fr_FR_fy_separate_2636:2,10.0,1,3.0,2.0,5.0,CSS10_fr_FR_fy_separate,fr,separate,2636,0.3858417708035707,True,0.6065824665002251
1612,1768,s.254b2776-bc80-46f7-8c32-b68bb6dd8208.txt,CSS10_fr_FR_fy_separate_2636:2,13.0,1,2.0,1.0,5.0,CSS10_fr_FR_fy_separate,fr,separate,2636,0.3858417708035707,True,0.6065824665002251
1613,1769,s.c593a7dd-af61-4749-a86c-b6296279101f.txt,CSS10_fr_FR_fy_separate_2636:2,48.0,2,1.0,1.0,5.0,CSS10_fr_FR_fy_separate,fr,separate,2636,0.3858417708035707,True,0.6065824665002251
1614,1770,s.085ba323-efb6-4c13-9e0d-77d3187cfa62.txt,CSS10_fr_FR_fy_separate_2636:2,48.0,2,1.0,2.0,5.0,CSS10_fr_FR_fy_separate,fr,separate,2636,0.3858417708035707,True,0.6065824665002251
1615,1771,s.682382c8-1dbf-4e85-9039-ae77ee34796d.txt,CSS10_fr_FR_fy_separate_2636:2,58.0,2,3.0,1.0,5.0,CSS10_fr_FR_fy_separate,fr,separate,2636,0.3858417708035707,True,0.6065824665002251
1616,1772,s.d2054052-3aa3-4b68-ab97-8811888cf4c3.txt,CSS10_ja_fy_mapped_2636:2,62.0,1,1.0,1.0,5.0,CSS10_ja_fy_mapped,ja,mapped,2636,0.3376253301286601,False,0.5187136276736133
1617,1773,s.00c29e03-425a-4b1c-87db-a4514908d64c.txt,CSS10_ja_fy_mapped_2636:2,0.0,1,1.0,1.0,5.0,CSS10_ja_fy_mapped,ja,mapped,2636,0.3376253301286601,False,0.5187136276736133
1618,1774,s.f5644dbc-e7e2-4344-938c-bfc9d305e671.txt,CSS10_ja_fy_mapped_2636:2,5.0,1,3.0,2.0,5.0,CSS10_ja_fy_mapped,ja,mapped,2636,0.3376253301286601,False,0.5187136276736133
1619,1775,s.254b2776-bc80-46f7-8c32-b68bb6dd8208.txt,CSS10_ja_fy_mapped_2636:2,8.0,1,2.0,1.0,5.0,CSS10_ja_fy_mapped,ja,mapped,2636,0.3376253301286601,False,0.5187136276736133
1620,1776,s.c593a7dd-af61-4749-a86c-b6296279101f.txt,CSS10_ja_fy_mapped_2636:2,26.0,2,1.0,1.0,5.0,CSS10_ja_fy_mapped,ja,mapped,2636,0.3376253301286601,False,0.5187136276736133
1621,1777,s.085ba323-efb6-4c13-9e0d-77d3187cfa62.txt,CSS10_ja_fy_mapped_2636:2,29.0,2,1.0,2.0,5.0,CSS10_ja_fy_mapped,ja,mapped,2636,0.3376253301286601,False,0.5187136276736133
1622,1778,s.682382c8-1dbf-4e85-9039-ae77ee34796d.txt,CSS10_ja_fy_mapped_2636:2,1.0,2,3.0,1.0,5.0,CSS10_ja_fy_mapped,ja,mapped,2636,0.3376253301286601,False,0.5187136276736133
1623,1779,s.d2054052-3aa3-4b68-ab97-8811888cf4c3.txt,CSS10_ja_fy_separate_2636:2,83.0,1,1.0,1.0,5.0,CSS10_ja_fy_separate,ja,separate,2636,0.3376253301286601,False,0.5187136276736133
1624,1780,s.00c29e03-425a-4b1c-87db-a4514908d64c.txt,CSS10_ja_fy_separate_2636:2,0.0,1,1.0,1.0,5.0,CSS10_ja_fy_separate,ja,separate,2636,0.3376253301286601,False,0.5187136276736133
1625,1781,s.f5644dbc-e7e2-4344-938c-bfc9d305e671.txt,CSS10_ja_fy_separate_2636:2,5.0,1,3.0,2.0,5.0,CSS10_ja_fy_separate,ja,separate,2636,0.3376253301286601,False,0.5187136276736133
1626,1782,s.254b2776-bc80-46f7-8c32-b68bb6dd8208.txt,CSS10_ja_fy_separate_2636:2,15.0,1,2.0,1.0,5.0,CSS10_ja_fy_separate,ja,separate,2636,0.3376253301286601,False,0.5187136276736133
1627,1783,s.c593a7dd-af61-4749-a86c-b6296279101f.txt,CSS10_ja_fy_separate_2636:2,73.0,2,1.0,1.0,5.0,CSS10_ja_fy_separate,ja,separate,2636,0.3376253301286601,False,0.5187136276736133
1628,1784,s.085ba323-efb6-4c13-9e0d-77d3187cfa62.txt,CSS10_ja_fy_separate_2636:2,14.0,2,1.0,2.0,5.0,CSS10_ja_fy_separate,ja,separate,2636,0.3376253301286601,False,0.5187136276736133
1629,1785,s.682382c8-1dbf-4e85-9039-ae77ee34796d.txt,CSS10_ja_fy_separate_2636:2,25.0,2,3.0,1.0,5.0,CSS10_ja_fy_separate,ja,separate,2636,0.3376253301286601,False,0.5187136276736133
1630,1793,s.d2054052-3aa3-4b68-ab97-8811888cf4c3.txt,CSS10_nl_fy_mapped_615:2,97.0,1,1.0,1.0,5.0,CSS10_nl_fy_mapped,nl,mapped,615,0.7360212295121642,True,0.8195800492263635
1631,1794,s.00c29e03-425a-4b1c-87db-a4514908d64c.txt,CSS10_nl_fy_mapped_615:2,94.0,1,1.0,1.0,5.0,CSS10_nl_fy_mapped,nl,mapped,615,0.7360212295121642,True,0.8195800492263635
1632,1795,s.f5644dbc-e7e2-4344-938c-bfc9d305e671.txt,CSS10_nl_fy_mapped_615:2,20.0,1,3.0,2.0,5.0,CSS10_nl_fy_mapped,nl,mapped,615,0.7360212295121642,True,0.8195800492263635
1633,1796,s.254b2776-bc80-46f7-8c32-b68bb6dd8208.txt,CSS10_nl_fy_mapped_615:2,71.0,1,2.0,1.0,5.0,CSS10_nl_fy_mapped,nl,mapped,615,0.7360212295121642,True,0.8195800492263635
1634,1797,s.c593a7dd-af61-4749-a86c-b6296279101f.txt,CSS10_nl_fy_mapped_615:2,100.0,2,1.0,1.0,5.0,CSS10_nl_fy_mapped,nl,mapped,615,0.7360212295121642,True,0.8195800492263635
1635,1798,s.085ba323-efb6-4c13-9e0d-77d3187cfa62.txt,CSS10_nl_fy_mapped_615:2,61.0,2,1.0,2.0,5.0,CSS10_nl_fy_mapped,nl,mapped,615,0.7360212295121642,True,0.8195800492263635
1636,1799,s.682382c8-1dbf-4e85-9039-ae77ee34796d.txt,CSS10_nl_fy_mapped_615:2,75.0,2,3.0,1.0,5.0,CSS10_nl_fy_mapped,nl,mapped,615,0.7360212295121642,True,0.8195800492263635
1637,1800,s.d2054052-3aa3-4b68-ab97-8811888cf4c3.txt,CSS10_nl_fy_separate_615:2,95.0,1,1.0,1.0,5.0,CSS10_nl_fy_separate,nl,separate,615,0.7360212295121642,True,0.8195800492263635
1638,1801,s.00c29e03-425a-4b1c-87db-a4514908d64c.txt,CSS10_nl_fy_separate_615:2,73.0,1,1.0,1.0,5.0,CSS10_nl_fy_separate,nl,separate,615,0.7360212295121642,True,0.8195800492263635
1639,1802,s.f5644dbc-e7e2-4344-938c-bfc9d305e671.txt,CSS10_nl_fy_separate_615:2,10.0,1,3.0,2.0,5.0,CSS10_nl_fy_separate,nl,separate,615,0.7360212295121642,True,0.8195800492263635
1640,1803,s.254b2776-bc80-46f7-8c32-b68bb6dd8208.txt,CSS10_nl_fy_separate_615:2,38.0,1,2.0,1.0,5.0,CSS10_nl_fy_separate,nl,separate,615,0.7360212295121642,True,0.8195800492263635
1641,1804,s.c593a7dd-af61-4749-a86c-b6296279101f.txt,CSS10_nl_fy_separate_615:2,81.0,2,1.0,1.0,5.0,CSS10_nl_fy_separate,nl,separate,615,0.7360212295121642,True,0.8195800492263635
1642,1805,s.085ba323-efb6-4c13-9e0d-77d3187cfa62.txt,CSS10_nl_fy_separate_615:2,60.0,2,1.0,2.0,5.0,CSS10_nl_fy_separate,nl,separate,615,0.7360212295121642,True,0.8195800492263635
1643,1806,s.682382c8-1dbf-4e85-9039-ae77ee34796d.txt,CSS10_nl_fy_separate_615:2,47.0,2,3.0,1.0,5.0,CSS10_nl_fy_separate,nl,separate,615,0.7360212295121642,True,0.8195800492263635
1644,1807,s.d2054052-3aa3-4b68-ab97-8811888cf4c3.txt,CSS10_fi_fy_mapped_615:2,92.0,1,1.0,1.0,5.0,CSS10_fi_fy_mapped,fi,mapped,615,0.4712875776700755,False,0.589051316660404
1645,1808,s.00c29e03-425a-4b1c-87db-a4514908d64c.txt,CSS10_fi_fy_mapped_615:2,34.0,1,1.0,1.0,5.0,CSS10_fi_fy_mapped,fi,mapped,615,0.4712875776700755,False,0.589051316660404
1646,1809,s.f5644dbc-e7e2-4344-938c-bfc9d305e671.txt,CSS10_fi_fy_mapped_615:2,10.0,1,3.0,2.0,5.0,CSS10_fi_fy_mapped,fi,mapped,615,0.4712875776700755,False,0.589051316660404
1647,1810,s.254b2776-bc80-46f7-8c32-b68bb6dd8208.txt,CSS10_fi_fy_mapped_615:2,67.0,1,2.0,1.0,5.0,CSS10_fi_fy_mapped,fi,mapped,615,0.4712875776700755,False,0.589051316660404
1648,1811,s.c593a7dd-af61-4749-a86c-b6296279101f.txt,CSS10_fi_fy_mapped_615:2,48.0,2,1.0,1.0,5.0,CSS10_fi_fy_mapped,fi,mapped,615,0.4712875776700755,False,0.589051316660404
1649,1812,s.085ba323-efb6-4c13-9e0d-77d3187cfa62.txt,CSS10_fi_fy_mapped_615:2,53.0,2,1.0,2.0,5.0,CSS10_fi_fy_mapped,fi,mapped,615,0.4712875776700755,False,0.589051316660404
1650,1813,s.682382c8-1dbf-4e85-9039-ae77ee34796d.txt,CSS10_fi_fy_mapped_615:2,51.0,2,3.0,1.0,5.0,CSS10_fi_fy_mapped,fi,mapped,615,0.4712875776700755,False,0.589051316660404
1651,1814,s.d2054052-3aa3-4b68-ab97-8811888cf4c3.txt,CSS10_fi_fy_separate_615:2,95.0,1,1.0,1.0,5.0,CSS10_fi_fy_separate,fi,separate,615,0.4712875776700755,False,0.589051316660404
1652,1815,s.00c29e03-425a-4b1c-87db-a4514908d64c.txt,CSS10_fi_fy_separate_615:2,54.0,1,1.0,1.0,5.0,CSS10_fi_fy_separate,fi,separate,615,0.4712875776700755,False,0.589051316660404
1653,1816,s.f5644dbc-e7e2-4344-938c-bfc9d305e671.txt,CSS10_fi_fy_separate_615:2,20.0,1,3.0,2.0,5.0,CSS10_fi_fy_separate,fi,separate,615,0.4712875776700755,False,0.589051316660404
1654,1817,s.254b2776-bc80-46f7-8c32-b68bb6dd8208.txt,CSS10_fi_fy_separate_615:2,54.0,1,2.0,1.0,5.0,CSS10_fi_fy_separate,fi,separate,615,0.4712875776700755,False,0.589051316660404
1655,1818,s.c593a7dd-af61-4749-a86c-b6296279101f.txt,CSS10_fi_fy_separate_615:2,63.0,2,1.0,1.0,5.0,CSS10_fi_fy_separate,fi,separate,615,0.4712875776700755,False,0.589051316660404
1656,1819,s.085ba323-efb6-4c13-9e0d-77d3187cfa62.txt,CSS10_fi_fy_separate_615:2,36.0,2,1.0,2.0,5.0,CSS10_fi_fy_separate,fi,separate,615,0.4712875776700755,False,0.589051316660404
1657,1820,s.682382c8-1dbf-4e85-9039-ae77ee34796d.txt,CSS10_fi_fy_separate_615:2,59.0,2,3.0,1.0,5.0,CSS10_fi_fy_separate,fi,separate,615,0.4712875776700755,False,0.589051316660404
1658,1821,s.d2054052-3aa3-4b68-ab97-8811888cf4c3.txt,CSS10_es_ES_fy_mapped_615:2,93.0,1,1.0,1.0,5.0,CSS10_es_ES_fy_mapped,es,mapped,615,0.3556332899614416,True,0.5542149920824098
1659,1822,s.00c29e03-425a-4b1c-87db-a4514908d64c.txt,CSS10_es_ES_fy_mapped_615:2,91.0,1,1.0,1.0,5.0,CSS10_es_ES_fy_mapped,es,mapped,615,0.3556332899614416,True,0.5542149920824098
1660,1823,s.f5644dbc-e7e2-4344-938c-bfc9d305e671.txt,CSS10_es_ES_fy_mapped_615:2,10.0,1,3.0,2.0,5.0,CSS10_es_ES_fy_mapped,es,mapped,615,0.3556332899614416,True,0.5542149920824098
1661,1824,s.254b2776-bc80-46f7-8c32-b68bb6dd8208.txt,CSS10_es_ES_fy_mapped_615:2,49.0,1,2.0,1.0,5.0,CSS10_es_ES_fy_mapped,es,mapped,615,0.3556332899614416,True,0.5542149920824098
1662,1825,s.c593a7dd-af61-4749-a86c-b6296279101f.txt,CSS10_es_ES_fy_mapped_615:2,89.0,2,1.0,1.0,5.0,CSS10_es_ES_fy_mapped,es,mapped,615,0.3556332899614416,True,0.5542149920824098
1663,1826,s.085ba323-efb6-4c13-9e0d-77d3187cfa62.txt,CSS10_es_ES_fy_mapped_615:2,82.0,2,1.0,2.0,5.0,CSS10_es_ES_fy_mapped,es,mapped,615,0.3556332899614416,True,0.5542149920824098
1664,1827,s.682382c8-1dbf-4e85-9039-ae77ee34796d.txt,CSS10_es_ES_fy_mapped_615:2,49.0,2,3.0,1.0,5.0,CSS10_es_ES_fy_mapped,es,mapped,615,0.3556332899614416,True,0.5542149920824098
1665,1828,s.d2054052-3aa3-4b68-ab97-8811888cf4c3.txt,CSS10_es_ES_fy_separate_615:2,79.0,1,1.0,1.0,5.0,CSS10_es_ES_fy_separate,es,separate,615,0.3556332899614416,True,0.5542149920824098
1666,1829,s.00c29e03-425a-4b1c-87db-a4514908d64c.txt,CSS10_es_ES_fy_separate_615:2,27.0,1,1.0,1.0,5.0,CSS10_es_ES_fy_separate,es,separate,615,0.3556332899614416,True,0.5542149920824098
1667,1830,s.f5644dbc-e7e2-4344-938c-bfc9d305e671.txt,CSS10_es_ES_fy_separate_615:2,10.0,1,3.0,2.0,5.0,CSS10_es_ES_fy_separate,es,separate,615,0.3556332899614416,True,0.5542149920824098
1668,1831,s.254b2776-bc80-46f7-8c32-b68bb6dd8208.txt,CSS10_es_ES_fy_separate_615:2,39.0,1,2.0,1.0,5.0,CSS10_es_ES_fy_separate,es,separate,615,0.3556332899614416,True,0.5542149920824098
1669,1832,s.c593a7dd-af61-4749-a86c-b6296279101f.txt,CSS10_es_ES_fy_separate_615:2,45.0,2,1.0,1.0,5.0,CSS10_es_ES_fy_separate,es,separate,615,0.3556332899614416,True,0.5542149920824098
1670,1833,s.085ba323-efb6-4c13-9e0d-77d3187cfa62.txt,CSS10_es_ES_fy_separate_615:2,66.0,2,1.0,2.0,5.0,CSS10_es_ES_fy_separate,es,separate,615,0.3556332899614416,True,0.5542149920824098
1671,1834,s.682382c8-1dbf-4e85-9039-ae77ee34796d.txt,CSS10_es_ES_fy_separate_615:2,37.0,2,3.0,1.0,5.0,CSS10_es_ES_fy_separate,es,separate,615,0.3556332899614416,True,0.5542149920824098
1672,1835,s.d2054052-3aa3-4b68-ab97-8811888cf4c3.txt,CSS10_fr_FR_fy_mapped_615:2,86.0,1,1.0,1.0,5.0,CSS10_fr_FR_fy_mapped,fr,mapped,615,0.3858417708035707,True,0.5912821288047041
1673,1836,s.00c29e03-425a-4b1c-87db-a4514908d64c.txt,CSS10_fr_FR_fy_mapped_615:2,50.0,1,1.0,1.0,5.0,CSS10_fr_FR_fy_mapped,fr,mapped,615,0.3858417708035707,True,0.5912821288047041
1674,1837,s.f5644dbc-e7e2-4344-938c-bfc9d305e671.txt,CSS10_fr_FR_fy_mapped_615:2,15.0,1,3.0,2.0,5.0,CSS10_fr_FR_fy_mapped,fr,mapped,615,0.3858417708035707,True,0.5912821288047041
1675,1838,s.254b2776-bc80-46f7-8c32-b68bb6dd8208.txt,CSS10_fr_FR_fy_mapped_615:2,76.0,1,2.0,1.0,5.0,CSS10_fr_FR_fy_mapped,fr,mapped,615,0.3858417708035707,True,0.5912821288047041
1676,1839,s.c593a7dd-af61-4749-a86c-b6296279101f.txt,CSS10_fr_FR_fy_mapped_615:2,67.0,2,1.0,1.0,5.0,CSS10_fr_FR_fy_mapped,fr,mapped,615,0.3858417708035707,True,0.5912821288047041
1677,1840,s.085ba323-efb6-4c13-9e0d-77d3187cfa62.txt,CSS10_fr_FR_fy_mapped_615:2,62.0,2,1.0,2.0,5.0,CSS10_fr_FR_fy_mapped,fr,mapped,615,0.3858417708035707,True,0.5912821288047041
1678,1841,s.682382c8-1dbf-4e85-9039-ae77ee34796d.txt,CSS10_fr_FR_fy_mapped_615:2,62.0,2,3.0,1.0,5.0,CSS10_fr_FR_fy_mapped,fr,mapped,615,0.3858417708035707,True,0.5912821288047041
1679,1842,s.d2054052-3aa3-4b68-ab97-8811888cf4c3.txt,CSS10_fr_FR_fy_separate_615:2,92.0,1,1.0,1.0,5.0,CSS10_fr_FR_fy_separate,fr,separate,615,0.3858417708035707,True,0.5912821288047041
1680,1843,s.00c29e03-425a-4b1c-87db-a4514908d64c.txt,CSS10_fr_FR_fy_separate_615:2,9.0,1,1.0,1.0,5.0,CSS10_fr_FR_fy_separate,fr,separate,615,0.3858417708035707,True,0.5912821288047041
1681,1844,s.f5644dbc-e7e2-4344-938c-bfc9d305e671.txt,CSS10_fr_FR_fy_separate_615:2,10.0,1,3.0,2.0,5.0,CSS10_fr_FR_fy_separate,fr,separate,615,0.3858417708035707,True,0.5912821288047041
1682,1845,s.254b2776-bc80-46f7-8c32-b68bb6dd8208.txt,CSS10_fr_FR_fy_separate_615:2,40.0,1,2.0,1.0,5.0,CSS10_fr_FR_fy_separate,fr,separate,615,0.3858417708035707,True,0.5912821288047041
1683,1846,s.c593a7dd-af61-4749-a86c-b6296279101f.txt,CSS10_fr_FR_fy_separate_615:2,39.0,2,1.0,1.0,5.0,CSS10_fr_FR_fy_separate,fr,separate,615,0.3858417708035707,True,0.5912821288047041
1684,1847,s.085ba323-efb6-4c13-9e0d-77d3187cfa62.txt,CSS10_fr_FR_fy_separate_615:2,39.0,2,1.0,2.0,5.0,CSS10_fr_FR_fy_separate,fr,separate,615,0.3858417708035707,True,0.5912821288047041
1685,1848,s.682382c8-1dbf-4e85-9039-ae77ee34796d.txt,CSS10_fr_FR_fy_separate_615:2,41.0,2,3.0,1.0,5.0,CSS10_fr_FR_fy_separate,fr,separate,615,0.3858417708035707,True,0.5912821288047041
1686,1849,s.d2054052-3aa3-4b68-ab97-8811888cf4c3.txt,CSS10_ja_fy_mapped_615:2,77.0,1,1.0,1.0,5.0,CSS10_ja_fy_mapped,ja,mapped,615,0.3376253301286601,False,0.5288640784184614
1687,1850,s.00c29e03-425a-4b1c-87db-a4514908d64c.txt,CSS10_ja_fy_mapped_615:2,50.0,1,1.0,1.0,5.0,CSS10_ja_fy_mapped,ja,mapped,615,0.3376253301286601,False,0.5288640784184614
1688,1851,s.f5644dbc-e7e2-4344-938c-bfc9d305e671.txt,CSS10_ja_fy_mapped_615:2,10.0,1,3.0,2.0,5.0,CSS10_ja_fy_mapped,ja,mapped,615,0.3376253301286601,False,0.5288640784184614
1689,1852,s.254b2776-bc80-46f7-8c32-b68bb6dd8208.txt,CSS10_ja_fy_mapped_615:2,41.0,1,2.0,1.0,5.0,CSS10_ja_fy_mapped,ja,mapped,615,0.3376253301286601,False,0.5288640784184614
1690,1853,s.c593a7dd-af61-4749-a86c-b6296279101f.txt,CSS10_ja_fy_mapped_615:2,74.0,2,1.0,1.0,5.0,CSS10_ja_fy_mapped,ja,mapped,615,0.3376253301286601,False,0.5288640784184614
1691,1854,s.085ba323-efb6-4c13-9e0d-77d3187cfa62.txt,CSS10_ja_fy_mapped_615:2,49.0,2,1.0,2.0,5.0,CSS10_ja_fy_mapped,ja,mapped,615,0.3376253301286601,False,0.5288640784184614
1692,1855,s.682382c8-1dbf-4e85-9039-ae77ee34796d.txt,CSS10_ja_fy_mapped_615:2,71.0,2,3.0,1.0,5.0,CSS10_ja_fy_mapped,ja,mapped,615,0.3376253301286601,False,0.5288640784184614
1693,1856,s.d2054052-3aa3-4b68-ab97-8811888cf4c3.txt,CSS10_ja_fy_separate_615:2,61.0,1,1.0,1.0,5.0,CSS10_ja_fy_separate,ja,separate,615,0.3376253301286601,False,0.5288640784184614
1694,1857,s.00c29e03-425a-4b1c-87db-a4514908d64c.txt,CSS10_ja_fy_separate_615:2,24.0,1,1.0,1.0,5.0,CSS10_ja_fy_separate,ja,separate,615,0.3376253301286601,False,0.5288640784184614
1695,1858,s.f5644dbc-e7e2-4344-938c-bfc9d305e671.txt,CSS10_ja_fy_separate_615:2,15.0,1,3.0,2.0,5.0,CSS10_ja_fy_separate,ja,separate,615,0.3376253301286601,False,0.5288640784184614
1696,1859,s.254b2776-bc80-46f7-8c32-b68bb6dd8208.txt,CSS10_ja_fy_separate_615:2,33.0,1,2.0,1.0,5.0,CSS10_ja_fy_separate,ja,separate,615,0.3376253301286601,False,0.5288640784184614
1697,1860,s.c593a7dd-af61-4749-a86c-b6296279101f.txt,CSS10_ja_fy_separate_615:2,48.0,2,1.0,1.0,5.0,CSS10_ja_fy_separate,ja,separate,615,0.3376253301286601,False,0.5288640784184614
1698,1861,s.085ba323-efb6-4c13-9e0d-77d3187cfa62.txt,CSS10_ja_fy_separate_615:2,34.0,2,1.0,2.0,5.0,CSS10_ja_fy_separate,ja,separate,615,0.3376253301286601,False,0.5288640784184614
1699,1862,s.682382c8-1dbf-4e85-9039-ae77ee34796d.txt,CSS10_ja_fy_separate_615:2,43.0,2,3.0,1.0,5.0,CSS10_ja_fy_separate,ja,separate,615,0.3376253301286601,False,0.5288640784184614
1700,1870,s.d2054052-3aa3-4b68-ab97-8811888cf4c3.txt,CSS10_nl_fy_mapped_2309:2,78.0,1,1.0,1.0,5.0,CSS10_nl_fy_mapped,nl,mapped,2309,0.7360212295121642,True,0.8372061516839009
1701,1871,s.00c29e03-425a-4b1c-87db-a4514908d64c.txt,CSS10_nl_fy_mapped_2309:2,80.0,1,1.0,1.0,5.0,CSS10_nl_fy_mapped,nl,mapped,2309,0.7360212295121642,True,0.8372061516839009
1702,1872,s.f5644dbc-e7e2-4344-938c-bfc9d305e671.txt,CSS10_nl_fy_mapped_2309:2,10.0,1,3.0,2.0,5.0,CSS10_nl_fy_mapped,nl,mapped,2309,0.7360212295121642,True,0.8372061516839009
1703,1873,s.254b2776-bc80-46f7-8c32-b68bb6dd8208.txt,CSS10_nl_fy_mapped_2309:2,73.0,1,2.0,1.0,5.0,CSS10_nl_fy_mapped,nl,mapped,2309,0.7360212295121642,True,0.8372061516839009
1704,1874,s.c593a7dd-af61-4749-a86c-b6296279101f.txt,CSS10_nl_fy_mapped_2309:2,45.0,2,1.0,1.0,5.0,CSS10_nl_fy_mapped,nl,mapped,2309,0.7360212295121642,True,0.8372061516839009
1705,1875,s.085ba323-efb6-4c13-9e0d-77d3187cfa62.txt,CSS10_nl_fy_mapped_2309:2,62.0,2,1.0,2.0,5.0,CSS10_nl_fy_mapped,nl,mapped,2309,0.7360212295121642,True,0.8372061516839009
1706,1876,s.682382c8-1dbf-4e85-9039-ae77ee34796d.txt,CSS10_nl_fy_mapped_2309:2,47.0,2,3.0,1.0,5.0,CSS10_nl_fy_mapped,nl,mapped,2309,0.7360212295121642,True,0.8372061516839009
1707,1877,s.d2054052-3aa3-4b68-ab97-8811888cf4c3.txt,CSS10_nl_fy_separate_2309:2,78.0,1,1.0,1.0,5.0,CSS10_nl_fy_separate,nl,separate,2309,0.7360212295121642,True,0.8372061516839009
1708,1878,s.00c29e03-425a-4b1c-87db-a4514908d64c.txt,CSS10_nl_fy_separate_2309:2,47.0,1,1.0,1.0,5.0,CSS10_nl_fy_separate,nl,separate,2309,0.7360212295121642,True,0.8372061516839009
1709,1879,s.f5644dbc-e7e2-4344-938c-bfc9d305e671.txt,CSS10_nl_fy_separate_2309:2,5.0,1,3.0,2.0,5.0,CSS10_nl_fy_separate,nl,separate,2309,0.7360212295121642,True,0.8372061516839009
1710,1880,s.254b2776-bc80-46f7-8c32-b68bb6dd8208.txt,CSS10_nl_fy_separate_2309:2,39.0,1,2.0,1.0,5.0,CSS10_nl_fy_separate,nl,separate,2309,0.7360212295121642,True,0.8372061516839009
1711,1881,s.c593a7dd-af61-4749-a86c-b6296279101f.txt,CSS10_nl_fy_separate_2309:2,57.0,2,1.0,1.0,5.0,CSS10_nl_fy_separate,nl,separate,2309,0.7360212295121642,True,0.8372061516839009
1712,1882,s.085ba323-efb6-4c13-9e0d-77d3187cfa62.txt,CSS10_nl_fy_separate_2309:2,42.0,2,1.0,2.0,5.0,CSS10_nl_fy_separate,nl,separate,2309,0.7360212295121642,True,0.8372061516839009
1713,1883,s.682382c8-1dbf-4e85-9039-ae77ee34796d.txt,CSS10_nl_fy_separate_2309:2,61.0,2,3.0,1.0,5.0,CSS10_nl_fy_separate,nl,separate,2309,0.7360212295121642,True,0.8372061516839009
1714,1884,s.d2054052-3aa3-4b68-ab97-8811888cf4c3.txt,CSS10_fi_fy_mapped_2309:2,83.0,1,1.0,1.0,5.0,CSS10_fi_fy_mapped,fi,mapped,2309,0.4712875776700755,False,0.5989743268017992
1715,1885,s.00c29e03-425a-4b1c-87db-a4514908d64c.txt,CSS10_fi_fy_mapped_2309:2,50.0,1,1.0,1.0,5.0,CSS10_fi_fy_mapped,fi,mapped,2309,0.4712875776700755,False,0.5989743268017992
1716,1886,s.f5644dbc-e7e2-4344-938c-bfc9d305e671.txt,CSS10_fi_fy_mapped_2309:2,10.0,1,3.0,2.0,5.0,CSS10_fi_fy_mapped,fi,mapped,2309,0.4712875776700755,False,0.5989743268017992
1717,1887,s.254b2776-bc80-46f7-8c32-b68bb6dd8208.txt,CSS10_fi_fy_mapped_2309:2,73.0,1,2.0,1.0,5.0,CSS10_fi_fy_mapped,fi,mapped,2309,0.4712875776700755,False,0.5989743268017992
1718,1888,s.c593a7dd-af61-4749-a86c-b6296279101f.txt,CSS10_fi_fy_mapped_2309:2,53.0,2,1.0,1.0,5.0,CSS10_fi_fy_mapped,fi,mapped,2309,0.4712875776700755,False,0.5989743268017992
1719,1889,s.085ba323-efb6-4c13-9e0d-77d3187cfa62.txt,CSS10_fi_fy_mapped_2309:2,72.0,2,1.0,2.0,5.0,CSS10_fi_fy_mapped,fi,mapped,2309,0.4712875776700755,False,0.5989743268017992
1720,1890,s.682382c8-1dbf-4e85-9039-ae77ee34796d.txt,CSS10_fi_fy_mapped_2309:2,39.0,2,3.0,1.0,5.0,CSS10_fi_fy_mapped,fi,mapped,2309,0.4712875776700755,False,0.5989743268017992
1721,1891,s.d2054052-3aa3-4b68-ab97-8811888cf4c3.txt,CSS10_fi_fy_separate_2309:2,86.0,1,1.0,1.0,5.0,CSS10_fi_fy_separate,fi,separate,2309,0.4712875776700755,False,0.5989743268017992
1722,1892,s.00c29e03-425a-4b1c-87db-a4514908d64c.txt,CSS10_fi_fy_separate_2309:2,50.0,1,1.0,1.0,5.0,CSS10_fi_fy_separate,fi,separate,2309,0.4712875776700755,False,0.5989743268017992
1723,1893,s.f5644dbc-e7e2-4344-938c-bfc9d305e671.txt,CSS10_fi_fy_separate_2309:2,10.0,1,3.0,2.0,5.0,CSS10_fi_fy_separate,fi,separate,2309,0.4712875776700755,False,0.5989743268017992
1724,1894,s.254b2776-bc80-46f7-8c32-b68bb6dd8208.txt,CSS10_fi_fy_separate_2309:2,48.0,1,2.0,1.0,5.0,CSS10_fi_fy_separate,fi,separate,2309,0.4712875776700755,False,0.5989743268017992
1725,1895,s.c593a7dd-af61-4749-a86c-b6296279101f.txt,CSS10_fi_fy_separate_2309:2,47.0,2,1.0,1.0,5.0,CSS10_fi_fy_separate,fi,separate,2309,0.4712875776700755,False,0.5989743268017992
1726,1896,s.085ba323-efb6-4c13-9e0d-77d3187cfa62.txt,CSS10_fi_fy_separate_2309:2,45.0,2,1.0,2.0,5.0,CSS10_fi_fy_separate,fi,separate,2309,0.4712875776700755,False,0.5989743268017992
1727,1897,s.682382c8-1dbf-4e85-9039-ae77ee34796d.txt,CSS10_fi_fy_separate_2309:2,37.0,2,3.0,1.0,5.0,CSS10_fi_fy_separate,fi,separate,2309,0.4712875776700755,False,0.5989743268017992
1728,1898,s.d2054052-3aa3-4b68-ab97-8811888cf4c3.txt,CSS10_es_ES_fy_mapped_2309:2,70.0,1,1.0,1.0,5.0,CSS10_es_ES_fy_mapped,es,mapped,2309,0.3556332899614416,True,0.5667974851733324
1729,1899,s.00c29e03-425a-4b1c-87db-a4514908d64c.txt,CSS10_es_ES_fy_mapped_2309:2,29.0,1,1.0,1.0,5.0,CSS10_es_ES_fy_mapped,es,mapped,2309,0.3556332899614416,True,0.5667974851733324
1730,1900,s.f5644dbc-e7e2-4344-938c-bfc9d305e671.txt,CSS10_es_ES_fy_mapped_2309:2,15.0,1,3.0,2.0,5.0,CSS10_es_ES_fy_mapped,es,mapped,2309,0.3556332899614416,True,0.5667974851733324
1731,1901,s.254b2776-bc80-46f7-8c32-b68bb6dd8208.txt,CSS10_es_ES_fy_mapped_2309:2,58.0,1,2.0,1.0,5.0,CSS10_es_ES_fy_mapped,es,mapped,2309,0.3556332899614416,True,0.5667974851733324
1732,1902,s.c593a7dd-af61-4749-a86c-b6296279101f.txt,CSS10_es_ES_fy_mapped_2309:2,40.0,2,1.0,1.0,5.0,CSS10_es_ES_fy_mapped,es,mapped,2309,0.3556332899614416,True,0.5667974851733324
1733,1903,s.085ba323-efb6-4c13-9e0d-77d3187cfa62.txt,CSS10_es_ES_fy_mapped_2309:2,26.0,2,1.0,2.0,5.0,CSS10_es_ES_fy_mapped,es,mapped,2309,0.3556332899614416,True,0.5667974851733324
1734,1904,s.682382c8-1dbf-4e85-9039-ae77ee34796d.txt,CSS10_es_ES_fy_mapped_2309:2,38.0,2,3.0,1.0,5.0,CSS10_es_ES_fy_mapped,es,mapped,2309,0.3556332899614416,True,0.5667974851733324
1735,1905,s.d2054052-3aa3-4b68-ab97-8811888cf4c3.txt,CSS10_es_ES_fy_separate_2309:2,72.0,1,1.0,1.0,5.0,CSS10_es_ES_fy_separate,es,separate,2309,0.3556332899614416,True,0.5667974851733324
1736,1906,s.00c29e03-425a-4b1c-87db-a4514908d64c.txt,CSS10_es_ES_fy_separate_2309:2,8.0,1,1.0,1.0,5.0,CSS10_es_ES_fy_separate,es,separate,2309,0.3556332899614416,True,0.5667974851733324
1737,1907,s.f5644dbc-e7e2-4344-938c-bfc9d305e671.txt,CSS10_es_ES_fy_separate_2309:2,10.0,1,3.0,2.0,5.0,CSS10_es_ES_fy_separate,es,separate,2309,0.3556332899614416,True,0.5667974851733324
1738,1908,s.254b2776-bc80-46f7-8c32-b68bb6dd8208.txt,CSS10_es_ES_fy_separate_2309:2,34.0,1,2.0,1.0,5.0,CSS10_es_ES_fy_separate,es,separate,2309,0.3556332899614416,True,0.5667974851733324
1739,1909,s.c593a7dd-af61-4749-a86c-b6296279101f.txt,CSS10_es_ES_fy_separate_2309:2,53.0,2,1.0,1.0,5.0,CSS10_es_ES_fy_separate,es,separate,2309,0.3556332899614416,True,0.5667974851733324
1740,1910,s.085ba323-efb6-4c13-9e0d-77d3187cfa62.txt,CSS10_es_ES_fy_separate_2309:2,45.0,2,1.0,2.0,5.0,CSS10_es_ES_fy_separate,es,separate,2309,0.3556332899614416,True,0.5667974851733324
1741,1911,s.682382c8-1dbf-4e85-9039-ae77ee34796d.txt,CSS10_es_ES_fy_separate_2309:2,34.0,2,3.0,1.0,5.0,CSS10_es_ES_fy_separate,es,separate,2309,0.3556332899614416,True,0.5667974851733324
1742,1912,s.d2054052-3aa3-4b68-ab97-8811888cf4c3.txt,CSS10_fr_FR_fy_mapped_2309:2,83.0,1,1.0,1.0,5.0,CSS10_fr_FR_fy_mapped,fr,mapped,2309,0.3858417708035707,True,0.6105804390225322
1743,1913,s.00c29e03-425a-4b1c-87db-a4514908d64c.txt,CSS10_fr_FR_fy_mapped_2309:2,49.0,1,1.0,1.0,5.0,CSS10_fr_FR_fy_mapped,fr,mapped,2309,0.3858417708035707,True,0.6105804390225322
1744,1914,s.f5644dbc-e7e2-4344-938c-bfc9d305e671.txt,CSS10_fr_FR_fy_mapped_2309:2,10.0,1,3.0,2.0,5.0,CSS10_fr_FR_fy_mapped,fr,mapped,2309,0.3858417708035707,True,0.6105804390225322
1745,1915,s.254b2776-bc80-46f7-8c32-b68bb6dd8208.txt,CSS10_fr_FR_fy_mapped_2309:2,45.0,1,2.0,1.0,5.0,CSS10_fr_FR_fy_mapped,fr,mapped,2309,0.3858417708035707,True,0.6105804390225322
1746,1916,s.c593a7dd-af61-4749-a86c-b6296279101f.txt,CSS10_fr_FR_fy_mapped_2309:2,45.0,2,1.0,1.0,5.0,CSS10_fr_FR_fy_mapped,fr,mapped,2309,0.3858417708035707,True,0.6105804390225322
1747,1917,s.085ba323-efb6-4c13-9e0d-77d3187cfa62.txt,CSS10_fr_FR_fy_mapped_2309:2,42.0,2,1.0,2.0,5.0,CSS10_fr_FR_fy_mapped,fr,mapped,2309,0.3858417708035707,True,0.6105804390225322
1748,1918,s.682382c8-1dbf-4e85-9039-ae77ee34796d.txt,CSS10_fr_FR_fy_mapped_2309:2,57.0,2,3.0,1.0,5.0,CSS10_fr_FR_fy_mapped,fr,mapped,2309,0.3858417708035707,True,0.6105804390225322
1749,1919,s.d2054052-3aa3-4b68-ab97-8811888cf4c3.txt,CSS10_fr_FR_fy_separate_2309:2,74.0,1,1.0,1.0,5.0,CSS10_fr_FR_fy_separate,fr,separate,2309,0.3858417708035707,True,0.6105804390225322
1750,1920,s.00c29e03-425a-4b1c-87db-a4514908d64c.txt,CSS10_fr_FR_fy_separate_2309:2,0.0,1,1.0,1.0,5.0,CSS10_fr_FR_fy_separate,fr,separate,2309,0.3858417708035707,True,0.6105804390225322
1751,1921,s.f5644dbc-e7e2-4344-938c-bfc9d305e671.txt,CSS10_fr_FR_fy_separate_2309:2,10.0,1,3.0,2.0,5.0,CSS10_fr_FR_fy_separate,fr,separate,2309,0.3858417708035707,True,0.6105804390225322
1752,1922,s.254b2776-bc80-46f7-8c32-b68bb6dd8208.txt,CSS10_fr_FR_fy_separate_2309:2,30.0,1,2.0,1.0,5.0,CSS10_fr_FR_fy_separate,fr,separate,2309,0.3858417708035707,True,0.6105804390225322
1753,1923,s.c593a7dd-af61-4749-a86c-b6296279101f.txt,CSS10_fr_FR_fy_separate_2309:2,30.0,2,1.0,1.0,5.0,CSS10_fr_FR_fy_separate,fr,separate,2309,0.3858417708035707,True,0.6105804390225322
1754,1924,s.085ba323-efb6-4c13-9e0d-77d3187cfa62.txt,CSS10_fr_FR_fy_separate_2309:2,22.0,2,1.0,2.0,5.0,CSS10_fr_FR_fy_separate,fr,separate,2309,0.3858417708035707,True,0.6105804390225322
1755,1925,s.682382c8-1dbf-4e85-9039-ae77ee34796d.txt,CSS10_fr_FR_fy_separate_2309:2,31.0,2,3.0,1.0,5.0,CSS10_fr_FR_fy_separate,fr,separate,2309,0.3858417708035707,True,0.6105804390225322
1756,1926,s.d2054052-3aa3-4b68-ab97-8811888cf4c3.txt,CSS10_ja_fy_mapped_2309:2,70.0,1,1.0,1.0,5.0,CSS10_ja_fy_mapped,ja,mapped,2309,0.3376253301286601,False,0.5056970007893766
1757,1927,s.00c29e03-425a-4b1c-87db-a4514908d64c.txt,CSS10_ja_fy_mapped_2309:2,5.0,1,1.0,1.0,5.0,CSS10_ja_fy_mapped,ja,mapped,2309,0.3376253301286601,False,0.5056970007893766
1758,1928,s.f5644dbc-e7e2-4344-938c-bfc9d305e671.txt,CSS10_ja_fy_mapped_2309:2,5.0,1,3.0,2.0,5.0,CSS10_ja_fy_mapped,ja,mapped,2309,0.3376253301286601,False,0.5056970007893766
1759,1929,s.254b2776-bc80-46f7-8c32-b68bb6dd8208.txt,CSS10_ja_fy_mapped_2309:2,27.0,1,2.0,1.0,5.0,CSS10_ja_fy_mapped,ja,mapped,2309,0.3376253301286601,False,0.5056970007893766
1760,1930,s.c593a7dd-af61-4749-a86c-b6296279101f.txt,CSS10_ja_fy_mapped_2309:2,34.0,2,1.0,1.0,5.0,CSS10_ja_fy_mapped,ja,mapped,2309,0.3376253301286601,False,0.5056970007893766
1761,1931,s.085ba323-efb6-4c13-9e0d-77d3187cfa62.txt,CSS10_ja_fy_mapped_2309:2,17.0,2,1.0,2.0,5.0,CSS10_ja_fy_mapped,ja,mapped,2309,0.3376253301286601,False,0.5056970007893766
1762,1932,s.682382c8-1dbf-4e85-9039-ae77ee34796d.txt,CSS10_ja_fy_mapped_2309:2,38.0,2,3.0,1.0,5.0,CSS10_ja_fy_mapped,ja,mapped,2309,0.3376253301286601,False,0.5056970007893766
1763,1933,s.d2054052-3aa3-4b68-ab97-8811888cf4c3.txt,CSS10_ja_fy_separate_2309:2,77.0,1,1.0,1.0,5.0,CSS10_ja_fy_separate,ja,separate,2309,0.3376253301286601,False,0.5056970007893766
1764,1934,s.00c29e03-425a-4b1c-87db-a4514908d64c.txt,CSS10_ja_fy_separate_2309:2,51.0,1,1.0,1.0,5.0,CSS10_ja_fy_separate,ja,separate,2309,0.3376253301286601,False,0.5056970007893766
1765,1935,s.f5644dbc-e7e2-4344-938c-bfc9d305e671.txt,CSS10_ja_fy_separate_2309:2,10.0,1,3.0,2.0,5.0,CSS10_ja_fy_separate,ja,separate,2309,0.3376253301286601,False,0.5056970007893766
1766,1936,s.254b2776-bc80-46f7-8c32-b68bb6dd8208.txt,CSS10_ja_fy_separate_2309:2,16.0,1,2.0,1.0,5.0,CSS10_ja_fy_separate,ja,separate,2309,0.3376253301286601,False,0.5056970007893766
1767,1937,s.c593a7dd-af61-4749-a86c-b6296279101f.txt,CSS10_ja_fy_separate_2309:2,28.0,2,1.0,1.0,5.0,CSS10_ja_fy_separate,ja,separate,2309,0.3376253301286601,False,0.5056970007893766
1768,1938,s.085ba323-efb6-4c13-9e0d-77d3187cfa62.txt,CSS10_ja_fy_separate_2309:2,47.0,2,1.0,2.0,5.0,CSS10_ja_fy_separate,ja,separate,2309,0.3376253301286601,False,0.5056970007893766
1769,1939,s.682382c8-1dbf-4e85-9039-ae77ee34796d.txt,CSS10_ja_fy_separate_2309:2,40.0,2,3.0,1.0,5.0,CSS10_ja_fy_separate,ja,separate,2309,0.3376253301286601,False,0.5056970007893766
1770,1947,s.d2054052-3aa3-4b68-ab97-8811888cf4c3.txt,CSS10_nl_fy_mapped_2230:2,91.0,1,1.0,1.0,5.0,CSS10_nl_fy_mapped,nl,mapped,2230,0.7360212295121642,True,0.7970048697306085
1771,1948,s.00c29e03-425a-4b1c-87db-a4514908d64c.txt,CSS10_nl_fy_mapped_2230:2,88.0,1,1.0,1.0,5.0,CSS10_nl_fy_mapped,nl,mapped,2230,0.7360212295121642,True,0.7970048697306085
1772,1949,s.f5644dbc-e7e2-4344-938c-bfc9d305e671.txt,CSS10_nl_fy_mapped_2230:2,35.0,1,3.0,2.0,5.0,CSS10_nl_fy_mapped,nl,mapped,2230,0.7360212295121642,True,0.7970048697306085
1773,1950,s.254b2776-bc80-46f7-8c32-b68bb6dd8208.txt,CSS10_nl_fy_mapped_2230:2,75.0,1,2.0,1.0,5.0,CSS10_nl_fy_mapped,nl,mapped,2230,0.7360212295121642,True,0.7970048697306085
1774,1951,s.c593a7dd-af61-4749-a86c-b6296279101f.txt,CSS10_nl_fy_mapped_2230:2,80.0,2,1.0,1.0,5.0,CSS10_nl_fy_mapped,nl,mapped,2230,0.7360212295121642,True,0.7970048697306085
1775,1952,s.085ba323-efb6-4c13-9e0d-77d3187cfa62.txt,CSS10_nl_fy_mapped_2230:2,73.0,2,1.0,2.0,5.0,CSS10_nl_fy_mapped,nl,mapped,2230,0.7360212295121642,True,0.7970048697306085
1776,1953,s.682382c8-1dbf-4e85-9039-ae77ee34796d.txt,CSS10_nl_fy_mapped_2230:2,75.0,2,3.0,1.0,5.0,CSS10_nl_fy_mapped,nl,mapped,2230,0.7360212295121642,True,0.7970048697306085
1777,1954,s.d2054052-3aa3-4b68-ab97-8811888cf4c3.txt,CSS10_nl_fy_separate_2230:2,89.0,1,1.0,1.0,5.0,CSS10_nl_fy_separate,nl,separate,2230,0.7360212295121642,True,0.7970048697306085
1778,1955,s.00c29e03-425a-4b1c-87db-a4514908d64c.txt,CSS10_nl_fy_separate_2230:2,82.0,1,1.0,1.0,5.0,CSS10_nl_fy_separate,nl,separate,2230,0.7360212295121642,True,0.7970048697306085
1779,1956,s.f5644dbc-e7e2-4344-938c-bfc9d305e671.txt,CSS10_nl_fy_separate_2230:2,35.0,1,3.0,2.0,5.0,CSS10_nl_fy_separate,nl,separate,2230,0.7360212295121642,True,0.7970048697306085
1780,1957,s.254b2776-bc80-46f7-8c32-b68bb6dd8208.txt,CSS10_nl_fy_separate_2230:2,54.0,1,2.0,1.0,5.0,CSS10_nl_fy_separate,nl,separate,2230,0.7360212295121642,True,0.7970048697306085
1781,1958,s.c593a7dd-af61-4749-a86c-b6296279101f.txt,CSS10_nl_fy_separate_2230:2,52.0,2,1.0,1.0,5.0,CSS10_nl_fy_separate,nl,separate,2230,0.7360212295121642,True,0.7970048697306085
1782,1959,s.085ba323-efb6-4c13-9e0d-77d3187cfa62.txt,CSS10_nl_fy_separate_2230:2,71.0,2,1.0,2.0,5.0,CSS10_nl_fy_separate,nl,separate,2230,0.7360212295121642,True,0.7970048697306085
1783,1960,s.682382c8-1dbf-4e85-9039-ae77ee34796d.txt,CSS10_nl_fy_separate_2230:2,55.0,2,3.0,1.0,5.0,CSS10_nl_fy_separate,nl,separate,2230,0.7360212295121642,True,0.7970048697306085
1784,1961,s.d2054052-3aa3-4b68-ab97-8811888cf4c3.txt,CSS10_fi_fy_mapped_2230:2,79.0,1,1.0,1.0,5.0,CSS10_fi_fy_mapped,fi,mapped,2230,0.4712875776700755,False,0.5853751014379198
1785,1962,s.00c29e03-425a-4b1c-87db-a4514908d64c.txt,CSS10_fi_fy_mapped_2230:2,20.0,1,1.0,1.0,5.0,CSS10_fi_fy_mapped,fi,mapped,2230,0.4712875776700755,False,0.5853751014379198
1786,1963,s.f5644dbc-e7e2-4344-938c-bfc9d305e671.txt,CSS10_fi_fy_mapped_2230:2,20.0,1,3.0,2.0,5.0,CSS10_fi_fy_mapped,fi,mapped,2230,0.4712875776700755,False,0.5853751014379198
1787,1964,s.254b2776-bc80-46f7-8c32-b68bb6dd8208.txt,CSS10_fi_fy_mapped_2230:2,42.0,1,2.0,1.0,5.0,CSS10_fi_fy_mapped,fi,mapped,2230,0.4712875776700755,False,0.5853751014379198
1788,1965,s.c593a7dd-af61-4749-a86c-b6296279101f.txt,CSS10_fi_fy_mapped_2230:2,48.0,2,1.0,1.0,5.0,CSS10_fi_fy_mapped,fi,mapped,2230,0.4712875776700755,False,0.5853751014379198
1789,1966,s.085ba323-efb6-4c13-9e0d-77d3187cfa62.txt,CSS10_fi_fy_mapped_2230:2,72.0,2,1.0,2.0,5.0,CSS10_fi_fy_mapped,fi,mapped,2230,0.4712875776700755,False,0.5853751014379198
1790,1967,s.682382c8-1dbf-4e85-9039-ae77ee34796d.txt,CSS10_fi_fy_mapped_2230:2,60.0,2,3.0,1.0,5.0,CSS10_fi_fy_mapped,fi,mapped,2230,0.4712875776700755,False,0.5853751014379198
1791,1968,s.d2054052-3aa3-4b68-ab97-8811888cf4c3.txt,CSS10_fi_fy_separate_2230:2,79.0,1,1.0,1.0,5.0,CSS10_fi_fy_separate,fi,separate,2230,0.4712875776700755,False,0.5853751014379198
1792,1969,s.00c29e03-425a-4b1c-87db-a4514908d64c.txt,CSS10_fi_fy_separate_2230:2,67.0,1,1.0,1.0,5.0,CSS10_fi_fy_separate,fi,separate,2230,0.4712875776700755,False,0.5853751014379198
1793,1970,s.f5644dbc-e7e2-4344-938c-bfc9d305e671.txt,CSS10_fi_fy_separate_2230:2,15.0,1,3.0,2.0,5.0,CSS10_fi_fy_separate,fi,separate,2230,0.4712875776700755,False,0.5853751014379198
1794,1971,s.254b2776-bc80-46f7-8c32-b68bb6dd8208.txt,CSS10_fi_fy_separate_2230:2,45.0,1,2.0,1.0,5.0,CSS10_fi_fy_separate,fi,separate,2230,0.4712875776700755,False,0.5853751014379198
1795,1972,s.c593a7dd-af61-4749-a86c-b6296279101f.txt,CSS10_fi_fy_separate_2230:2,89.0,2,1.0,1.0,5.0,CSS10_fi_fy_separate,fi,separate,2230,0.4712875776700755,False,0.5853751014379198
1796,1973,s.085ba323-efb6-4c13-9e0d-77d3187cfa62.txt,CSS10_fi_fy_separate_2230:2,63.0,2,1.0,2.0,5.0,CSS10_fi_fy_separate,fi,separate,2230,0.4712875776700755,False,0.5853751014379198
1797,1974,s.682382c8-1dbf-4e85-9039-ae77ee34796d.txt,CSS10_fi_fy_separate_2230:2,48.0,2,3.0,1.0,5.0,CSS10_fi_fy_separate,fi,separate,2230,0.4712875776700755,False,0.5853751014379198
1798,1975,s.d2054052-3aa3-4b68-ab97-8811888cf4c3.txt,CSS10_es_ES_fy_mapped_2230:2,93.0,1,1.0,1.0,5.0,CSS10_es_ES_fy_mapped,es,mapped,2230,0.3556332899614416,True,0.5569026391247647
1799,1976,s.00c29e03-425a-4b1c-87db-a4514908d64c.txt,CSS10_es_ES_fy_mapped_2230:2,45.0,1,1.0,1.0,5.0,CSS10_es_ES_fy_mapped,es,mapped,2230,0.3556332899614416,True,0.5569026391247647
1800,1977,s.f5644dbc-e7e2-4344-938c-bfc9d305e671.txt,CSS10_es_ES_fy_mapped_2230:2,10.0,1,3.0,2.0,5.0,CSS10_es_ES_fy_mapped,es,mapped,2230,0.3556332899614416,True,0.5569026391247647
1801,1978,s.254b2776-bc80-46f7-8c32-b68bb6dd8208.txt,CSS10_es_ES_fy_mapped_2230:2,38.0,1,2.0,1.0,5.0,CSS10_es_ES_fy_mapped,es,mapped,2230,0.3556332899614416,True,0.5569026391247647
1802,1979,s.c593a7dd-af61-4749-a86c-b6296279101f.txt,CSS10_es_ES_fy_mapped_2230:2,41.0,2,1.0,1.0,5.0,CSS10_es_ES_fy_mapped,es,mapped,2230,0.3556332899614416,True,0.5569026391247647
1803,1980,s.085ba323-efb6-4c13-9e0d-77d3187cfa62.txt,CSS10_es_ES_fy_mapped_2230:2,56.0,2,1.0,2.0,5.0,CSS10_es_ES_fy_mapped,es,mapped,2230,0.3556332899614416,True,0.5569026391247647
1804,1981,s.682382c8-1dbf-4e85-9039-ae77ee34796d.txt,CSS10_es_ES_fy_mapped_2230:2,50.0,2,3.0,1.0,5.0,CSS10_es_ES_fy_mapped,es,mapped,2230,0.3556332899614416,True,0.5569026391247647
1805,1982,s.d2054052-3aa3-4b68-ab97-8811888cf4c3.txt,CSS10_es_ES_fy_separate_2230:2,69.0,1,1.0,1.0,5.0,CSS10_es_ES_fy_separate,es,separate,2230,0.3556332899614416,True,0.5569026391247647
1806,1983,s.00c29e03-425a-4b1c-87db-a4514908d64c.txt,CSS10_es_ES_fy_separate_2230:2,72.0,1,1.0,1.0,5.0,CSS10_es_ES_fy_separate,es,separate,2230,0.3556332899614416,True,0.5569026391247647
1807,1984,s.f5644dbc-e7e2-4344-938c-bfc9d305e671.txt,CSS10_es_ES_fy_separate_2230:2,15.0,1,3.0,2.0,5.0,CSS10_es_ES_fy_separate,es,separate,2230,0.3556332899614416,True,0.5569026391247647
1808,1985,s.254b2776-bc80-46f7-8c32-b68bb6dd8208.txt,CSS10_es_ES_fy_separate_2230:2,20.0,1,2.0,1.0,5.0,CSS10_es_ES_fy_separate,es,separate,2230,0.3556332899614416,True,0.5569026391247647
1809,1986,s.c593a7dd-af61-4749-a86c-b6296279101f.txt,CSS10_es_ES_fy_separate_2230:2,42.0,2,1.0,1.0,5.0,CSS10_es_ES_fy_separate,es,separate,2230,0.3556332899614416,True,0.5569026391247647
1810,1987,s.085ba323-efb6-4c13-9e0d-77d3187cfa62.txt,CSS10_es_ES_fy_separate_2230:2,54.0,2,1.0,2.0,5.0,CSS10_es_ES_fy_separate,es,separate,2230,0.3556332899614416,True,0.5569026391247647
1811,1988,s.682382c8-1dbf-4e85-9039-ae77ee34796d.txt,CSS10_es_ES_fy_separate_2230:2,65.0,2,3.0,1.0,5.0,CSS10_es_ES_fy_separate,es,separate,2230,0.3556332899614416,True,0.5569026391247647
1812,1989,s.d2054052-3aa3-4b68-ab97-8811888cf4c3.txt,CSS10_fr_FR_fy_mapped_2230:2,90.0,1,1.0,1.0,5.0,CSS10_fr_FR_fy_mapped,fr,mapped,2230,0.3858417708035707,True,0.5851124270407999
1813,1990,s.00c29e03-425a-4b1c-87db-a4514908d64c.txt,CSS10_fr_FR_fy_mapped_2230:2,65.0,1,1.0,1.0,5.0,CSS10_fr_FR_fy_mapped,fr,mapped,2230,0.3858417708035707,True,0.5851124270407999
1814,1991,s.f5644dbc-e7e2-4344-938c-bfc9d305e671.txt,CSS10_fr_FR_fy_mapped_2230:2,45.0,1,3.0,2.0,5.0,CSS10_fr_FR_fy_mapped,fr,mapped,2230,0.3858417708035707,True,0.5851124270407999
1815,1992,s.254b2776-bc80-46f7-8c32-b68bb6dd8208.txt,CSS10_fr_FR_fy_mapped_2230:2,73.0,1,2.0,1.0,5.0,CSS10_fr_FR_fy_mapped,fr,mapped,2230,0.3858417708035707,True,0.5851124270407999
1816,1993,s.c593a7dd-af61-4749-a86c-b6296279101f.txt,CSS10_fr_FR_fy_mapped_2230:2,70.0,2,1.0,1.0,5.0,CSS10_fr_FR_fy_mapped,fr,mapped,2230,0.3858417708035707,True,0.5851124270407999
1817,1994,s.085ba323-efb6-4c13-9e0d-77d3187cfa62.txt,CSS10_fr_FR_fy_mapped_2230:2,38.0,2,1.0,2.0,5.0,CSS10_fr_FR_fy_mapped,fr,mapped,2230,0.3858417708035707,True,0.5851124270407999
1818,1995,s.682382c8-1dbf-4e85-9039-ae77ee34796d.txt,CSS10_fr_FR_fy_mapped_2230:2,61.0,2,3.0,1.0,5.0,CSS10_fr_FR_fy_mapped,fr,mapped,2230,0.3858417708035707,True,0.5851124270407999
1819,1996,s.d2054052-3aa3-4b68-ab97-8811888cf4c3.txt,CSS10_fr_FR_fy_separate_2230:2,60.0,1,1.0,1.0,5.0,CSS10_fr_FR_fy_separate,fr,separate,2230,0.3858417708035707,True,0.5851124270407999
1820,1997,s.00c29e03-425a-4b1c-87db-a4514908d64c.txt,CSS10_fr_FR_fy_separate_2230:2,58.0,1,1.0,1.0,5.0,CSS10_fr_FR_fy_separate,fr,separate,2230,0.3858417708035707,True,0.5851124270407999
1821,1998,s.f5644dbc-e7e2-4344-938c-bfc9d305e671.txt,CSS10_fr_FR_fy_separate_2230:2,40.0,1,3.0,2.0,5.0,CSS10_fr_FR_fy_separate,fr,separate,2230,0.3858417708035707,True,0.5851124270407999
1822,1999,s.254b2776-bc80-46f7-8c32-b68bb6dd8208.txt,CSS10_fr_FR_fy_separate_2230:2,52.0,1,2.0,1.0,5.0,CSS10_fr_FR_fy_separate,fr,separate,2230,0.3858417708035707,True,0.5851124270407999
1823,2000,s.c593a7dd-af61-4749-a86c-b6296279101f.txt,CSS10_fr_FR_fy_separate_2230:2,57.0,2,1.0,1.0,5.0,CSS10_fr_FR_fy_separate,fr,separate,2230,0.3858417708035707,True,0.5851124270407999
1824,2001,s.085ba323-efb6-4c13-9e0d-77d3187cfa62.txt,CSS10_fr_FR_fy_separate_2230:2,56.0,2,1.0,2.0,5.0,CSS10_fr_FR_fy_separate,fr,separate,2230,0.3858417708035707,True,0.5851124270407999
1825,2002,s.682382c8-1dbf-4e85-9039-ae77ee34796d.txt,CSS10_fr_FR_fy_separate_2230:2,55.0,2,3.0,1.0,5.0,CSS10_fr_FR_fy_separate,fr,separate,2230,0.3858417708035707,True,0.5851124270407999
1826,2003,s.d2054052-3aa3-4b68-ab97-8811888cf4c3.txt,CSS10_ja_fy_mapped_2230:2,50.0,1,1.0,1.0,5.0,CSS10_ja_fy_mapped,ja,mapped,2230,0.3376253301286601,False,0.5035629894508192
1827,2004,s.00c29e03-425a-4b1c-87db-a4514908d64c.txt,CSS10_ja_fy_mapped_2230:2,29.0,1,1.0,1.0,5.0,CSS10_ja_fy_mapped,ja,mapped,2230,0.3376253301286601,False,0.5035629894508192
1828,2005,s.f5644dbc-e7e2-4344-938c-bfc9d305e671.txt,CSS10_ja_fy_mapped_2230:2,10.0,1,3.0,2.0,5.0,CSS10_ja_fy_mapped,ja,mapped,2230,0.3376253301286601,False,0.5035629894508192
1829,2006,s.254b2776-bc80-46f7-8c32-b68bb6dd8208.txt,CSS10_ja_fy_mapped_2230:2,19.0,1,2.0,1.0,5.0,CSS10_ja_fy_mapped,ja,mapped,2230,0.3376253301286601,False,0.5035629894508192
1830,2007,s.c593a7dd-af61-4749-a86c-b6296279101f.txt,CSS10_ja_fy_mapped_2230:2,35.0,2,1.0,1.0,5.0,CSS10_ja_fy_mapped,ja,mapped,2230,0.3376253301286601,False,0.5035629894508192
1831,2008,s.085ba323-efb6-4c13-9e0d-77d3187cfa62.txt,CSS10_ja_fy_mapped_2230:2,53.0,2,1.0,2.0,5.0,CSS10_ja_fy_mapped,ja,mapped,2230,0.3376253301286601,False,0.5035629894508192
1832,2009,s.682382c8-1dbf-4e85-9039-ae77ee34796d.txt,CSS10_ja_fy_mapped_2230:2,44.0,2,3.0,1.0,5.0,CSS10_ja_fy_mapped,ja,mapped,2230,0.3376253301286601,False,0.5035629894508192
1833,2010,s.d2054052-3aa3-4b68-ab97-8811888cf4c3.txt,CSS10_ja_fy_separate_2230:2,78.0,1,1.0,1.0,5.0,CSS10_ja_fy_separate,ja,separate,2230,0.3376253301286601,False,0.5035629894508192
1834,2011,s.00c29e03-425a-4b1c-87db-a4514908d64c.txt,CSS10_ja_fy_separate_2230:2,65.0,1,1.0,1.0,5.0,CSS10_ja_fy_separate,ja,separate,2230,0.3376253301286601,False,0.5035629894508192
1835,2012,s.f5644dbc-e7e2-4344-938c-bfc9d305e671.txt,CSS10_ja_fy_separate_2230:2,25.0,1,3.0,2.0,5.0,CSS10_ja_fy_separate,ja,separate,2230,0.3376253301286601,False,0.5035629894508192
1836,2013,s.254b2776-bc80-46f7-8c32-b68bb6dd8208.txt,CSS10_ja_fy_separate_2230:2,52.0,1,2.0,1.0,5.0,CSS10_ja_fy_separate,ja,separate,2230,0.3376253301286601,False,0.5035629894508192
1837,2014,s.c593a7dd-af61-4749-a86c-b6296279101f.txt,CSS10_ja_fy_separate_2230:2,53.0,2,1.0,1.0,5.0,CSS10_ja_fy_separate,ja,separate,2230,0.3376253301286601,False,0.5035629894508192
1838,2015,s.085ba323-efb6-4c13-9e0d-77d3187cfa62.txt,CSS10_ja_fy_separate_2230:2,77.0,2,1.0,2.0,5.0,CSS10_ja_fy_separate,ja,separate,2230,0.3376253301286601,False,0.5035629894508192
1839,2016,s.682382c8-1dbf-4e85-9039-ae77ee34796d.txt,CSS10_ja_fy_separate_2230:2,65.0,2,3.0,1.0,5.0,CSS10_ja_fy_separate,ja,separate,2230,0.3376253301286601,False,0.5035629894508192
